phase,variant,replicate,x,seed,samples,estimate,exact,error,empirical_stderr
1,default_terminal,0,-2.0,11537907987604724902,10000,-0.8857638626800781,-0.8884494598171035,0.0026855971370254306,0.0016388485234734224
1,default_terminal,0,-1.0,11537907987604724903,10000,-0.7453312954639533,-0.7455466141264027,0.00021531866244939302,0.00103145102701454
1,default_terminal,0,0.0,11537907987604724904,10000,-0.5185770110747333,-0.5187412158785353,0.00016420480380197056,0.0006391223662474598
1,default_terminal,0,1.0,11537907987604724905,10000,-0.28270313387437607,-0.28394020618429017,0.0012370723099141001,0.00045434340925408755
1,default_terminal,0,2.0,11537907987604724906,10000,-0.1272736254122194,-0.1273050380753717,3.141266315229152e-05,0.00024923010191624733
1,jcp_uniform,0,-2.0,6751627374746993910,10000,-0.8884533968163003,-0.8884494598171035,-3.936999196763047e-06,0.0016306412893991602
1,jcp_uniform,0,-1.0,6751627374746993911,10000,-0.7460906103278734,-0.7455466141264027,-0.00054399620147072,0.0010561656159290547
1,jcp_uniform,0,0.0,6751627374746993912,10000,-0.5177980900631258,-0.5187412158785353,0.0009431258154094513,0.000657955049771699
1,jcp_uniform,0,1.0,6751627374746993913,10000,-0.28475520550536765,-0.28394020618429017,-0.0008149993210774809,0.00047220035671007764
1,jcp_uniform,0,2.0,6751627374746993914,10000,-0.12739199734324078,-0.1273050380753717,-8.695926786908559e-05,0.0002538745693219023
1,selected_uniform,0,-2.0,8231171903276574475,10000,-0.8878998230642261,-0.8884494598171035,0.0005496367528774471,0.001258724670275273
1,selected_uniform,0,-1.0,8231171903276574476,10000,-0.7451235105487664,-0.7455466141264027,0.0004231035776363079,0.0007452291179919587
1,selected_uniform,0,0.0,8231171903276574477,10000,-0.5180485973874353,-0.5187412158785353,0.0006926184911000277,0.0005630377618329063
1,selected_uniform,0,1.0,8231171903276574478,10000,-0.28359981162805187,-0.28394020618429017,0.0003403945562382993,0.00048434398113469945
1,selected_uniform,0,2.0,8231171903276574479,10000,-0.12708011786009474,-0.1273050380753717,0.0002249202152769525,0.0002667046403205791
1,default_uniform,0,-2.0,4556353871964520738,10000,-0.8871784048441975,-0.8884494598171035,0.0012710549729060272,0.0016301977595020482
1,default_uniform,0,-1.0,4556353871964520739,10000,-0.7446269423820305,-0.7455466141264027,0.0009196717443721303,0.0010421343668646215
1,default_uniform,0,0.0,4556353871964520740,10000,-0.5204671208119255,-0.5187412158785353,-0.0017259049333901988,0.000644890186667772
1,default_uniform,0,1.0,4556353871964520741,10000,-0.2838434505434877,-0.28394020618429017,9.675564080247057e-05,0.00046096025543656904
1,default_uniform,0,2.0,4556353871964520742,10000,-0.12787313104989365,-0.1273050380753717,-0.0005680929745219554,0.0002575455604361431
1,selected_terminal,0,-2.0,3413362138869992925,10000,-0.887841431365051,-0.8884494598171035,0.0006080284520525447,0.0012537175820657826
1,selected_terminal,0,-1.0,3413362138869992926,10000,-0.7453239240053773,-0.7455466141264027,0.00022269012102538177,0.0007596066023745675
1,selected_terminal,0,0.0,3413362138869992927,10000,-0.5188462239883278,-0.5187412158785353,-0.00010500810979252595,0.0005630003916876743
1,selected_terminal,0,1.0,3413362138869992928,10000,-0.2840579535286996,-0.28394020618429017,-0.00011774734440944679,0.000473418634460162
1,selected_terminal,0,2.0,3413362138869992929,10000,-0.12713859498776062,-0.1273050380753717,0.0001664430876110734,0.00026296529760416303
1,short_time_uniform,0,-2.0,6822170667810768884,10000,-0.8883810484609683,-0.8884494598171035,6.841135613522287e-05,0.0012856190421078543
1,short_time_uniform,0,-1.0,6822170667810768885,10000,-0.745014084193664,-0.7455466141264027,0.0005325299327386679,0.0008056541095337664
1,short_time_uniform,0,0.0,6822170667810768886,10000,-0.5193882817051215,-0.5187412158785353,-0.0006470658265862461,0.0005637249686234337
1,short_time_uniform,0,1.0,6822170667810768887,10000,-0.28449321278285433,-0.28394020618429017,-0.0005530065985641652,0.00047828993656412564
1,short_time_uniform,0,2.0,6822170667810768888,10000,-0.12728793080826287,-0.1273050380753717,1.7107267108823487e-05,0.00026356052625888833
1,default_uniform,1,-2.0,17500578766689321204,10000,-0.8886061455207197,-0.8884494598171035,-0.00015668570361615508,0.0015819792004575567
1,default_uniform,1,-1.0,17500578766689321205,10000,-0.7457542266284876,-0.7455466141264027,-0.00020761250208489734,0.0010509563807292203
1,default_uniform,1,0.0,17500578766689321206,10000,-0.5187386554364203,-0.5187412158785353,2.5604421149960643e-06,0.0006870170388866337
1,default_uniform,1,1.0,17500578766689321207,10000,-0.2828549369167348,-0.28394020618429017,0.0010852692675553666,0.00045763684175792794
1,default_uniform,1,2.0,17500578766689321208,10000,-0.1273536419303893,-0.1273050380753717,-4.8603855017620434e-05,0.00025411388941336
1,short_time_uniform,1,-2.0,5326974744773885209,10000,-0.8891397869366771,-0.8884494598171035,-0.0006903271195735083,0.001249322657826337
1,short_time_uniform,1,-1.0,5326974744773885210,10000,-0.7464133473081792,-0.7455466141264027,-0.0008667331817765467,0.0007537870655560673
1,short_time_uniform,1,0.0,5326974744773885211,10000,-0.5196484226387652,-0.5187412158785353,-0.0009072067602299283,0.0005722918766569635
1,short_time_uniform,1,1.0,5326974744773885212,10000,-0.283918236004377,-0.28394020618429017,2.1970179913177734e-05,0.00048755866203986365
1,short_time_uniform,1,2.0,5326974744773885213,10000,-0.12706689089886272,-0.1273050380753717,0.00023814717650896822,0.0002659623290354631
1,selected_terminal,1,-2.0,11865066414416435649,10000,-0.8886339667247714,-0.8884494598171035,-0.00018450690766780298,0.0012220953053721925
1,selected_terminal,1,-1.0,11865066414416435650,10000,-0.7454939241499198,-0.7455466141264027,5.26899764828892e-05,0.0007098912631431201
1,selected_terminal,1,0.0,11865066414416435651,10000,-0.5179253044688239,-0.5187412158785353,0.0008159114097113784,0.0005692352854528441
1,selected_terminal,1,1.0,11865066414416435652,10000,-0.2833916360052889,-0.28394020618429017,0.0005485701790012842,0.00047197213953643387
1,selected_terminal,1,2.0,11865066414416435653,10000,-0.1271745685095175,-0.1273050380753717,0.000130469565854191,0.0002658434591385951
1,selected_uniform,1,-2.0,10992762107854193988,10000,-0.889898330507698,-0.8884494598171035,-0.001448870690594406,0.0012121885918658102
1,selected_uniform,1,-1.0,10992762107854193989,10000,-0.7453289250924279,-0.7455466141264027,0.00021768903397478834,0.0007984767716021874
1,selected_uniform,1,0.0,10992762107854193990,10000,-0.5184779682348682,-0.5187412158785353,0.0002632476436670306,0.0005636624649333628
1,selected_uniform,1,1.0,10992762107854193991,10000,-0.28428219641685337,-0.28394020618429017,-0.00034199023256320515,0.0004917177769873547
1,selected_uniform,1,2.0,10992762107854193992,10000,-0.12734422542674684,-0.1273050380753717,-3.9187351375147284e-05,0.00027390573036804573
1,default_terminal,1,-2.0,2847799961754580633,10000,-0.8899451184466607,-0.8884494598171035,-0.0014956586295571395,0.001560938180671561
1,default_terminal,1,-1.0,2847799961754580634,10000,-0.7444572076060234,-0.7455466141264027,0.0010894065203792547,0.0010507553351662762
1,default_terminal,1,0.0,2847799961754580635,10000,-0.5184684999449888,-0.5187412158785353,0.0002727159335464968,0.0006507946793364777
1,default_terminal,1,1.0,2847799961754580636,10000,-0.285262639507194,-0.28394020618429017,-0.0013224333229038265,0.00046059025696846043
1,default_terminal,1,2.0,2847799961754580637,10000,-0.1270604298571733,-0.1273050380753717,0.0002446082181983833,0.00025418201396503024
1,jcp_uniform,1,-2.0,9870096510484874745,10000,-0.8887583242623034,-0.8884494598171035,-0.00030886444519984124,0.0016375694578370436
1,jcp_uniform,1,-1.0,9870096510484874746,10000,-0.7453186111038276,-0.7455466141264027,0.0002280030225750851,0.001060974607870407
1,jcp_uniform,1,0.0,9870096510484874747,10000,-0.5193725700863155,-0.5187412158785353,-0.0006313542077802659,0.0006590061756075876
1,jcp_uniform,1,1.0,9870096510484874748,10000,-0.28401455086142696,-0.28394020618429017,-7.434467713679505e-05,0.000471894190330121
1,jcp_uniform,1,2.0,9870096510484874749,10000,-0.1276378587916682,-0.1273050380753717,-0.0003328207162965058,0.0002540713046256917
1,selected_terminal,2,-2.0,914418206698813791,10000,-0.8882827532485852,-0.8884494598171035,0.00016670656851835997,0.0012328901399682318
1,selected_terminal,2,-1.0,914418206698813792,10000,-0.7465387999416568,-0.7455466141264027,-0.0009921858152541763,0.000712494038693834
1,selected_terminal,2,0.0,914418206698813793,10000,-0.5189366697578557,-0.5187412158785353,-0.00019545387932040637,0.0005656104701716318
1,selected_terminal,2,1.0,914418206698813794,10000,-0.2839812097602162,-0.28394020618429017,-4.1003575926013e-05,0.0004806015968351626
1,selected_terminal,2,2.0,914418206698813795,10000,-0.1272572421927625,-0.1273050380753717,4.7795882609197315e-05,0.00026405426353321094
1,default_uniform,2,-2.0,15873921906481183994,10000,-0.8897275418644501,-0.8884494598171035,-0.0012780820473465848,0.0015812436671667803
1,default_uniform,2,-1.0,15873921906481183995,10000,-0.7456976765331452,-0.7455466141264027,-0.00015106240674256366,0.0010348958012065656
1,default_uniform,2,0.0,15873921906481183996,10000,-0.518360486089581,-0.5187412158785353,0.00038072978895431486,0.0006465552734896956
1,default_uniform,2,1.0,15873921906481183997,10000,-0.28418330615429965,-0.28394020618429017,-0.00024309997000948602,0.0004595083210251242
1,default_uniform,2,2.0,15873921906481183998,10000,-0.12707534795722236,-0.1273050380753717,0.00022969011814932827,0.00025239952919972093
1,default_terminal,2,-2.0,4789541851280783936,10000,-0.8909011848073096,-0.8884494598171035,-0.0024517249902060723,0.0015446218244068155
1,default_terminal,2,-1.0,4789541851280783937,10000,-0.7456541562497775,-0.7455466141264027,-0.00010754212337482638,0.001024342266396864
1,default_terminal,2,0.0,4789541851280783938,10000,-0.5182799716848226,-0.5187412158785353,0.0004612441937126288,0.0006488115798847303
1,default_terminal,2,1.0,4789541851280783939,10000,-0.28360490986945697,-0.28394020618429017,0.0003352963148332,0.00045666598026364975
1,default_terminal,2,2.0,4789541851280783940,10000,-0.12725255097400326,-0.1273050380753717,5.248710136843138e-05,0.0002504818370373748
1,jcp_uniform,2,-2.0,3971474102237357161,10000,-0.8886756411196002,-0.8884494598171035,-0.00022618130249663082,0.001619886876338042
1,jcp_uniform,2,-1.0,3971474102237357162,10000,-0.7477437206393885,-0.7455466141264027,-0.0021971065129858802,0.0010168316968556124
1,jcp_uniform,2,0.0,3971474102237357163,10000,-0.5197577060865466,-0.5187412158785353,-0.0010164902080113114,0.0006609525372889806
1,jcp_uniform,2,1.0,3971474102237357164,10000,-0.2834712340242293,-0.28394020618429017,0.0004689721600608654,0.0004633153755222211
1,jcp_uniform,2,2.0,3971474102237357165,10000,-0.12728697720095142,-0.1273050380753717,1.80608744202726e-05,0.0002517600247229157
1,short_time_uniform,2,-2.0,16719733491781446152,10000,-0.8873522457693507,-0.8884494598171035,0.0010972140477528702,0.0013282391283083522
1,short_time_uniform,2,-1.0,16719733491781446153,10000,-0.7447590466427079,-0.7455466141264027,0.0007875674836947955,0.0007544638566714049
1,short_time_uniform,2,0.0,16719733491781446154,10000,-0.5194478006883119,-0.5187412158785353,-0.0007065848097765892,0.0005616172114320269
1,short_time_uniform,2,1.0,16719733491781446155,10000,-0.2840237631114426,-0.28394020618429017,-8.355692715245056e-05,0.0004719278003848967
1,short_time_uniform,2,2.0,16719733491781446156,10000,-0.127108479645569,-0.1273050380753717,0.000196558429802679,0.000261737027102751
1,selected_uniform,2,-2.0,6367744595375698999,10000,-0.8889967682884143,-0.8884494598171035,-0.0005473084713107923,0.0011997916332992082
1,selected_uniform,2,-1.0,6367744595375699000,10000,-0.7451445616706582,-0.7455466141264027,0.00040205245574442827,0.0007650754128558912
1,selected_uniform,2,0.0,6367744595375699001,10000,-0.5195028481849957,-0.5187412158785353,-0.0007616323064604247,0.000564518732717598
1,selected_uniform,2,1.0,6367744595375699002,10000,-0.28340433085562056,-0.28394020618429017,0.0005358753286696105,0.00047859511230336665
1,selected_uniform,2,2.0,6367744595375699003,10000,-0.12740515821073942,-0.1273050380753717,-0.00010012013536772613,0.0002626418740899588
1,default_terminal,3,-2.0,11400881404838285688,10000,-0.8882447532241659,-0.8884494598171035,0.00020470659293769788,0.0016021258430151467
1,default_terminal,3,-1.0,11400881404838285689,10000,-0.7458865819175524,-0.7455466141264027,-0.0003399677911497534,0.0010235498408932475
1,default_terminal,3,0.0,11400881404838285690,10000,-0.5191506019324574,-0.5187412158785353,-0.0004093860539221561,0.0006448925452521264
1,default_terminal,3,1.0,11400881404838285691,10000,-0.2842084159675627,-0.28394020618429017,-0.00026820978327252165,0.0004588413521360569
1,default_terminal,3,2.0,11400881404838285692,10000,-0.12763167593332975,-0.1273050380753717,-0.00032663785795805644,0.0002515379462636677
1,default_uniform,3,-2.0,16045475846986389516,10000,-0.8883175641020858,-0.8884494598171035,0.0001318957150177047,0.0015962602919032903
1,default_uniform,3,-1.0,16045475846986389517,10000,-0.746019928689454,-0.7455466141264027,-0.00047331456305133024,0.0010400780784601087
1,default_uniform,3,0.0,16045475846986389518,10000,-0.5196319643792287,-0.5187412158785353,-0.0008907485006933724,0.000647791358283127
1,default_uniform,3,1.0,16045475846986389519,10000,-0.2833707154931423,-0.28394020618429017,0.000569490691147867,0.000467120088259108
1,default_uniform,3,2.0,16045475846986389520,10000,-0.1272637794358202,-0.1273050380753717,4.125863955148357e-05,0.0002552238599014074
1,selected_terminal,3,-2.0,17573636858458690081,10000,-0.8893577821144558,-0.8884494598171035,-0.0009083222973522709,0.0012088064773552684
1,selected_terminal,3,-1.0,17573636858458690082,10000,-0.7445189727754105,-0.7455466141264027,0.0010276413509922033,0.0007286934241715524
1,selected_terminal,3,0.0,17573636858458690083,10000,-0.5190865774124757,-0.5187412158785353,-0.0003453615339403804,0.0005729715325207185
1,selected_terminal,3,1.0,17573636858458690084,10000,-0.28335164036536997,-0.28394020618429017,0.0005885658189201948,0.0004762200806428303
1,selected_terminal,3,2.0,17573636858458690085,10000,-0.12730556071291466,-0.1273050380753717,-5.226375429656649e-07,0.00026639902659955563
1,short_time_uniform,3,-2.0,370406986344610565,10000,-0.8869752604942649,-0.8884494598171035,0.001474199322838654,0.0013028328037712911
1,short_time_uniform,3,-1.0,370406986344610566,10000,-0.7477437956220718,-0.7455466141264027,-0.002197181495669165,0.0007192186002352207
1,short_time_uniform,3,0.0,370406986344610567,10000,-0.5190494954030969,-0.5187412158785353,-0.00030827952456158325,0.0005664106198782498
1,short_time_uniform,3,1.0,370406986344610568,10000,-0.28341172901346656,-0.28394020618429017,0.0005284771708236047,0.00047711198385319515
1,short_time_uniform,3,2.0,370406986344610569,10000,-0.12701016271140192,-0.1273050380753717,0.000294875363969771,0.0002680691469575591
1,selected_uniform,3,-2.0,10131364388558899403,10000,-0.8857875896507738,-0.8884494598171035,0.002661870166329794,0.001313618173870467
1,selected_uniform,3,-1.0,10131364388558899404,10000,-0.7451414234452179,-0.7455466141264027,0.00040519068118471946,0.0007138188082786639
1,selected_uniform,3,0.0,10131364388558899405,10000,-0.5180042611488053,-0.5187412158785353,0.0007369547297300105,0.0005654643108896238
1,selected_uniform,3,1.0,10131364388558899406,10000,-0.28339946760571993,-0.28394020618429017,0.0005407385785702323,0.0004849237433366285
1,selected_uniform,3,2.0,10131364388558899407,10000,-0.1271981930316967,-0.1273050380753717,0.00010684504367500236,0.00027790023699890523
1,jcp_uniform,3,-2.0,17293491551489369104,10000,-0.8891684248524161,-0.8884494598171035,-0.0007189650353125465,0.00160288839572638
1,jcp_uniform,3,-1.0,17293491551489369105,10000,-0.7442154253662538,-0.7455466141264027,0.001331188760148816,0.0010905536596211194
1,jcp_uniform,3,0.0,17293491551489369106,10000,-0.5183650697021467,-0.5187412158785353,0.00037614617638859205,0.0006904309192593658
1,jcp_uniform,3,1.0,17293491551489369107,10000,-0.28336064148861423,-0.28394020618429017,0.0005795646956759382,0.00046018467545568003
1,jcp_uniform,3,2.0,17293491551489369108,10000,-0.1271206303355206,-0.1273050380753717,0.0001844077398510946,0.0002548699968118191
1,default_uniform,4,-2.0,5543352475745681623,10000,-0.8890909172693106,-0.8884494598171035,-0.000641457452207006,0.0015868898651682296
1,default_uniform,4,-1.0,5543352475745681624,10000,-0.7463223496570568,-0.7455466141264027,-0.0007757355306541314,0.0010218710361573587
1,default_uniform,4,0.0,5543352475745681625,10000,-0.5177985093661808,-0.5187412158785353,0.0009427065123545075,0.000645651000645571
1,default_uniform,4,1.0,5543352475745681626,10000,-0.2832879237975068,-0.28394020618429017,0.0006522823867833871,0.0004611357783337473
1,default_uniform,4,2.0,5543352475745681627,10000,-0.12707414973640543,-0.1273050380753717,0.00023088833896625638,0.0002520867402085255
1,jcp_uniform,4,-2.0,5331880227005506220,10000,-0.8902827189747089,-0.8884494598171035,-0.0018332591576053492,0.0015762322905886097
1,jcp_uniform,4,-1.0,5331880227005506221,10000,-0.7447668384981395,-0.7455466141264027,0.0007797756282631463,0.0010851242432445834
1,jcp_uniform,4,0.0,5331880227005506222,10000,-0.5191048391993188,-0.5187412158785353,-0.000363623320783546,0.0006615290849063102
1,jcp_uniform,4,1.0,5331880227005506223,10000,-0.28287752421932527,-0.28394020618429017,0.0010626819649648955,0.00046395955626368286
1,jcp_uniform,4,2.0,5331880227005506224,10000,-0.12730385963715188,-0.1273050380753717,1.1784382198121168e-06,0.0002540804346942727
1,selected_terminal,4,-2.0,4940748901756202482,10000,-0.8887308729216092,-0.8884494598171035,-0.00028141310450569,0.001245849829652682
1,selected_terminal,4,-1.0,4940748901756202483,10000,-0.7447828787485236,-0.7455466141264027,0.0007637353778791045,0.0007574228108464516
1,selected_terminal,4,0.0,4940748901756202484,10000,-0.5176278510818381,-0.5187412158785353,0.0011133647966972138,0.0005704111668032939
1,selected_terminal,4,1.0,4940748901756202485,10000,-0.2837262816395087,-0.28394020618429017,0.00021392454478147416,0.00047262883826908815
1,selected_terminal,4,2.0,4940748901756202486,10000,-0.12712061568381955,-0.1273050380753717,0.00018442239155214146,0.00026828518123873555
1,short_time_uniform,4,-2.0,8792569696305209836,10000,-0.88689632276464,-0.8884494598171035,0.0015531370524635157,0.0013081713863591737
1,short_time_uniform,4,-1.0,8792569696305209837,10000,-0.7457220544035456,-0.7455466141264027,-0.0001754402771428909,0.0007353322005136134
1,short_time_uniform,4,0.0,8792569696305209838,10000,-0.5191384954491557,-0.5187412158785353,-0.0003972795706204124,0.0005701229481248327
1,short_time_uniform,4,1.0,8792569696305209839,10000,-0.2837152812885899,-0.28394020618429017,0.00022492489570025143,0.0004846744673114835
1,short_time_uniform,4,2.0,8792569696305209840,10000,-0.12736381087928964,-0.1273050380753717,-5.8772803917944705e-05,0.00026667697030896174
1,selected_uniform,4,-2.0,3651694813497077561,10000,-0.8890850559196526,-0.8884494598171035,-0.0006355961025490409,0.0012270439405397684
1,selected_uniform,4,-1.0,3651694813497077562,10000,-0.7449973124195938,-0.7455466141264027,0.0005493017068088912,0.0007634044154231135
1,selected_uniform,4,0.0,3651694813497077563,10000,-0.5179037785124403,-0.5187412158785353,0.0008374373660949841,0.0005662902786007102
1,selected_uniform,4,1.0,3651694813497077564,10000,-0.2835704060244806,-0.28394020618429017,0.0003698001598095857,0.00048011060657902595
1,selected_uniform,4,2.0,3651694813497077565,10000,-0.12742912505652262,-0.1273050380753717,-0.00012408698115093375,0.0002805579237166475
1,default_terminal,4,-2.0,8718914077392663045,10000,-0.8908395128017633,-0.8884494598171035,-0.002390052984659774,0.0015483591126391539
1,default_terminal,4,-1.0,8718914077392663046,10000,-0.744256585823621,-0.7455466141264027,0.0012900283027816872,0.001050205104346888
1,default_terminal,4,0.0,8718914077392663047,10000,-0.5185801329365453,-0.5187412158785353,0.0001610829419900206,0.0006473519541633579
1,default_terminal,4,1.0,8718914077392663048,10000,-0.28402671251132044,-0.28394020618429017,-8.650632703027794e-05,0.0004578531204743194
1,default_terminal,4,2.0,8718914077392663049,10000,-0.126879613753147,-0.1273050380753717,0.00042542432222469895,0.0002514764973543386
1,default_terminal,5,-2.0,6364818087869663928,10000,-0.8871792745823979,-0.8884494598171035,0.0012701852347056786,0.001635298744683933
1,default_terminal,5,-1.0,6364818087869663929,10000,-0.7432113344902345,-0.7455466141264027,0.002335279636168197,0.0011098261458690614
1,default_terminal,5,0.0,6364818087869663930,10000,-0.5182514562603306,-0.5187412158785353,0.0004897596182046327,0.0006501993352045323
1,default_terminal,5,1.0,6364818087869663931,10000,-0.2827068281445414,-0.28394020618429017,0.001233378039748767,0.0004551800122269746
1,default_terminal,5,2.0,6364818087869663932,10000,-0.12755614063139697,-0.1273050380753717,-0.0002511025560252844,0.00024672015822219925
1,jcp_uniform,5,-2.0,8605758723155624317,10000,-0.8857011881413178,-0.8884494598171035,0.0027482716757857295,0.0016811069197862627
1,jcp_uniform,5,-1.0,8605758723155624318,10000,-0.7456374377338164,-0.7455466141264027,-9.082360741374806e-05,0.0010659566408241423
1,jcp_uniform,5,0.0,8605758723155624319,10000,-0.5180254163562281,-0.5187412158785353,0.0007157995223071589,0.0006543271804382161
1,jcp_uniform,5,1.0,8605758723155624320,10000,-0.28417715385105313,-0.28394020618429017,-0.00023694766676296553,0.0004614285823667853
1,jcp_uniform,5,2.0,8605758723155624321,10000,-0.1270398443418652,-0.1273050380753717,0.00026519373350650244,0.00025119280923501875
1,short_time_uniform,5,-2.0,572365429869885925,10000,-0.8870967805995947,-0.8884494598171035,0.001352679217508812,0.0012950224976014195
1,short_time_uniform,5,-1.0,572365429869885926,10000,-0.7453130664315574,-0.7455466141264027,0.00023354769484529303,0.0007821440000631043
1,short_time_uniform,5,0.0,572365429869885927,10000,-0.5182305472647638,-0.5187412158785353,0.00051066861377147,0.0005704170836490018
1,short_time_uniform,5,1.0,572365429869885928,10000,-0.2835089617209721,-0.28394020618429017,0.0004312444633180479,0.0004783349145387572
1,short_time_uniform,5,2.0,572365429869885929,10000,-0.12766988185397762,-0.1273050380753717,-0.0003648437786059333,0.00027482071353272607
1,default_uniform,5,-2.0,16123798152799006251,10000,-0.8887752241587292,-0.8884494598171035,-0.00032576434162567836,0.001613266525949752
1,default_uniform,5,-1.0,16123798152799006252,10000,-0.7441901098098755,-0.7455466141264027,0.0013565043165271184,0.0010559804194044118
1,default_uniform,5,0.0,16123798152799006253,10000,-0.5185411067878833,-0.5187412158785353,0.00020010909065193427,0.0006530983385661038
1,default_uniform,5,1.0,16123798152799006254,10000,-0.2835423513565401,-0.28394020618429017,0.000397854827750066,0.0004627116708891871
1,default_uniform,5,2.0,16123798152799006255,10000,-0.1270728418501366,-0.1273050380753717,0.00023219622523509842,0.0002539535337288833
1,selected_terminal,5,-2.0,6416086313865154674,10000,-0.8881911885396767,-0.8884494598171035,0.00025827127742683587,0.0012522649985123597
1,selected_terminal,5,-1.0,6416086313865154675,10000,-0.745790544480781,-0.7455466141264027,-0.0002439303543783078,0.00072123030557665
1,selected_terminal,5,0.0,6416086313865154676,10000,-0.5186254399461802,-0.5187412158785353,0.00011577593235512218,0.0005642418001009553
1,selected_terminal,5,1.0,6416086313865154677,10000,-0.2839629684622374,-0.28394020618429017,-2.276227794723029e-05,0.0004751490975623588
1,selected_terminal,5,2.0,6416086313865154678,10000,-0.12719604402887835,-0.1273050380753717,0.0001089940464933381,0.0002648956812565136
1,selected_uniform,5,-2.0,12109543485690627445,10000,-0.8865648233636343,-0.8884494598171035,0.0018846364534692572,0.00128557770720081
1,selected_uniform,5,-1.0,12109543485690627446,10000,-0.7451745904082614,-0.7455466141264027,0.0003720237181412678,0.0007321042500281987
1,selected_uniform,5,0.0,12109543485690627447,10000,-0.5179718425048652,-0.5187412158785353,0.0007693733736701125,0.0005629705403900912
1,selected_uniform,5,1.0,12109543485690627448,10000,-0.2842821323506557,-0.28394020618429017,-0.00034192616636552486,0.0004804570598302324
1,selected_uniform,5,2.0,12109543485690627449,10000,-0.12739798911497754,-0.1273050380753717,-9.295103960585416e-05,0.0002703349819386932
1,default_terminal,6,-2.0,14833647761436541104,10000,-0.8865493716120638,-0.8884494598171035,0.0019000882050397294,0.0016316571980634323
1,default_terminal,6,-1.0,14833647761436541105,10000,-0.7456773134493506,-0.7455466141264027,-0.00013069932294795805,0.001040326894772451
1,default_terminal,6,0.0,14833647761436541106,10000,-0.5195709962140647,-0.5187412158785353,-0.0008297803355293842,0.0006431353567091668
1,default_terminal,6,1.0,14833647761436541107,10000,-0.2831224351895803,-0.28394020618429017,0.0008177709947098655,0.00045580929575408794
1,default_terminal,6,2.0,14833647761436541108,10000,-0.12721024169970696,-0.1273050380753717,9.479637566472965e-05,0.00024769837082496576
1,selected_uniform,6,-2.0,17683262179175026780,10000,-0.8889290498590116,-0.8884494598171035,-0.0004795900419080068,0.0012443425344198303
1,selected_uniform,6,-1.0,17683262179175026781,10000,-0.7458419264304442,-0.7455466141264027,-0.0002953123040415617,0.0007365683220536785
1,selected_uniform,6,0.0,17683262179175026782,10000,-0.5185595156360879,-0.5187412158785353,0.00018170024244734684,0.0005652675994978429
1,selected_uniform,6,1.0,17683262179175026783,10000,-0.2842277032096757,-0.28394020618429017,-0.00028749702538555244,0.0004886357880895465
1,selected_uniform,6,2.0,17683262179175026784,10000,-0.1271292022877287,-0.1273050380753717,0.00017583578764299168,0.00027159075315352424
1,selected_terminal,6,-2.0,15504767208204954227,10000,-0.8882470516619276,-0.8884494598171035,0.00020240815517591493,0.0012681700782056376
1,selected_terminal,6,-1.0,15504767208204954228,10000,-0.7464333193594782,-0.7455466141264027,-0.0008867052330755465,0.0007389972391662362
1,selected_terminal,6,0.0,15504767208204954229,10000,-0.5186470006768693,-0.5187412158785353,9.42152016659703e-05,0.0005672544257740591
1,selected_terminal,6,1.0,15504767208204954230,10000,-0.2840788492706614,-0.28394020618429017,-0.00013864308637123735,0.00048083334705208586
1,selected_terminal,6,2.0,15504767208204954231,10000,-0.12684074967485945,-0.1273050380753717,0.00046428840051224163,0.00026415277469651714
1,default_uniform,6,-2.0,6089493108489395815,10000,-0.8848370965488576,-0.8884494598171035,0.0036123632682459883,0.0016707042217481583
1,default_uniform,6,-1.0,6089493108489395816,10000,-0.7452542177191407,-0.7455466141264027,0.00029239640726197447,0.0010312666069313596
1,default_uniform,6,0.0,6089493108489395817,10000,-0.5195454803204776,-0.5187412158785353,-0.0008042644419423706,0.0006500711891930829
1,default_uniform,6,1.0,6089493108489395818,10000,-0.2843998133125722,-0.28394020618429017,-0.00045960712828202466,0.00046778088895918924
1,default_uniform,6,2.0,6089493108489395819,10000,-0.12742174793357494,-0.1273050380753717,-0.00011670985820325108,0.00025146422057396156
1,short_time_uniform,6,-2.0,2377938110694300686,10000,-0.8887568896481469,-0.8884494598171035,-0.00030742983104337096,0.0012606320010646122
1,short_time_uniform,6,-1.0,2377938110694300687,10000,-0.7455881023233687,-0.7455466141264027,-4.148819696603301e-05,0.0007166653330591444
1,short_time_uniform,6,0.0,2377938110694300688,10000,-0.5191073206097715,-0.5187412158785353,-0.00036610473123621645,0.0005645663176318667
1,short_time_uniform,6,1.0,2377938110694300689,10000,-0.2831690459464438,-0.28394020618429017,0.0007711602378463467,0.00048518666585395853
1,short_time_uniform,6,2.0,2377938110694300690,10000,-0.1271600259588443,-0.1273050380753717,0.00014501211652739876,0.0002686876966270101
1,jcp_uniform,6,-2.0,10917596102126248332,10000,-0.8850759920776425,-0.8884494598171035,0.0033734677394610113,0.0017032056558643146
1,jcp_uniform,6,-1.0,10917596102126248333,10000,-0.7448127952777964,-0.7455466141264027,0.000733818848606238,0.0010777546678746128
1,jcp_uniform,6,0.0,10917596102126248334,10000,-0.5180698446415187,-0.5187412158785353,0.0006713712370165492,0.0006642289822057253
1,jcp_uniform,6,1.0,10917596102126248335,10000,-0.2838733365100194,-0.28394020618429017,6.686967427077528e-05,0.00046049547326141096
1,jcp_uniform,6,2.0,10917596102126248336,10000,-0.12706812367372938,-0.1273050380753717,0.00023691440164230748,0.0002592886099122059
1,selected_terminal,7,-2.0,15689105766397761600,10000,-0.8882476996478686,-0.8884494598171035,0.00020176016923489914,0.0012510719999037348
1,selected_terminal,7,-1.0,15689105766397761601,10000,-0.7445904425349823,-0.7455466141264027,0.0009561715914203628,0.0007479187794295375
1,selected_terminal,7,0.0,15689105766397761602,10000,-0.5191261798512206,-0.5187412158785353,-0.0003849639726852816,0.000571892402014112
1,selected_terminal,7,1.0,15689105766397761603,10000,-0.2832178700404611,-0.28394020618429017,0.0007223361438290499,0.0004797582868259386
1,selected_terminal,7,2.0,15689105766397761604,10000,-0.12739644412447154,-0.1273050380753717,-9.14060490998514e-05,0.0002622888970532541
1,selected_uniform,7,-2.0,7541982174402000182,10000,-0.8879485510988451,-0.8884494598171035,0.0005009087182584748,0.0012977480090014398
1,selected_uniform,7,-1.0,7541982174402000183,10000,-0.7451538543232,-0.7455466141264027,0.0003927598032026358,0.0007414539917299898
1,selected_uniform,7,0.0,7541982174402000184,10000,-0.5178598775218998,-0.5187412158785353,0.0008813383566355082,0.0007672797510314838
1,selected_uniform,7,1.0,7541982174402000185,10000,-0.28438027646501807,-0.28394020618429017,-0.0004400702807279,0.0004936854140551307
1,selected_uniform,7,2.0,7541982174402000186,10000,-0.12766003367171835,-0.1273050380753717,-0.00035499559634666333,0.00026547883826573816
1,default_terminal,7,-2.0,13625448878125245305,10000,-0.8885150082980712,-0.8884494598171035,-6.554848096762544e-05,0.001588731214222864
1,default_terminal,7,-1.0,13625448878125245306,10000,-0.7466379411730755,-0.7455466141264027,-0.0010913270466728076,0.001023344917773971
1,default_terminal,7,0.0,13625448878125245307,10000,-0.518868379559617,-0.5187412158785353,-0.00012716368108167675,0.0006502564930735478
1,default_terminal,7,1.0,13625448878125245308,10000,-0.28404143406709637,-0.28394020618429017,-0.00010122788280619854,0.00046039683503466084
1,default_terminal,7,2.0,13625448878125245309,10000,-0.1272728493573511,-0.1273050380753717,3.2188718020603746e-05,0.00025252671416247497
1,short_time_uniform,7,-2.0,7424448686230376450,10000,-0.8878086376628626,-0.8884494598171035,0.0006408221542409942,0.001288689974670153
1,short_time_uniform,7,-1.0,7424448686230376451,10000,-0.7450285044561983,-0.7455466141264027,0.0005181096702043808,0.0007512934027778071
1,short_time_uniform,7,0.0,7424448686230376452,10000,-0.5184375860853982,-0.5187412158785353,0.000303629793137028,0.000567004379197407
1,short_time_uniform,7,1.0,7424448686230376453,10000,-0.28367184945931756,-0.28394020618429017,0.0002683567249726071,0.0004782608945028529
1,short_time_uniform,7,2.0,7424448686230376454,10000,-0.12737973568028305,-0.1273050380753717,-7.469760491135569e-05,0.0002695735037322853
1,default_uniform,7,-2.0,7201191751456331891,10000,-0.8892006523434666,-0.8884494598171035,-0.0007511925263630204,0.0015917095210815553
1,default_uniform,7,-1.0,7201191751456331892,10000,-0.7448497004973729,-0.7455466141264027,0.0006969136290297939,0.0010430861725996246
1,default_uniform,7,0.0,7201191751456331893,10000,-0.5177347605827655,-0.5187412158785353,0.0010064552957698147,0.0006509994297951513
1,default_uniform,7,1.0,7201191751456331894,10000,-0.2840901326667975,-0.28394020618429017,-0.0001499264825073343,0.0004606146050773139
1,default_uniform,7,2.0,7201191751456331895,10000,-0.12704481335637033,-0.1273050380753717,0.0002602247190013618,0.00024991112179206196
1,jcp_uniform,7,-2.0,2762291241698343582,10000,-0.887094270804199,-0.8884494598171035,0.0013551890129045452,0.0016387659416580934
1,jcp_uniform,7,-1.0,2762291241698343583,10000,-0.74687698433272,-0.7455466141264027,-0.0013303702063173217,0.00106563650766101
1,jcp_uniform,7,0.0,2762291241698343584,10000,-0.5192334063164114,-0.5187412158785353,-0.0004921904378760722,0.0006654413295153258
1,jcp_uniform,7,1.0,2762291241698343585,10000,-0.28331455640528874,-0.28394020618429017,0.0006256497790014248,0.0004660473621062391
1,jcp_uniform,7,2.0,2762291241698343586,10000,-0.12703391120800847,-0.1273050380753717,0.00027112686736321945,0.0002517085507447328
1,jcp_uniform,8,-2.0,10289919952691184540,10000,-0.8891450563835082,-0.8884494598171035,-0.0006955965664046104,0.0016137870261039783
1,jcp_uniform,8,-1.0,10289919952691184541,10000,-0.7451489198533457,-0.7455466141264027,0.0003976942730569144,0.0010761542104679618
1,jcp_uniform,8,0.0,10289919952691184542,10000,-0.5191371890760215,-0.5187412158785353,-0.000395973197486188,0.0006554396163197607
1,jcp_uniform,8,1.0,10289919952691184543,10000,-0.28399015735359845,-0.28394020618429017,-4.995116930828214e-05,0.0004616991353442944
1,jcp_uniform,8,2.0,10289919952691184544,10000,-0.12712880855037656,-0.1273050380753717,0.00017622952499513067,0.0002552596833642043
1,default_terminal,8,-2.0,1621392817407652320,10000,-0.8868695036683384,-0.8884494598171035,0.0015799561487651603,0.0016233673463455715
1,default_terminal,8,-1.0,1621392817407652321,10000,-0.7449996359953504,-0.7455466141264027,0.0005469781310523114,0.0010513987371746703
1,default_terminal,8,0.0,1621392817407652322,10000,-0.5192147700121049,-0.5187412158785353,-0.0004735541335696425,0.000656929385657347
1,default_terminal,8,1.0,1621392817407652323,10000,-0.2832015247972804,-0.28394020618429017,0.0007386813870097764,0.00045753450069186373
1,default_terminal,8,2.0,1621392817407652324,10000,-0.12694526701918832,-0.1273050380753717,0.00035977105618337224,0.0002470409699801637
1,default_uniform,8,-2.0,14883109881963091244,10000,-0.8888516878881549,-0.8884494598171035,-0.00040222807105139147,0.0015847832068793628
1,default_uniform,8,-1.0,14883109881963091245,10000,-0.7449073141851583,-0.7455466141264027,0.0006392999412443423,0.0010614333513732906
1,default_uniform,8,0.0,14883109881963091246,10000,-0.5185222674032567,-0.5187412158785353,0.00021894847527859085,0.0006495539798236188
1,default_uniform,8,1.0,14883109881963091247,10000,-0.2850361804756049,-0.28394020618429017,-0.0010959742913147497,0.00046703700631006527
1,default_uniform,8,2.0,14883109881963091248,10000,-0.12749184625796905,-0.1273050380753717,-0.00018680818259736442,0.0002525046734097792
1,selected_terminal,8,-2.0,1627544062638146528,10000,-0.8889870244580376,-0.8884494598171035,-0.0005375646409340185,0.0012287295359890433
1,selected_terminal,8,-1.0,1627544062638146529,10000,-0.7444861521059329,-0.7455466141264027,0.0010604620204697213,0.0007708563514600007
1,selected_terminal,8,0.0,1627544062638146530,10000,-0.5179373631192151,-0.5187412158785353,0.0008038527593201561,0.0005703586311068374
1,selected_terminal,8,1.0,1627544062638146531,10000,-0.2841814532382426,-0.28394020618429017,-0.0002412470539524536,0.0004743847322621528
1,selected_terminal,8,2.0,1627544062638146532,10000,-0.12740441660394758,-0.1273050380753717,-9.937852857588858e-05,0.00026144297802459785
1,short_time_uniform,8,-2.0,9071730262999719829,10000,-0.8870695080186178,-0.8884494598171035,0.0013799517984857124,0.0013288161007426397
1,short_time_uniform,8,-1.0,9071730262999719830,10000,-0.744841607756994,-0.7455466141264027,0.0007050063694086228,0.0007564258222361155
1,short_time_uniform,8,0.0,9071730262999719831,10000,-0.518501330080986,-0.5187412158785353,0.00023988579754929962,0.0005654391809939998
1,short_time_uniform,8,1.0,9071730262999719832,10000,-0.2839836638805913,-0.28394020618429017,-4.345769630115237e-05,0.000490061338010747
1,short_time_uniform,8,2.0,9071730262999719833,10000,-0.12738201638333715,-0.1273050380753717,-7.697830796546401e-05,0.00026550011243707403
1,selected_uniform,8,-2.0,11904000485165825383,10000,-0.8890812180452813,-0.8884494598171035,-0.0006317582281777367,0.0012176981315073845
1,selected_uniform,8,-1.0,11904000485165825384,10000,-0.7453828473691092,-0.7455466141264027,0.0001637667572934598,0.000796705269654652
1,selected_uniform,8,0.0,11904000485165825385,10000,-0.5188989547556082,-0.5187412158785353,-0.00015773887707293266,0.0005670103002952874
1,selected_uniform,8,1.0,11904000485165825386,10000,-0.2840852796445726,-0.28394020618429017,-0.00014507346028241885,0.00048290638519678654
1,selected_uniform,8,2.0,11904000485165825387,10000,-0.1273273065755051,-0.1273050380753717,-2.2268500133398872e-05,0.0002711782633240238
1,default_terminal,9,-2.0,9201164129385161606,10000,-0.8897093118566186,-0.8884494598171035,-0.0012598520395150636,0.0015630374664080896
1,default_terminal,9,-1.0,9201164129385161607,10000,-0.7458174042016938,-0.7455466141264027,-0.00027079007529118293,0.0010204611133944733
1,default_terminal,9,0.0,9201164129385161608,10000,-0.5186013722480504,-0.5187412158785353,0.00013984363048491488,0.0006500104922408278
1,default_terminal,9,1.0,9201164129385161609,10000,-0.28382308715169163,-0.28394020618429017,0.00011711903259853385,0.00045845646557570444
1,default_terminal,9,2.0,9201164129385161610,10000,-0.1276427972487924,-0.1273050380753717,-0.00033775917342071526,0.0002514957036634185
1,selected_uniform,9,-2.0,16555705939304163761,10000,-0.8876757049340078,-0.8884494598171035,0.000773754883095723,0.001220917228643062
1,selected_uniform,9,-1.0,16555705939304163762,10000,-0.7457234117704471,-0.7455466141264027,-0.0001767976440444352,0.0007525805729910689
1,selected_uniform,9,0.0,16555705939304163763,10000,-0.5184815865459559,-0.5187412158785353,0.0002596293325793919,0.0005613091603974414
1,selected_uniform,9,1.0,16555705939304163764,10000,-0.28345155229462643,-0.28394020618429017,0.0004886538896637371,0.0004787912506255303
1,selected_uniform,9,2.0,16555705939304163765,10000,-0.12737401315525934,-0.1273050380753717,-6.897507988765095e-05,0.00026595478934739126
1,short_time_uniform,9,-2.0,7137439951466797823,10000,-0.8870158308066053,-0.8884494598171035,0.0014336290104982607,0.0013018714175599593
1,short_time_uniform,9,-1.0,7137439951466797824,10000,-0.7451227972776869,-0.7455466141264027,0.0004238168487157301,0.0007641893466709678
1,short_time_uniform,9,0.0,7137439951466797825,10000,-0.5178854639185989,-0.5187412158785353,0.0008557519599363683,0.0005758122657767278
1,short_time_uniform,9,1.0,7137439951466797826,10000,-0.2842637468267747,-0.28394020618429017,-0.0003235406424845211,0.0004825669331933953
1,short_time_uniform,9,2.0,7137439951466797827,10000,-0.1274068299967388,-0.1273050380753717,-0.00010179192136711146,0.00025971052405395113
1,selected_terminal,9,-2.0,3402497500770487495,10000,-0.8896773768445652,-0.8884494598171035,-0.0012279170274616114,0.001209984053930444
1,selected_terminal,9,-1.0,3402497500770487496,10000,-0.745588759684821,-0.7455466141264027,-4.214555841830503e-05,0.0007445367148229368
1,selected_terminal,9,0.0,3402497500770487497,10000,-0.5186085362417382,-0.5187412158785353,0.00013267963679708394,0.0005680943298311696
1,selected_terminal,9,1.0,3402497500770487498,10000,-0.28415843181405037,-0.28394020618429017,-0.00021822562976020476,0.00048015998383077295
1,selected_terminal,9,2.0,3402497500770487499,10000,-0.1272935811203488,-0.1273050380753717,1.1456955022887128e-05,0.0002647264068048667
1,jcp_uniform,9,-2.0,16742002953385052448,10000,-0.8885004148052492,-0.8884494598171035,-5.0954988145668345e-05,0.0016210226462801936
1,jcp_uniform,9,-1.0,16742002953385052449,10000,-0.7451955160032534,-0.7455466141264027,0.0003510981231492627,0.001093538551763018
1,jcp_uniform,9,0.0,16742002953385052450,10000,-0.518718371437634,-0.5187412158785353,2.2844440901281793e-05,0.0006588362189956215
1,jcp_uniform,9,1.0,16742002953385052451,10000,-0.28370214158382306,-0.28394020618429017,0.00023806460046710276,0.0004644152211909881
1,jcp_uniform,9,2.0,16742002953385052452,10000,-0.1274071844759911,-0.1273050380753717,-0.00010214640061939617,0.0002543830686962607
1,default_uniform,9,-2.0,1913797341460025353,10000,-0.8851469196822623,-0.8884494598171035,0.0033025401348412142,0.0016637721185873042
1,default_uniform,9,-1.0,1913797341460025354,10000,-0.7470201568092958,-0.7455466141264027,-0.0014735426828931253,0.001029129964240732
1,default_uniform,9,0.0,1913797341460025355,10000,-0.519038145827332,-0.5187412158785353,-0.0002969299487967092,0.0006416968020317779
1,default_uniform,9,1.0,1913797341460025356,10000,-0.28398529217342455,-0.28394020618429017,-4.508598913438577e-05,0.0004785090443804814
1,default_uniform,9,2.0,1913797341460025357,10000,-0.12749367484459362,-0.1273050380753717,-0.00018863676922192818,0.00025453347011068794
1,selected_uniform,10,-2.0,10643490455935853309,10000,-0.8888495118379047,-0.8884494598171035,-0.0004000520208011782,0.0012486771240767657
1,selected_uniform,10,-1.0,10643490455935853310,10000,-0.7453708666548075,-0.7455466141264027,0.0001757474715952112,0.0007282626156357093
1,selected_uniform,10,0.0,10643490455935853311,10000,-0.5196285880731802,-0.5187412158785353,-0.0008873721946449642,0.000567630984342322
1,selected_uniform,10,1.0,10643490455935853312,10000,-0.2843511098180788,-0.28394020618429017,-0.0004109036337886507,0.0004885862593545366
1,selected_uniform,10,2.0,10643490455935853313,10000,-0.1275444966783434,-0.1273050380753717,-0.0002394586029716983,0.00027200746082013194
1,default_terminal,10,-2.0,13108807507282083642,10000,-0.8878684865415838,-0.8884494598171035,0.0005809732755197583,0.0016093533888818306
1,default_terminal,10,-1.0,13108807507282083643,10000,-0.7466880850986564,-0.7455466141264027,-0.0011414709722536998,0.0010216913927994329
1,default_terminal,10,0.0,13108807507282083644,10000,-0.5189309402948236,-0.5187412158785353,-0.00018972441628828385,0.0006359246001667282
1,default_terminal,10,1.0,13108807507282083645,10000,-0.28446042540202127,-0.28394020618429017,-0.0005202192177310994,0.0004623750364033906
1,default_terminal,10,2.0,13108807507282083646,10000,-0.1274112908359337,-0.1273050380753717,-0.00010625276056200339,0.000248113856545076
1,selected_terminal,10,-2.0,12367854131068520349,10000,-0.888088858187816,-0.8884494598171035,0.0003606016292875269,0.0012799282294857605
1,selected_terminal,10,-1.0,12367854131068520350,10000,-0.7464161914751439,-0.7455466141264027,-0.0008695773487412684,0.0007408471941997275
1,selected_terminal,10,0.0,12367854131068520351,10000,-0.5189252987258823,-0.5187412158785353,-0.0001840828473470557,0.0005669178247618015
1,selected_terminal,10,1.0,12367854131068520352,10000,-0.28346633817563127,-0.28394020618429017,0.00047386800865889533,0.0004738168723357776
1,selected_terminal,10,2.0,12367854131068520353,10000,-0.1273425283462551,-0.1273050380753717,-3.749027088340018e-05,0.0002660261787407258
1,short_time_uniform,10,-2.0,6636199944175319403,10000,-0.8874698164050434,-0.8884494598171035,0.0009796434120601383,0.001296638177807354
1,short_time_uniform,10,-1.0,6636199944175319404,10000,-0.7458983186920295,-0.7455466141264027,-0.0003517045656268314,0.0007579972783929513
1,short_time_uniform,10,0.0,6636199944175319405,10000,-0.5197648882370882,-0.5187412158785353,-0.0010236723585529406,0.0005636947622595361
1,short_time_uniform,10,1.0,6636199944175319406,10000,-0.2831640926082626,-0.28394020618429017,0.0007761135760275817,0.00047049616662271816
1,short_time_uniform,10,2.0,6636199944175319407,10000,-0.12735032771526272,-0.1273050380753717,-4.528963989103296e-05,0.0002655215303985894
1,default_uniform,10,-2.0,9644475858509173421,10000,-0.8861842202315111,-0.8884494598171035,0.002265239585592438,0.001677230865431137
1,default_uniform,10,-1.0,9644475858509173422,10000,-0.7452942521346733,-0.7455466141264027,0.00025236199172939955,0.0010498368734269347
1,default_uniform,10,0.0,9644475858509173423,10000,-0.5182413628076623,-0.5187412158785353,0.0004998530708729687,0.0006442927389764114
1,default_uniform,10,1.0,9644475858509173424,10000,-0.28408104455986943,-0.28394020618429017,-0.00014083837557926637,0.00046773610230680946
1,default_uniform,10,2.0,9644475858509173425,10000,-0.12689117093255792,-0.1273050380753717,0.000413867142813773,0.0002514201585302387
1,jcp_uniform,10,-2.0,12570436803947481232,10000,-0.8856027651577734,-0.8884494598171035,0.0028466946593301845,0.0016784581861762694
1,jcp_uniform,10,-1.0,12570436803947481233,10000,-0.7482421922442972,-0.7455466141264027,-0.0026955781178945593,0.0010374400596198372
1,jcp_uniform,10,0.0,12570436803947481234,10000,-0.519346391954103,-0.5187412158785353,-0.0006051760755677593,0.0006609843842104697
1,jcp_uniform,10,1.0,12570436803947481235,10000,-0.28336030860362654,-0.28394020618429017,0.0005798975806636242,0.00046963210157812
1,jcp_uniform,10,2.0,12570436803947481236,10000,-0.1270472548835294,-0.1273050380753717,0.00025778319184230347,0.0002525186591280024
1,selected_terminal,11,-2.0,6142433813510019732,10000,-0.8894596987869656,-0.8884494598171035,-0.0010102389698620762,0.0012263904665817578
1,selected_terminal,11,-1.0,6142433813510019733,10000,-0.745922831563969,-0.7455466141264027,-0.00037621743756632853,0.0006980627945712192
1,selected_terminal,11,0.0,6142433813510019734,10000,-0.5193412874359967,-0.5187412158785353,-0.0006000715574614457,0.0005600904521177885
1,selected_terminal,11,1.0,6142433813510019735,10000,-0.28395190782761265,-0.28394020618429017,-1.170164332248147e-05,0.00047693722173121117
1,selected_terminal,11,2.0,6142433813510019736,10000,-0.12763311219728235,-0.1273050380753717,-0.00032807412191065977,0.0002639796299015586
1,default_terminal,11,-2.0,629085295933578150,10000,-0.8844070709469021,-0.8884494598171035,0.004042388870201474,0.001682822824744038
1,default_terminal,11,-1.0,629085295933578151,10000,-0.7454596893829232,-0.7455466141264027,8.692474347948842e-05,0.0010650468845145782
1,default_terminal,11,0.0,629085295933578152,10000,-0.5189961602284731,-0.5187412158785353,-0.00025494434993778015,0.000648094794981957
1,default_terminal,11,1.0,629085295933578153,10000,-0.28400561476329483,-0.28394020618429017,-6.540857900466657e-05,0.00046061878783731783
1,default_terminal,11,2.0,629085295933578154,10000,-0.12728981558836255,-0.1273050380753717,1.5222487009136643e-05,0.00025038746371760465
1,jcp_uniform,11,-2.0,5332041672382876849,10000,-0.8903948527072938,-0.8884494598171035,-0.001945392890190245,0.0015742806071461027
1,jcp_uniform,11,-1.0,5332041672382876850,10000,-0.7451672587940901,-0.7455466141264027,0.000379355332312592,0.0010629899615924446
1,jcp_uniform,11,0.0,5332041672382876851,10000,-0.5192502726828699,-0.5187412158785353,-0.0005090568043346622,0.0006579493971720496
1,jcp_uniform,11,1.0,5332041672382876852,10000,-0.2842711584317,-0.28394020618429017,-0.00033095224740981033,0.0004667762036875758
1,jcp_uniform,11,2.0,5332041672382876853,10000,-0.12782092370859618,-0.1273050380753717,-0.0005158856332244943,0.0002541538475344673
1,default_uniform,11,-2.0,4792239771379043021,10000,-0.8893586213450573,-0.8884494598171035,-0.000909161527953728,0.0015759983746321952
1,default_uniform,11,-1.0,4792239771379043022,10000,-0.7463713077583614,-0.7455466141264027,-0.000824693631958695,0.0010527009541369092
1,default_uniform,11,0.0,4792239771379043023,10000,-0.5191578397214779,-0.5187412158785353,-0.00041662384294260946,0.0006438138651558603
1,default_uniform,11,1.0,4792239771379043024,10000,-0.2836905505971483,-0.28394020618429017,0.00024965558714185043,0.00046778591915969586
1,default_uniform,11,2.0,4792239771379043025,10000,-0.12729620146170167,-0.1273050380753717,8.836613670015758e-06,0.00025473839859103064
1,short_time_uniform,11,-2.0,8852567359160670530,10000,-0.8902193626812339,-0.8884494598171035,-0.0017699028641303682,0.0012172577482341329
1,short_time_uniform,11,-1.0,8852567359160670531,10000,-0.7454463281558535,-0.7455466141264027,0.00010028597054911881,0.0007815103355329449
1,short_time_uniform,11,0.0,8852567359160670532,10000,-0.5189559318363274,-0.5187412158785353,-0.00021471595779209984,0.0005737008113674804
1,short_time_uniform,11,1.0,8852567359160670533,10000,-0.28374688046824315,-0.28394020618429017,0.00019332571604702142,0.0004765649527771687
1,short_time_uniform,11,2.0,8852567359160670534,10000,-0.1271587578942928,-0.1273050380753717,0.0001462801810789005,0.0002647090289561612
1,selected_uniform,11,-2.0,7510547433197374542,10000,-0.8878672318358187,-0.8884494598171035,0.0005822279812848219,0.0012846122350535403
1,selected_uniform,11,-1.0,7510547433197374543,10000,-0.7451446451367907,-0.7455466141264027,0.00040196898961197824,0.0007493152449987909
1,selected_uniform,11,0.0,7510547433197374544,10000,-0.5192856767965638,-0.5187412158785353,-0.0005444609180285109,0.0005577251431598818
1,selected_uniform,11,1.0,7510547433197374545,10000,-0.2836774370591242,-0.28394020618429017,0.0002627691251659847,0.000491389899705276
1,selected_uniform,11,2.0,7510547433197374546,10000,-0.12772374203500927,-0.1273050380753717,-0.0004187039596375841,0.0002716419051766641
1,selected_uniform,12,-2.0,9206830995845356332,10000,-0.8899792200382851,-0.8884494598171035,-0.0015297602211815642,0.001206392568730235
1,selected_uniform,12,-1.0,9206830995845356333,10000,-0.7457923144992944,-0.7455466141264027,-0.00024570037289173285,0.0007548813763177795
1,selected_uniform,12,0.0,9206830995845356334,10000,-0.5191099933548259,-0.5187412158785353,-0.00036877747629060487,0.0005734201812186085
1,selected_uniform,12,1.0,9206830995845356335,10000,-0.2838943664249451,-0.28394020618429017,4.583975934507878e-05,0.0004843232642637714
1,selected_uniform,12,2.0,9206830995845356336,10000,-0.12695417669016484,-0.1273050380753717,0.0003508613852068465,0.0002708547199735474
1,jcp_uniform,12,-2.0,8247987727327765317,10000,-0.8930705289338972,-0.8884494598171035,-0.004621069116793608,0.0015297560443014832
1,jcp_uniform,12,-1.0,8247987727327765318,10000,-0.7446559774901176,-0.7455466141264027,0.0008906366362850804,0.0010636419298697215
1,jcp_uniform,12,0.0,8247987727327765319,10000,-0.518786456456769,-0.5187412158785353,-4.5240578233740614e-05,0.0006689642664623398
1,jcp_uniform,12,1.0,8247987727327765320,10000,-0.28382987669999493,-0.28394020618429017,0.00011032948429523515,0.0004702487441040465
1,jcp_uniform,12,2.0,8247987727327765321,10000,-0.12736707575321116,-0.1273050380753717,-6.203767783946601e-05,0.0002523912217004016
1,default_terminal,12,-2.0,18306351502874096238,10000,-0.8907155100913595,-0.8884494598171035,-0.0022660502742559707,0.0015374711488043036
1,default_terminal,12,-1.0,18306351502874096239,10000,-0.7455017584550254,-0.7455466141264027,4.485567137724189e-05,0.0010398695132241302
1,default_terminal,12,0.0,18306351502874096240,10000,-0.5197224056883939,-0.5187412158785353,-0.000981189809858618,0.0006412306383821393
1,default_terminal,12,1.0,18306351502874096241,10000,-0.2840645919601314,-0.28394020618429017,-0.00012438577584122923,0.0004601418584378987
1,default_terminal,12,2.0,18306351502874096242,10000,-0.12729831517929302,-0.1273050380753717,6.722896078670271e-06,0.00025134488470285847
1,selected_terminal,12,-2.0,16506372444052243730,10000,-0.8896916142816524,-0.8884494598171035,-0.0012421544645488947,0.001208383587046888
1,selected_terminal,12,-1.0,16506372444052243731,10000,-0.7456980983642231,-0.7455466141264027,-0.00015148423782040954,0.000742072928418861
1,selected_terminal,12,0.0,16506372444052243732,10000,-0.5194495725694638,-0.5187412158785353,-0.0007083566909285022,0.0005626460277564974
1,selected_terminal,12,1.0,16506372444052243733,10000,-0.2833410201118513,-0.28394020618429017,0.000599186072438862,0.0004829620304234131
1,selected_terminal,12,2.0,16506372444052243734,10000,-0.1273181064235007,-0.1273050380753717,-1.3068348129002816e-05,0.0002649613685321815
1,short_time_uniform,12,-2.0,1810104042112637990,10000,-0.887248871864556,-0.8884494598171035,0.001200587952547516,0.0012884966509680432
1,short_time_uniform,12,-1.0,1810104042112637991,10000,-0.7466449109805632,-0.7455466141264027,-0.0010982968541605187,0.0007160578521533444
1,short_time_uniform,12,0.0,1810104042112637992,10000,-0.5188990455115354,-0.5187412158785353,-0.00015782963300015052,0.0005670172266897354
1,short_time_uniform,12,1.0,1810104042112637993,10000,-0.2834863783649466,-0.28394020618429017,0.0004538278193435552,0.00047746211071104114
1,short_time_uniform,12,2.0,1810104042112637994,10000,-0.12729641656650284,-0.1273050380753717,8.621508868850158e-06,0.0002695112375776724
1,default_uniform,12,-2.0,402688514540260743,10000,-0.8882110163246165,-0.8884494598171035,0.00023844349248702823,0.0016053309828467858
1,default_uniform,12,-1.0,402688514540260744,10000,-0.7468319994800311,-0.7455466141264027,-0.001285385353628432,0.0010460910169445843
1,default_uniform,12,0.0,402688514540260745,10000,-0.518813938620844,-0.5187412158785353,-7.272274230873954e-05,0.000648944342839728
1,default_uniform,12,1.0,402688514540260746,10000,-0.28336679256056546,-0.28394020618429017,0.0005734136237247056,0.00046103896541313137
1,default_uniform,12,2.0,402688514540260747,10000,-0.12683256277839866,-0.1273050380753717,0.0004724752969730295,0.0002498775834631902
1,default_terminal,13,-2.0,17495530970767177312,10000,-0.884136651923555,-0.8884494598171035,0.004312807893548598,0.001683518463684434
1,default_terminal,13,-1.0,17495530970767177313,10000,-0.7452523150411242,-0.7455466141264027,0.00029429908527844884,0.0010453699038593036
1,default_terminal,13,0.0,17495530970767177314,10000,-0.5183853304660141,-0.5187412158785353,0.0003558854125211841,0.0006590240301193831
1,default_terminal,13,1.0,17495530970767177315,10000,-0.2836614405987585,-0.28394020618429017,0.00027876558553169284,0.00045802483264575293
1,default_terminal,13,2.0,17495530970767177316,10000,-0.12757725280473697,-0.1273050380753717,-0.00027221472936528324,0.00024972824090895035
1,jcp_uniform,13,-2.0,13528085765934775539,10000,-0.8868470634312234,-0.8884494598171035,0.0016023963858801116,0.001657028883693448
1,jcp_uniform,13,-1.0,13528085765934775540,10000,-0.7473866049138724,-0.7455466141264027,-0.0018399907874697696,0.0010464614099104498
1,jcp_uniform,13,0.0,13528085765934775541,10000,-0.5183552032796197,-0.5187412158785353,0.00038601259891557493,0.0006626200023815961
1,jcp_uniform,13,1.0,13528085765934775542,10000,-0.2835033281500029,-0.28394020618429017,0.0004368780342872691,0.00045600611665838836
1,jcp_uniform,13,2.0,13528085765934775543,10000,-0.12766536761694974,-0.1273050380753717,-0.00036032954157805275,0.0002501088997263964
1,selected_terminal,13,-2.0,176485050896165748,10000,-0.8888098089616365,-0.8884494598171035,-0.0003603491445329787,0.0012195640980530807
1,selected_terminal,13,-1.0,176485050896165749,10000,-0.7440758561832806,-0.7455466141264027,0.0014707579431220141,0.0007673276464729433
1,selected_terminal,13,0.0,176485050896165750,10000,-0.5185331075455338,-0.5187412158785353,0.00020810833300144438,0.0005588460814756218
1,selected_terminal,13,1.0,176485050896165751,10000,-0.2838794920771661,-0.28394020618429017,6.071410712404912e-05,0.00047711382249050006
1,selected_terminal,13,2.0,176485050896165752,10000,-0.1269363526332376,-0.1273050380753717,0.0003686854421340868,0.0002642087899262101
1,selected_uniform,13,-2.0,9738989769454268335,10000,-0.8904152224259128,-0.8884494598171035,-0.0019657626088092073,0.00119967267272817
1,selected_uniform,13,-1.0,9738989769454268336,10000,-0.7446598999723401,-0.7455466141264027,0.0008867141540626067,0.0007320246391988187
1,selected_uniform,13,0.0,9738989769454268337,10000,-0.5188170656677535,-0.5187412158785353,-7.584978921826302e-05,0.0005684330635084274
1,selected_uniform,13,1.0,9738989769454268338,10000,-0.28490587843952925,-0.28394020618429017,-0.0009656722552390806,0.00047447775524405274
1,selected_uniform,13,2.0,9738989769454268339,10000,-0.12753797280752774,-0.1273050380753717,-0.0002329347321560482,0.0002807620891402904
1,short_time_uniform,13,-2.0,2985584674414320941,10000,-0.8874513473093412,-0.8884494598171035,0.0009981125077623831,0.0012796109234230922
1,short_time_uniform,13,-1.0,2985584674414320942,10000,-0.7467088691258876,-0.7455466141264027,-0.0011622549994849685,0.0007190464004581115
1,short_time_uniform,13,0.0,2985584674414320943,10000,-0.5187564210739102,-0.5187412158785353,-1.520519537490106e-05,0.0005707291680836834
1,short_time_uniform,13,1.0,2985584674414320944,10000,-0.2844192497153571,-0.28394020618429017,-0.000479043531066925,0.00048325934012801423
1,short_time_uniform,13,2.0,2985584674414320945,10000,-0.12694296075308545,-0.1273050380753717,0.0003620773222862417,0.00026308727014118775
1,default_uniform,13,-2.0,144031288376428943,10000,-0.8870399577023367,-0.8884494598171035,0.0014095021147668696,0.0016113914894732946
1,default_uniform,13,-1.0,144031288376428944,10000,-0.7463683314120361,-0.7455466141264027,-0.0008217172856334054,0.0010043189492926975
1,default_uniform,13,0.0,144031288376428945,10000,-0.5181160690575294,-0.5187412158785353,0.0006251468210058952,0.0006594220327915306
1,default_uniform,13,1.0,144031288376428946,10000,-0.28428125772222584,-0.28394020618429017,-0.0003410515379356771,0.00047187874868170865
1,default_uniform,13,2.0,144031288376428947,10000,-0.12728104928092848,-0.1273050380753717,2.3988794443208228e-05,0.00025744409868730216
1,selected_terminal,14,-2.0,177938194933595512,10000,-0.887463836001508,-0.8884494598171035,0.0009856238155955266,0.0012519330006405956
1,selected_terminal,14,-1.0,177938194933595513,10000,-0.7462618983978533,-0.7455466141264027,-0.0007152842714506225,0.0007375913654489873
1,selected_terminal,14,0.0,177938194933595514,10000,-0.5173078430748276,-0.5187412158785353,0.0014333728037076998,0.0005644399976855091
1,selected_terminal,14,1.0,177938194933595515,10000,-0.28326927705205873,-0.28394020618429017,0.0006709291322314348,0.00048163104034204605
1,selected_terminal,14,2.0,177938194933595516,10000,-0.12698257039903546,-0.1273050380753717,0.00032246767633622997,0.00026207306015691226
1,default_terminal,14,-2.0,11575048988434370401,10000,-0.8900935969427446,-0.8884494598171035,-0.001644137125641043,0.0015578208795399373
1,default_terminal,14,-1.0,11575048988434370402,10000,-0.7468148726889411,-0.7455466141264027,-0.0012682585625384268,0.001034693479824966
1,default_terminal,14,0.0,11575048988434370403,10000,-0.5193026414593161,-0.5187412158785353,-0.0005614255807808721,0.0006521977571220151
1,default_terminal,14,1.0,11575048988434370404,10000,-0.28341700615082777,-0.28394020618429017,0.000523200033462401,0.00045583677498932157
1,default_terminal,14,2.0,11575048988434370405,10000,-0.12754409685836574,-0.1273050380753717,-0.00023905878299404493,0.0002494117941605891
1,default_uniform,14,-2.0,8838731975721221409,10000,-0.8883297684423421,-0.8884494598171035,0.00011969137476142144,0.0016088177981442436
1,default_uniform,14,-1.0,8838731975721221410,10000,-0.7466705856743849,-0.7455466141264027,-0.001123971547982272,0.001010780242358274
1,default_uniform,14,0.0,8838731975721221411,10000,-0.5186771436585216,-0.5187412158785353,6.407222001370005e-05,0.0006402616082779273
1,default_uniform,14,1.0,8838731975721221412,10000,-0.28329765007401675,-0.28394020618429017,0.0006425561102734179,0.00046276289257505485
1,default_uniform,14,2.0,8838731975721221413,10000,-0.12751012990786162,-0.1273050380753717,-0.00020509183248992868,0.0002520159912346893
1,selected_uniform,14,-2.0,14553237549165626039,10000,-0.8903479461893834,-0.8884494598171035,-0.0018984863722798506,0.0011923240728168292
1,selected_uniform,14,-1.0,14553237549165626040,10000,-0.7448401325127793,-0.7455466141264027,0.0007064816136234109,0.0007540210968811781
1,selected_uniform,14,0.0,14553237549165626041,10000,-0.5189889941522795,-0.5187412158785353,-0.0002477782737442258,0.0005601813974312851
1,selected_uniform,14,1.0,14553237549165626042,10000,-0.2839016140796126,-0.28394020618429017,3.859210467754837e-05,0.0004885574267111414
1,selected_uniform,14,2.0,14553237549165626043,10000,-0.12722433958186463,-0.1273050380753717,8.069849350705871e-05,0.00026156222107983875
1,jcp_uniform,14,-2.0,11860105591997684107,10000,-0.8899857522318367,-0.8884494598171035,-0.001536292414733187,0.001585315891684274
1,jcp_uniform,14,-1.0,11860105591997684108,10000,-0.7447436052303534,-0.7455466141264027,0.0008030088960492288,0.001089537051662369
1,jcp_uniform,14,0.0,11860105591997684109,10000,-0.5182436947156328,-0.5187412158785353,0.0004975211629024701,0.0006698361787256783
1,jcp_uniform,14,1.0,11860105591997684110,10000,-0.28395951824990195,-0.28394020618429017,-1.9312065611787332e-05,0.0004628477951144225
1,jcp_uniform,14,2.0,11860105591997684111,10000,-0.12746776931657142,-0.1273050380753717,-0.00016273124119972615,0.0002503150548327801
1,short_time_uniform,14,-2.0,15333147273805317259,10000,-0.8879133721524055,-0.8884494598171035,0.0005360876646980373,0.0012885698683422495
1,short_time_uniform,14,-1.0,15333147273805317260,10000,-0.7454885150868115,-0.7455466141264027,5.809903959119733e-05,0.0007588008799243012
1,short_time_uniform,14,0.0,15333147273805317261,10000,-0.5189333269851691,-0.5187412158785353,-0.00019211110663386322,0.0005809216912442233
1,short_time_uniform,14,1.0,15333147273805317262,10000,-0.2842563607221924,-0.28394020618429017,-0.0003161545379022357,0.00047680898242700255
1,short_time_uniform,14,2.0,15333147273805317263,10000,-0.1269893037283568,-0.1273050380753717,0.000315734347014901,0.00026376964453840693
1,jcp_uniform,15,-2.0,7883023574181098897,10000,-0.8873725858218641,-0.8884494598171035,0.0010768739952394801,0.0016300870517180063
1,jcp_uniform,15,-1.0,7883023574181098898,10000,-0.7467097733409198,-0.7455466141264027,-0.001163159214517151,0.0010556158177141212
1,jcp_uniform,15,0.0,7883023574181098899,10000,-0.5181798626401405,-0.5187412158785353,0.0005613532383947906,0.0006646336985005659
1,jcp_uniform,15,1.0,7883023574181098900,10000,-0.28327151163256103,-0.28394020618429017,0.0006686945517291321,0.0004606613934738644
1,jcp_uniform,15,2.0,7883023574181098901,10000,-0.1273364385221811,-0.1273050380753717,-3.140044680940979e-05,0.00025402527114519447
1,default_terminal,15,-2.0,4696185434890654733,10000,-0.8911038887723353,-0.8884494598171035,-0.0026544289552317135,0.00152814277566803
1,default_terminal,15,-1.0,4696185434890654734,10000,-0.7447405070520421,-0.7455466141264027,0.0008061070743605736,0.0010579293702323283
1,default_terminal,15,0.0,4696185434890654735,10000,-0.5188762968515979,-0.5187412158785353,-0.0001350809730625846,0.0006353668650168478
1,default_terminal,15,1.0,4696185434890654736,10000,-0.2836481179768058,-0.28394020618429017,0.0002920882074843867,0.0004573963435005835
1,default_terminal,15,2.0,4696185434890654737,10000,-0.12737849129062723,-0.1273050380753717,-7.345321525553672e-05,0.0002495274424338886
1,default_uniform,15,-2.0,16681691107364324457,10000,-0.8877299840396037,-0.8884494598171035,0.0007194757774998672,0.0016071054178178857
1,default_uniform,15,-1.0,16681691107364324458,10000,-0.7453994479848499,-0.7455466141264027,0.00014716614155274588,0.0010348205211665792
1,default_uniform,15,0.0,16681691107364324459,10000,-0.5185463858531639,-0.5187412158785353,0.00019483002537135086,0.0006535392064727935
1,default_uniform,15,1.0,16681691107364324460,10000,-0.2840695819799748,-0.28394020618429017,-0.00012937579568461643,0.0004659526766673119
1,default_uniform,15,2.0,16681691107364324461,10000,-0.1269397129132343,-0.1273050380753717,0.00036532516213738653,0.00025344048406476013
1,selected_terminal,15,-2.0,11031241106323982636,10000,-0.8877916488406161,-0.8884494598171035,0.0006578109764874274,0.0012725412342236256
1,selected_terminal,15,-1.0,11031241106323982637,10000,-0.7457268403239997,-0.7455466141264027,-0.00018022619759705538,0.0006967902963521306
1,selected_terminal,15,0.0,11031241106323982638,10000,-0.5193540399332237,-0.5187412158785353,-0.0006128240546884323,0.0005720823267894792
1,selected_terminal,15,1.0,11031241106323982639,10000,-0.2845626763121643,-0.28394020618429017,-0.0006224701278741418,0.00048233472099983845
1,selected_terminal,15,2.0,11031241106323982640,10000,-0.1276841991784491,-0.1273050380753717,-0.0003791611030773967,0.0002645776833707113
1,selected_uniform,15,-2.0,4968535460564978226,10000,-0.8878351562494956,-0.8884494598171035,0.0006143035676079434,0.0012639050546746306
1,selected_uniform,15,-1.0,4968535460564978227,10000,-0.745902644989465,-0.7455466141264027,-0.000356030863062351,0.0007229901496102248
1,selected_uniform,15,0.0,4968535460564978228,10000,-0.5191456257239784,-0.5187412158785353,-0.0004044098454430989,0.0005675696986930396
1,selected_uniform,15,1.0,4968535460564978229,10000,-0.2841177827901088,-0.28394020618429017,-0.0001775766058186301,0.000481152592804238
1,selected_uniform,15,2.0,4968535460564978230,10000,-0.12734684973654176,-0.1273050380753717,-4.181166117006585e-05,0.0002727216324317967
1,short_time_uniform,15,-2.0,9064918874616699266,10000,-0.8874378617103365,-0.8884494598171035,0.0010115981067670976,0.0013146051203109677
1,short_time_uniform,15,-1.0,9064918874616699267,10000,-0.745314986690803,-0.7455466141264027,0.00023162743559967947,0.000766144799357175
1,short_time_uniform,15,0.0,9064918874616699268,10000,-0.5191262813334608,-0.5187412158785353,-0.00038506545492555944,0.0005709776238948403
1,short_time_uniform,15,1.0,9064918874616699269,10000,-0.28340511721553663,-0.28394020618429017,0.0005350889687535387,0.0004762322656639981
1,short_time_uniform,15,2.0,9064918874616699270,10000,-0.1271145648719682,-0.1273050380753717,0.00019047320340348506,0.00026881037698751013
1,selected_terminal,16,-2.0,4031654473549124800,10000,-0.889351052716561,-0.8884494598171035,-0.0009015928994574596,0.0012221338582375399
1,selected_terminal,16,-1.0,4031654473549124801,10000,-0.7459335789550315,-0.7455466141264027,-0.0003869648286288774,0.000707340790210033
1,selected_terminal,16,0.0,4031654473549124802,10000,-0.5198369667931163,-0.5187412158785353,-0.0010957509145810285,0.0005634069995605266
1,selected_terminal,16,1.0,4031654473549124803,10000,-0.2843588229094215,-0.28394020618429017,-0.00041861672513132664,0.0004805384707386592
1,selected_terminal,16,2.0,4031654473549124804,10000,-0.12711350676678548,-0.1273050380753717,0.00019153130858620693,0.00026467456680751803
1,default_uniform,16,-2.0,4493031453853323666,10000,-0.8858826062284793,-0.8884494598171035,0.002566853588624296,0.001654418171097241
1,default_uniform,16,-1.0,4493031453853323667,10000,-0.7458322019898563,-0.7455466141264027,-0.0002855878634536735,0.0010448053081999295
1,default_uniform,16,0.0,4493031453853323668,10000,-0.5192635205979326,-0.5187412158785353,-0.000522304719397293,0.0006380386609226503
1,default_uniform,16,1.0,4493031453853323669,10000,-0.2847023482111313,-0.28394020618429017,-0.0007621420268411061,0.00045770935605421453
1,default_uniform,16,2.0,4493031453853323670,10000,-0.12723284986283173,-0.1273050380753717,7.218821253995866e-05,0.0002505459647056863
1,default_terminal,16,-2.0,9679025920603293077,10000,-0.8869144709769591,-0.8884494598171035,0.001534988840144469,0.0016273916045308175
1,default_terminal,16,-1.0,9679025920603293078,10000,-0.7468149328464865,-0.7455466141264027,-0.0012683187200838164,0.0010087909076378653
1,default_terminal,16,0.0,9679025920603293079,10000,-0.5186517511357235,-0.5187412158785353,8.946474281179562e-05,0.000650795301420063
1,default_terminal,16,1.0,9679025920603293080,10000,-0.28394093265482395,-0.28394020618429017,-7.264705337850508e-07,0.00045492335548980896
1,default_terminal,16,2.0,9679025920603293081,10000,-0.12731117422546323,-0.1273050380753717,-6.136150091540227e-06,0.00025002813311401884
1,selected_uniform,16,-2.0,3077630469156760209,10000,-0.8891242552208154,-0.8884494598171035,-0.0006747954037118475,0.0012210417713619554
1,selected_uniform,16,-1.0,3077630469156760210,10000,-0.7447576559019959,-0.7455466141264027,0.0007889582244067217,0.0007437592105854054
1,selected_uniform,16,0.0,3077630469156760211,10000,-0.5195177256703609,-0.5187412158785353,-0.0007765097918256414,0.0005690638022650168
1,selected_uniform,16,1.0,3077630469156760212,10000,-0.28333276372225447,-0.28394020618429017,0.0006074424620357011,0.0004881671028858113
1,selected_uniform,16,2.0,3077630469156760213,10000,-0.1268114643957121,-0.1273050380753717,0.0004935736796596035,0.00025983246491869137
1,short_time_uniform,16,-2.0,5615430081121931170,10000,-0.8895624775216067,-0.8884494598171035,-0.0011130177045031164,0.0012219561516098312
1,short_time_uniform,16,-1.0,5615430081121931171,10000,-0.7466181690583062,-0.7455466141264027,-0.0010715549319035844,0.0007236608500768584
1,short_time_uniform,16,0.0,5615430081121931172,10000,-0.5193040194005888,-0.5187412158785353,-0.0005628035220535121,0.0005634118721930935
1,short_time_uniform,16,1.0,5615430081121931173,10000,-0.2833673643284758,-0.28394020618429017,0.0005728418558143544,0.0004731805713811808
1,short_time_uniform,16,2.0,5615430081121931174,10000,-0.1276528934671258,-0.1273050380753717,-0.0003478553917541094,0.00027625167543496743
1,jcp_uniform,16,-2.0,3171939373646313254,10000,-0.8868227940434508,-0.8884494598171035,0.00162666577365278,0.0016609534222162263
1,jcp_uniform,16,-1.0,3171939373646313255,10000,-0.7464471136679466,-0.7455466141264027,-0.0009004995415439199,0.0010559814604410337
1,jcp_uniform,16,0.0,3171939373646313256,10000,-0.5187357899818027,-0.5187412158785353,5.425896732580426e-06,0.0006577132119615734
1,jcp_uniform,16,1.0,3171939373646313257,10000,-0.283816487074833,-0.28394020618429017,0.00012371910945718767,0.0004619055394811102
1,jcp_uniform,16,2.0,3171939373646313258,10000,-0.1273323959990918,-0.1273050380753717,-2.7357923720106037e-05,0.0002541253433975193
1,default_uniform,17,-2.0,10779581666853850176,10000,-0.8899439521097332,-0.8884494598171035,-0.0014944922926296567,0.0015598837316853102
1,default_uniform,17,-1.0,10779581666853850177,10000,-0.7440133059857084,-0.7455466141264027,0.0015333081406943005,0.0010701602484541276
1,default_uniform,17,0.0,10779581666853850178,10000,-0.5185337395926352,-0.5187412158785353,0.00020747628590012113,0.0006489349721381068
1,default_uniform,17,1.0,10779581666853850179,10000,-0.2842565686575837,-0.28394020618429017,-0.00031636247329352996,0.00046725110559513817
1,default_uniform,17,2.0,10779581666853850180,10000,-0.12740951567272418,-0.1273050380753717,-0.00010447759735249251,0.0002524261536112351
1,jcp_uniform,17,-2.0,6792133034052736424,10000,-0.8884939544859648,-0.8884494598171035,-4.44946688612502e-05,0.001626610193508628
1,jcp_uniform,17,-1.0,6792133034052736425,10000,-0.7451346417929386,-0.7455466141264027,0.00041197233346401685,0.0010878638500339606
1,jcp_uniform,17,0.0,6792133034052736426,10000,-0.5192320486723191,-0.5187412158785353,-0.0004908327937838131,0.0006595484381476273
1,jcp_uniform,17,1.0,6792133034052736427,10000,-0.2832090727372691,-0.28394020618429017,0.0007311334470210817,0.00046422284531686043
1,jcp_uniform,17,2.0,6792133034052736428,10000,-0.12686345867513008,-0.1273050380753717,0.00044157940024161513,0.00025178964511834415
1,selected_terminal,17,-2.0,7513545189197203020,10000,-0.8891196708525042,-0.8884494598171035,-0.0006702110354006585,0.0011996182742409405
1,selected_terminal,17,-1.0,7513545189197203021,10000,-0.7458601359531087,-0.7455466141264027,-0.00031352182670607576,0.0007236993508345672
1,selected_terminal,17,0.0,7513545189197203022,10000,-0.519711772665991,-0.5187412158785353,-0.000970556787455723,0.000558525037276048
1,selected_terminal,17,1.0,7513545189197203023,10000,-0.28365472230460936,-0.28394020618429017,0.00028548387968080347,0.00047175392363159053
1,selected_terminal,17,2.0,7513545189197203024,10000,-0.12730517219095797,-0.1273050380753717,-1.3411558627551834e-07,0.00026465991943372825
1,default_terminal,17,-2.0,12322646523518518974,10000,-0.888508167731683,-0.8884494598171035,-5.8707914579403386e-05,0.0016008820424296588
1,default_terminal,17,-1.0,12322646523518518975,10000,-0.7452882188855365,-0.7455466141264027,0.0002583952408661272,0.0010461331538622947
1,default_terminal,17,0.0,12322646523518518976,10000,-0.5191968711473576,-0.5187412158785353,-0.000455655268822297,0.0006593604787805149
1,default_terminal,17,1.0,12322646523518518977,10000,-0.2844332661727898,-0.28394020618429017,-0.0004930599884996334,0.000455089425310464
1,default_terminal,17,2.0,12322646523518518978,10000,-0.12771606315653863,-0.1273050380753717,-0.0004110250811669436,0.00025272179422273003
1,short_time_uniform,17,-2.0,14302114390890445199,10000,-0.8896446023031999,-0.8884494598171035,-0.0011951424860963122,0.0012424574869817843
1,short_time_uniform,17,-1.0,14302114390890445200,10000,-0.7454819345670318,-0.7455466141264027,6.467955937083936e-05,0.0007509849286563532
1,short_time_uniform,17,0.0,14302114390890445201,10000,-0.5184347542916542,-0.5187412158785353,0.0003064615868810794,0.0005673392269947346
1,short_time_uniform,17,1.0,14302114390890445202,10000,-0.28386083945838125,-0.28394020618429017,7.93667259089137e-05,0.00048163818709533635
1,short_time_uniform,17,2.0,14302114390890445203,10000,-0.12706310052369432,-0.1273050380753717,0.00024193755167736808,0.00026026203950225003
1,selected_uniform,17,-2.0,3319425021030868217,10000,-0.8883553755700694,-0.8884494598171035,9.408424703416518e-05,0.001252411271077748
1,selected_uniform,17,-1.0,3319425021030868218,10000,-0.745871644113076,-0.7455466141264027,-0.00032502998667338634,0.000711115427392969
1,selected_uniform,17,0.0,3319425021030868219,10000,-0.5183985230841172,-0.5187412158785353,0.00034269279441812017,0.0005758353744468766
1,selected_uniform,17,1.0,3319425021030868220,10000,-0.2840884930183938,-0.28394020618429017,-0.00014828683410361698,0.00047431424781559523
1,selected_uniform,17,2.0,3319425021030868221,10000,-0.12698925959043766,-0.1273050380753717,0.00031577848493402616,0.00026191442487689866
1,default_terminal,18,-2.0,11241935237051268880,10000,-0.8862694498118657,-0.8884494598171035,0.00218001000523782,0.0016429327797768186
1,default_terminal,18,-1.0,11241935237051268881,10000,-0.7430988585165014,-0.7455466141264027,0.002447755609901292,0.001092703526862211
1,default_terminal,18,0.0,11241935237051268882,10000,-0.5188092874096933,-0.5187412158785353,-6.807153115806486e-05,0.0006534948747203146
1,default_terminal,18,1.0,11241935237051268883,10000,-0.2838499174869347,-0.28394020618429017,9.028869735544509e-05,0.0004598208316977241
1,default_terminal,18,2.0,11241935237051268884,10000,-0.12731035247934927,-0.1273050380753717,-5.3144039775798735e-06,0.0002472863964643507
1,short_time_uniform,18,-2.0,629543488792800632,10000,-0.8883213144697538,-0.8884494598171035,0.0001281453473497285,0.0012700920118448
1,short_time_uniform,18,-1.0,629543488792800633,10000,-0.7452658625676811,-0.7455466141264027,0.000280751558721537,0.0007829450250403505
1,short_time_uniform,18,0.0,629543488792800634,10000,-0.5178745789038612,-0.5187412158785353,0.0008666369746740399,0.0005677523797097737
1,short_time_uniform,18,1.0,629543488792800635,10000,-0.2837852442463969,-0.28394020618429017,0.00015496193789327206,0.0004790726084325291
1,short_time_uniform,18,2.0,629543488792800636,10000,-0.12715547129914834,-0.1273050380753717,0.00014956677622335324,0.0002753336316840317
1,jcp_uniform,18,-2.0,7202864906203527473,10000,-0.8904763966734441,-0.8884494598171035,-0.0020269368563405887,0.0015851985588026894
1,jcp_uniform,18,-1.0,7202864906203527474,10000,-0.7444052278725928,-0.7455466141264027,0.001141386253809884,0.001080245968126393
1,jcp_uniform,18,0.0,7202864906203527475,10000,-0.5195231313776161,-0.5187412158785353,-0.0007819154990807986,0.000663253226248786
1,jcp_uniform,18,1.0,7202864906203527476,10000,-0.28444696398364283,-0.28394020618429017,-0.000506757799352664,0.00046856086078591425
1,jcp_uniform,18,2.0,7202864906203527477,10000,-0.12762459750911,-0.1273050380753717,-0.0003195594337383201,0.0002573820445454159
1,default_uniform,18,-2.0,1823572826454692697,10000,-0.8877869572360866,-0.8884494598171035,0.000662502581016966,0.001608523014054084
1,default_uniform,18,-1.0,1823572826454692698,10000,-0.7453823153360758,-0.7455466141264027,0.00016429879032686667,0.0010554296667159258
1,default_uniform,18,0.0,1823572826454692699,10000,-0.5196167972108595,-0.5187412158785353,-0.0008755813323242378,0.0006478204664009671
1,default_uniform,18,1.0,1823572826454692700,10000,-0.2839344044639592,-0.28394020618429017,5.801720330989024e-06,0.000470336414040424
1,default_uniform,18,2.0,1823572826454692701,10000,-0.1272587928234254,-0.1273050380753717,4.624525194629747e-05,0.00025371637743637444
1,selected_terminal,18,-2.0,126822846425270018,10000,-0.8855313985199104,-0.8884494598171035,0.0029180612971931863,0.0013127108415231315
1,selected_terminal,18,-1.0,126822846425270019,10000,-0.7452247997113007,-0.7455466141264027,0.00032181441510192865,0.0007457489933533394
1,selected_terminal,18,0.0,126822846425270020,10000,-0.5178358425203778,-0.5187412158785353,0.0009053733581574352,0.0005708985732593111
1,selected_terminal,18,1.0,126822846425270021,10000,-0.2836074623901153,-0.28394020618429017,0.0003327437941748612,0.0004735142133196271
1,selected_terminal,18,2.0,126822846425270022,10000,-0.1273423410496581,-0.1273050380753717,-3.730297428641838e-05,0.00026601799421975726
1,selected_uniform,18,-2.0,13141528949846149142,10000,-0.8896457505225531,-0.8884494598171035,-0.0011962907054495764,0.0012305692473389266
1,selected_uniform,18,-1.0,13141528949846149143,10000,-0.7444316450736387,-0.7455466141264027,0.001114969052763981,0.0010066773555398618
1,selected_uniform,18,0.0,13141528949846149144,10000,-0.5181766385762365,-0.5187412158785353,0.0005645773022987521,0.0005676083300252148
1,selected_uniform,18,1.0,13141528949846149145,10000,-0.2839575245020277,-0.28394020618429017,-1.7318317737546884e-05,0.0004803255863516485
1,selected_uniform,18,2.0,13141528949846149146,10000,-0.12683328925604134,-0.1273050380753717,0.0004717488193303476,0.00026871655511496426
1,short_time_uniform,19,-2.0,4712368474878769063,10000,-0.8879577528946764,-0.8884494598171035,0.0004917069224271708,0.0012772678741618034
1,short_time_uniform,19,-1.0,4712368474878769064,10000,-0.7436641114123906,-0.7455466141264027,0.0018825027140120243,0.0007743395269790025
1,short_time_uniform,19,0.0,4712368474878769065,10000,-0.5188463257033985,-0.5187412158785353,-0.0001051098248632254,0.0005578271897876378
1,short_time_uniform,19,1.0,4712368474878769066,10000,-0.2840231853426316,-0.28394020618429017,-8.29791583414341e-05,0.0004795915155288665
1,short_time_uniform,19,2.0,4712368474878769067,10000,-0.12734589361173249,-0.1273050380753717,-4.085553636079542e-05,0.00026978224873610196
1,default_terminal,19,-2.0,2882644052006183326,10000,-0.8891705598670755,-0.8884494598171035,-0.0007211000499719455,0.0015759891662474226
1,default_terminal,19,-1.0,2882644052006183327,10000,-0.7436712953263743,-0.7455466141264027,0.001875318800028336,0.0010752461050645814
1,default_terminal,19,0.0,2882644052006183328,10000,-0.517914269193106,-0.5187412158785353,0.000826946685429264,0.0006431355531185999
1,default_terminal,19,1.0,2882644052006183329,10000,-0.2840008291223399,-0.28394020618429017,-6.0622938049759156e-05,0.00045998720877473293
1,default_terminal,19,2.0,2882644052006183330,10000,-0.1275144349938808,-0.1273050380753717,-0.0002093969185091027,0.0002494821882003886
1,selected_terminal,19,-2.0,7238246504259606537,10000,-0.8880805800964879,-0.8884494598171035,0.00036887972061561136,0.0012561014092360306
1,selected_terminal,19,-1.0,7238246504259606538,10000,-0.7450234587391157,-0.7455466141264027,0.0005231553872869776,0.000789018627660621
1,selected_terminal,19,0.0,7238246504259606539,10000,-0.5195123053653974,-0.5187412158785353,-0.0007710894868621088,0.0005618613661110368
1,selected_terminal,19,1.0,7238246504259606540,10000,-0.2839464077596819,-0.28394020618429017,-6.2015753917177285e-06,0.0004708187079380103
1,selected_terminal,19,2.0,7238246504259606541,10000,-0.12748910785012904,-0.1273050380753717,-0.00018406977475735053,0.0002654983526551683
1,jcp_uniform,19,-2.0,13266459737862873817,10000,-0.8865442894564941,-0.8884494598171035,0.0019051703606094428,0.0016486815865894577
1,jcp_uniform,19,-1.0,13266459737862873818,10000,-0.7460200341887568,-0.7455466141264027,-0.00047342006235417955,0.0010402496556546962
1,jcp_uniform,19,0.0,13266459737862873819,10000,-0.5178614932541817,-0.5187412158785353,0.0008797226243535405,0.0006676160241711639
1,jcp_uniform,19,1.0,13266459737862873820,10000,-0.2841785755862963,-0.28394020618429017,-0.00023836940200611112,0.0004691265708628836
1,jcp_uniform,19,2.0,13266459737862873821,10000,-0.12696461724017494,-0.1273050380753717,0.00034042083519675304,0.00025495591854377014
1,default_uniform,19,-2.0,13347982516369009313,10000,-0.8877604169291687,-0.8884494598171035,0.0006890428879348098,0.0016062315110732224
1,default_uniform,19,-1.0,13347982516369009314,10000,-0.7452818166977643,-0.7455466141264027,0.00026479742863838585,0.0010483377399677582
1,default_uniform,19,0.0,13347982516369009315,10000,-0.5183885600486652,-0.5187412158785353,0.0003526558298700966,0.0006459777674220698
1,default_uniform,19,1.0,13347982516369009316,10000,-0.28451082636725766,-0.28394020618429017,-0.0005706201829674962,0.00046562255915909637
1,default_uniform,19,2.0,13347982516369009317,10000,-0.1274493736877069,-0.1273050380753717,-0.00014433561233520575,0.0002513251868319944
1,selected_uniform,19,-2.0,3632568290213195873,10000,-0.8849130128702671,-0.8884494598171035,0.0035364469468364135,0.001292231650808097
1,selected_uniform,19,-1.0,3632568290213195874,10000,-0.7454023634927512,-0.7455466141264027,0.00014425063365142154,0.0007327705887903997
1,selected_uniform,19,0.0,3632568290213195875,10000,-0.5188007924834644,-0.5187412158785353,-5.957660492916794e-05,0.0005612944312390187
1,selected_uniform,19,1.0,3632568290213195876,10000,-0.2846433232541119,-0.28394020618429017,-0.0007031170698217348,0.0004937014846949684
1,selected_uniform,19,2.0,3632568290213195877,10000,-0.1271336756015321,-0.1273050380753717,0.00017136247383958692,0.00026906672346416535
2,default_terminal,0,-2.0,17828472822204796050,20776,-0.8875408387390672,-0.8884494598171035,0.0009086210780363535,0.0011131696267544268
2,default_terminal,0,-1.0,17828472822204796051,20776,-0.7454782345287083,-0.7455466141264027,6.837959769434576e-05,0.0007092272018312095
2,default_terminal,0,0.0,17828472822204796052,20776,-0.5182983183299754,-0.5187412158785353,0.00044289754855986185,0.0004520633570518532
2,default_terminal,0,1.0,17828472822204796053,20776,-0.28403748665522244,-0.28394020618429017,-9.728047093227055e-05,0.0003191158215173125
2,default_terminal,0,2.0,17828472822204796054,20776,-0.12739315134889986,-0.1273050380753717,-8.811327352817311e-05,0.0001742559037975507
2,selected_uniform,0,-2.0,15387559484460647766,12618,-0.8895148233953111,-0.8884494598171035,-0.0010653635782075233,0.0010731913946366767
2,selected_uniform,0,-1.0,15387559484460647767,12618,-0.7454248163016263,-0.7455466141264027,0.0001217978247763929,0.0006464380434322185
2,selected_uniform,0,0.0,15387559484460647768,12618,-0.518412346004512,-0.5187412158785353,0.0003288698740232521,0.0005050944082826073
2,selected_uniform,0,1.0,15387559484460647769,12618,-0.28376398963000043,-0.28394020618429017,0.00017621655428973204,0.0004277142442351747
2,selected_uniform,0,2.0,15387559484460647770,12618,-0.12753092869199636,-0.1273050380753717,-0.00022589061662467436,0.00024406550129549748
2,short_time_uniform,0,-2.0,13038595056059811940,21901,-0.889815472244961,-0.8884494598171035,-0.0013660124278574992,0.0008348892073127494
2,short_time_uniform,0,-1.0,13038595056059811941,21901,-0.7461738572187103,-0.7455466141264027,-0.0006272430923076611,0.0005099601374329434
2,short_time_uniform,0,0.0,13038595056059811942,21901,-0.5188390006624968,-0.5187412158785353,-9.778478396149648e-05,0.0003838388639630937
2,short_time_uniform,0,1.0,13038595056059811943,21901,-0.28413584797021263,-0.28394020618429017,-0.0001956417859224624,0.0003243031701562845
2,short_time_uniform,0,2.0,13038595056059811944,21901,-0.1271216179480511,-0.1273050380753717,0.0001834201273205882,0.00018012044955241575
2,jcp_uniform,0,-2.0,4151654038412222049,21796,-0.8869461315061579,-0.8884494598171035,0.001503328310945684,0.0011218451083897006
2,jcp_uniform,0,-1.0,4151654038412222050,21796,-0.745616574613306,-0.7455466141264027,-6.996048690333101e-05,0.0007133918789080798
2,jcp_uniform,0,0.0,4151654038412222051,21796,-0.5189473887714271,-0.5187412158785353,-0.0002061728928918205,0.0004391045666157752
2,jcp_uniform,0,1.0,4151654038412222052,21796,-0.2836007430514273,-0.28394020618429017,0.00033946313286287166,0.0003120443293525636
2,jcp_uniform,0,2.0,4151654038412222053,21796,-0.12689831371624094,-0.1273050380753717,0.0004067243591307501,0.00017022722565249274
2,default_uniform,0,-2.0,8518357180065201245,21242,-0.8887545188892634,-0.8884494598171035,-0.0003050590721598301,0.0010935815113819803
2,default_uniform,0,-1.0,8518357180065201246,21242,-0.7466576905325888,-0.7455466141264027,-0.001111076406186129,0.0006911984388674819
2,default_uniform,0,0.0,8518357180065201247,21242,-0.5182824961595822,-0.5187412158785353,0.0004587197189530601,0.0004486303676561858
2,default_uniform,0,1.0,8518357180065201248,21242,-0.2840524108440869,-0.28394020618429017,-0.0001122046597967219,0.00031853315924046925
2,default_uniform,0,2.0,8518357180065201249,21242,-0.12726225402306968,-0.1273050380753717,4.2784052302013986e-05,0.00017376224710547602
2,selected_terminal,0,-2.0,8024181787388695690,10000,-0.888419032958625,-0.8884494598171035,3.042685847853832e-05,0.0012548145887243203
2,selected_terminal,0,-1.0,8024181787388695691,10000,-0.7458103990050169,-0.7455466141264027,-0.00026378487861422606,0.0006889502082877366
2,selected_terminal,0,0.0,8024181787388695692,10000,-0.5178727181710463,-0.5187412158785353,0.0008684977074889799,0.0005747652696828644
2,selected_terminal,0,1.0,8024181787388695693,10000,-0.28387600063077895,-0.28394020618429017,6.42055535112207e-05,0.00047446723484723124
2,selected_terminal,0,2.0,8024181787388695694,10000,-0.12719042367282724,-0.1273050380753717,0.0001146144025444551,0.00026699806098973676
2,selected_uniform,1,-2.0,5493105456081503277,12618,-0.8892134129014172,-0.8884494598171035,-0.000763953084313651,0.0011025494301119532
2,selected_uniform,1,-1.0,5493105456081503278,12618,-0.745494712372769,-0.7455466141264027,5.190175363367633e-05,0.000637369532808128
2,selected_uniform,1,0.0,5493105456081503279,12618,-0.5182205262473646,-0.5187412158785353,0.0005206896311706899,0.0005012176347960935
2,selected_uniform,1,1.0,5493105456081503280,12618,-0.2845214272601005,-0.28394020618429017,-0.0005812210758103231,0.00044459243577984055
2,selected_uniform,1,2.0,5493105456081503281,12618,-0.12758805627440967,-0.1273050380753717,-0.00028301819903797654,0.00023798457981194905
2,selected_terminal,1,-2.0,3451278315275216604,10000,-0.8888388148297494,-0.8884494598171035,-0.00038935501264580896,0.0012207920575771534
2,selected_terminal,1,-1.0,3451278315275216605,10000,-0.7466203372815511,-0.7455466141264027,-0.0010737231551484205,0.0007199371739697229
2,selected_terminal,1,0.0,3451278315275216606,10000,-0.5192043705529984,-0.5187412158785353,-0.00046315467446311764,0.0005683705362362417
2,selected_terminal,1,1.0,3451278315275216607,10000,-0.28438227510950287,-0.28394020618429017,-0.0004420689252127019,0.0004797866035458045
2,selected_terminal,1,2.0,3451278315275216608,10000,-0.12756330528507084,-0.1273050380753717,-0.0002582672096991534,0.0002587431297227712
2,jcp_uniform,1,-2.0,14699898527213272602,21796,-0.888436444512837,-0.8884494598171035,1.30153042665615e-05,0.00110151173684817
2,jcp_uniform,1,-1.0,14699898527213272603,21796,-0.7457066360913108,-0.7455466141264027,-0.00016002196490816356,0.0007231762081250572
2,jcp_uniform,1,0.0,14699898527213272604,21796,-0.5190202563284657,-0.5187412158785353,-0.0002790404499304344,0.00044413944185502964
2,jcp_uniform,1,1.0,14699898527213272605,21796,-0.2833119381981232,-0.28394020618429017,0.0006282679861669416,0.0003108538061576408
2,jcp_uniform,1,2.0,14699898527213272606,21796,-0.1274545873627961,-0.1273050380753717,-0.00014954928742441642,0.00017215658263397836
2,default_uniform,1,-2.0,795094707894076344,21242,-0.8884101117997586,-0.8884494598171035,3.934801734495341e-05,0.0010965299047773606
2,default_uniform,1,-1.0,795094707894076345,21242,-0.7453445180804876,-0.7455466141264027,0.0002020960459150345,0.0007100887208915239
2,default_uniform,1,0.0,795094707894076346,21242,-0.5188806030303096,-0.5187412158785353,-0.00013938715177430616,0.00044359447149761554
2,default_uniform,1,1.0,795094707894076347,21242,-0.2840121454551829,-0.28394020618429017,-7.193927089271801e-05,0.00031811652366204386
2,default_uniform,1,2.0,795094707894076348,21242,-0.12748791426241782,-0.1273050380753717,-0.00018287618704612707,0.00017458251689001904
2,short_time_uniform,1,-2.0,13110767446720452955,21901,-0.8883349254645407,-0.8884494598171035,0.00011453435256281175,0.0008523623353743279
2,short_time_uniform,1,-1.0,13110767446720452956,21901,-0.7460747200097582,-0.7455466141264027,-0.0005281058833555008,0.0004926115761136322
2,short_time_uniform,1,0.0,13110767446720452957,21901,-0.518928012897747,-0.5187412158785353,-0.00018679701921175962,0.0003843119087225779
2,short_time_uniform,1,1.0,13110767446720452958,21901,-0.2844510742708513,-0.28394020618429017,-0.0005108680865611448,0.00032044062046797465
2,short_time_uniform,1,2.0,13110767446720452959,21901,-0.1273354118531905,-0.1273050380753717,-3.0373777818809566e-05,0.0001814921460032646
2,default_terminal,1,-2.0,16453411306280515178,20776,-0.888161684614038,-0.8884494598171035,0.0002877752030655545,0.001109889391467083
2,default_terminal,1,-1.0,16453411306280515179,20776,-0.7437730539429241,-0.7455466141264027,0.0017735601834785175,0.0007364005958232276
2,default_terminal,1,0.0,16453411306280515180,20776,-0.5181457783376592,-0.5187412158785353,0.0005954375408760981,0.0004477264091619296
2,default_terminal,1,1.0,16453411306280515181,20776,-0.284526950556749,-0.28394020618429017,-0.0005867443724588139,0.00032176104709384016
2,default_terminal,1,2.0,16453411306280515182,20776,-0.1274766183829931,-0.1273050380753717,-0.00017158030762140508,0.00017370786860121057
2,short_time_uniform,2,-2.0,3875456932238371366,21901,-0.8865835426546137,-0.8884494598171035,0.0018659171624898496,0.000876608082372869
2,short_time_uniform,2,-1.0,3875456932238371367,21901,-0.7458511588299781,-0.7455466141264027,-0.00030454470357543784,0.0005019880316258768
2,short_time_uniform,2,0.0,3875456932238371368,21901,-0.5189858400454125,-0.5187412158785353,-0.00024462416687720534,0.00038135194022806716
2,short_time_uniform,2,1.0,3875456932238371369,21901,-0.283160701243916,-0.28394020618429017,0.0007795049403741539,0.0003232611568362274
2,short_time_uniform,2,2.0,3875456932238371370,21901,-0.12734022036933462,-0.1273050380753717,-3.518229396293204e-05,0.0001784470950382627
2,selected_uniform,2,-2.0,12234647694484427431,12618,-0.8884824585121435,-0.8884494598171035,-3.299869503992081e-05,0.0011025409863647698
2,selected_uniform,2,-1.0,12234647694484427432,12618,-0.7456472319097431,-0.7455466141264027,-0.00010061778334047311,0.0006551396152451822
2,selected_uniform,2,0.0,12234647694484427433,12618,-0.5182345056097665,-0.5187412158785353,0.0005067102687688063,0.000504352576975743
2,selected_uniform,2,1.0,12234647694484427434,12618,-0.2844926077343068,-0.28394020618429017,-0.0005524015500166235,0.00043877069133033434
2,selected_uniform,2,2.0,12234647694484427435,12618,-0.12755209130021833,-0.1273050380753717,-0.0002470532248466384,0.00024593853459910973
2,jcp_uniform,2,-2.0,2478944585108403815,21796,-0.8872885053471705,-0.8884494598171035,0.0011609544699330288,0.0011151312750868126
2,jcp_uniform,2,-1.0,2478944585108403816,21796,-0.7449529352971229,-0.7455466141264027,0.0005936788292797424,0.000742960954447515
2,jcp_uniform,2,0.0,2478944585108403817,21796,-0.5190315230910857,-0.5187412158785353,-0.00029030721255041136,0.00044875235585586665
2,jcp_uniform,2,1.0,2478944585108403818,21796,-0.2839514713776187,-0.28394020618429017,-1.126519332855791e-05,0.0003168227544170197
2,jcp_uniform,2,2.0,2478944585108403819,21796,-0.12732004580067038,-0.1273050380753717,-1.5007725298693542e-05,0.0001717976445957854
2,default_uniform,2,-2.0,2747175422053353860,21242,-0.8903408187681332,-0.8884494598171035,-0.0018913589510296536,0.0010651564583984466
2,default_uniform,2,-1.0,2747175422053353861,21242,-0.7461612933702675,-0.7455466141264027,-0.0006146792438648241,0.0006954722894260413
2,default_uniform,2,0.0,2747175422053353862,21242,-0.5189317701239334,-0.5187412158785353,-0.00019055424539815569,0.0004471252535613318
2,default_uniform,2,1.0,2747175422053353863,21242,-0.2839749671843444,-0.28394020618429017,-3.4761000054228663e-05,0.00032142871505513567
2,default_uniform,2,2.0,2747175422053353864,21242,-0.12740781381551303,-0.1273050380753717,-0.0001027757401413365,0.00017463992351666864
2,selected_terminal,2,-2.0,2658488205568871590,10000,-0.8857697674541134,-0.8884494598171035,0.0026796923629901492,0.0012920137818205962
2,selected_terminal,2,-1.0,2658488205568871591,10000,-0.7461160635986313,-0.7455466141264027,-0.0005694494722285892,0.0007094664379949161
2,selected_terminal,2,0.0,2658488205568871592,10000,-0.5188065608338981,-0.5187412158785353,-6.53449553628116e-05,0.0005628255675414669
2,selected_terminal,2,1.0,2658488205568871593,10000,-0.2846870543362996,-0.28394020618429017,-0.0007468481520094272,0.0004743112591289642
2,selected_terminal,2,2.0,2658488205568871594,10000,-0.12759537347593086,-0.1273050380753717,-0.00029033540055917184,0.0002682318213617077
2,default_terminal,2,-2.0,12019635315190216138,20776,-0.8907261320171236,-0.8884494598171035,-0.0022766722000200357,0.0010664382917385763
2,default_terminal,2,-1.0,12019635315190216139,20776,-0.7447999605510273,-0.7455466141264027,0.0007466535753754,0.0007291082900851354
2,default_terminal,2,0.0,12019635315190216140,20776,-0.5191927108863348,-0.5187412158785353,-0.00045149500779950724,0.0004475966837109569
2,default_terminal,2,1.0,12019635315190216141,20776,-0.2839185499104218,-0.28394020618429017,2.165627386835345e-05,0.00031848740237095275
2,default_terminal,2,2.0,12019635315190216142,20776,-0.12718946706909534,-0.1273050380753717,0.00011557100627634931,0.0001740153225392411
2,default_terminal,3,-2.0,7381383221679353716,20776,-0.8894509673190504,-0.8884494598171035,-0.00100150750194683,0.0010888125665966216
2,default_terminal,3,-1.0,7381383221679353717,20776,-0.7447430535577422,-0.7455466141264027,0.0008035605686604885,0.0007395662022990788
2,default_terminal,3,0.0,7381383221679353718,20776,-0.517892419365571,-0.5187412158785353,0.0008487965129643227,0.0004518672157696838
2,default_terminal,3,1.0,7381383221679353719,20776,-0.28411597031612584,-0.28394020618429017,-0.00017576413183567619,0.0003209613028606808
2,default_terminal,3,2.0,7381383221679353720,20776,-0.12774718166873858,-0.1273050380753717,-0.00044214359336688935,0.00017442172373212256
2,selected_terminal,3,-2.0,17417633758506867974,10000,-0.8889152596298078,-0.8884494598171035,-0.0004657998127042262,0.0012178414123007997
2,selected_terminal,3,-1.0,17417633758506867975,10000,-0.7461715183927771,-0.7455466141264027,-0.0006249042663744042,0.0007583999637305136
2,selected_terminal,3,0.0,17417633758506867976,10000,-0.5180564539315878,-0.5187412158785353,0.0006847619469474431,0.0005696126279360524
2,selected_terminal,3,1.0,17417633758506867977,10000,-0.2846326057492081,-0.28394020618429017,-0.000692399564917956,0.00048459221180566356
2,selected_terminal,3,2.0,17417633758506867978,10000,-0.1273239923095377,-0.1273050380753717,-1.895423416600761e-05,0.0002671042237346831
2,default_uniform,3,-2.0,5499500620227878537,21242,-0.8882629168733556,-0.8884494598171035,0.00018654294374798042,0.0010950493927401603
2,default_uniform,3,-1.0,5499500620227878538,21242,-0.7452648011430665,-0.7455466141264027,0.00028181298333618265,0.0007207546208808403
2,default_uniform,3,0.0,5499500620227878539,21242,-0.5198448355103343,-0.5187412158785353,-0.0011036196317990576,0.0004457486682395589
2,default_uniform,3,1.0,5499500620227878540,21242,-0.28389264669537695,-0.28394020618429017,4.755948891321804e-05,0.0003189942266726854
2,default_uniform,3,2.0,5499500620227878541,21242,-0.12730865433368185,-0.1273050380753717,-3.6162583101628787e-06,0.00017421190358666067
2,selected_uniform,3,-2.0,4388075534416363599,12618,-0.8882635520747536,-0.8884494598171035,0.00018590774234994445,0.0011132291040130465
2,selected_uniform,3,-1.0,4388075534416363600,12618,-0.7448618022643252,-0.7455466141264027,0.0006848118620774724,0.0006427564941354714
2,selected_uniform,3,0.0,4388075534416363601,12618,-0.5196300140932951,-0.5187412158785353,-0.000888798214759845,0.000506371567618155
2,selected_uniform,3,1.0,4388075534416363602,12618,-0.2841133955728048,-0.28394020618429017,-0.0001731893885146274,0.00042455826059802684
2,selected_uniform,3,2.0,4388075534416363603,12618,-0.12740830714553175,-0.1273050380753717,-0.00010326907016006137,0.00023701391953862594
2,jcp_uniform,3,-2.0,5090385509383129671,21796,-0.8892937249349119,-0.8884494598171035,-0.0008442651178083294,0.001092899853709104
2,jcp_uniform,3,-1.0,5090385509383129672,21796,-0.7444321339179472,-0.7455466141264027,0.0011144802084555039,0.0007260001739550874
2,jcp_uniform,3,0.0,5090385509383129673,21796,-0.5185794818911086,-0.5187412158785353,0.0001617339874266932,0.0004456969815410192
2,jcp_uniform,3,1.0,5090385509383129674,21796,-0.2841943796142516,-0.28394020618429017,-0.000254173429961424,0.00031489863425759933
2,jcp_uniform,3,2.0,5090385509383129675,21796,-0.12720152094782242,-0.1273050380753717,0.00010351712754927411,0.00017130372658176677
2,short_time_uniform,3,-2.0,8078960133787935298,21901,-0.8884948813448235,-0.8884494598171035,-4.542152771991326e-05,0.0008702432258652574
2,short_time_uniform,3,-1.0,8078960133787935299,21901,-0.7458303710552809,-0.7455466141264027,-0.00028375692887827597,0.000498003414001733
2,short_time_uniform,3,0.0,8078960133787935300,21901,-0.5194246537152079,-0.5187412158785353,-0.0006834378366725735,0.0003828004620458527
2,short_time_uniform,3,1.0,8078960133787935301,21901,-0.28404599890092574,-0.28394020618429017,-0.00010579271663557765,0.0003283647974806254
2,short_time_uniform,3,2.0,8078960133787935302,21901,-0.12701039102505252,-0.1273050380753717,0.0002946470503191745,0.0001790273097998374
2,default_uniform,4,-2.0,10373682185264295749,21242,-0.8872910290782423,-0.8884494598171035,0.001158430738861238,0.0011129544079275223
2,default_uniform,4,-1.0,10373682185264295750,21242,-0.7449633972541828,-0.7455466141264027,0.0005832168722198494,0.0007187859797361724
2,default_uniform,4,0.0,10373682185264295751,21242,-0.5192908375827016,-0.5187412158785353,-0.000549621704166281,0.00044868749732314243
2,default_uniform,4,1.0,10373682185264295752,21242,-0.28422965640348985,-0.28394020618429017,-0.00028945021919968283,0.0003173912363558361
2,default_uniform,4,2.0,10373682185264295753,21242,-0.12739803944205555,-0.1273050380753717,-9.300136668385917e-05,0.0001724599458988877
2,default_terminal,4,-2.0,4540179387933908898,20776,-0.8890785882836386,-0.8884494598171035,-0.0006291284665350672,0.001092490163695079
2,default_terminal,4,-1.0,4540179387933908899,20776,-0.7438097518293604,-0.7455466141264027,0.0017368622970422853,0.0007409689458083235
2,default_terminal,4,0.0,4540179387933908900,20776,-0.517891898527818,-0.5187412158785353,0.0008493173507172491,0.0004569282141173015
2,default_terminal,4,1.0,4540179387933908901,20776,-0.2839831924970422,-0.28394020618429017,-4.298631275201359e-05,0.0003207149281088267
2,default_terminal,4,2.0,4540179387933908902,20776,-0.12733871078689624,-0.1273050380753717,-3.3672711524546095e-05,0.00017397104414592962
2,short_time_uniform,4,-2.0,1857261780412149222,21901,-0.8878325742434429,-0.8884494598171035,0.000616885573660686,0.0008778047683274255
2,short_time_uniform,4,-1.0,1857261780412149223,21901,-0.7449336817530441,-0.7455466141264027,0.0006129323733585768,0.0005265175567417429
2,short_time_uniform,4,0.0,1857261780412149224,21901,-0.5191587647107069,-0.5187412158785353,-0.0004175488321715992,0.00038453426411278434
2,short_time_uniform,4,1.0,1857261780412149225,21901,-0.28436520703306506,-0.28394020618429017,-0.0004250008487748924,0.0003250938184441106
2,short_time_uniform,4,2.0,1857261780412149226,21901,-0.12745282938389127,-0.1273050380753717,-0.00014779130851957922,0.00017959510125391988
2,selected_terminal,4,-2.0,1483071124049697265,10000,-0.8866919220984906,-0.8884494598171035,0.0017575377186129781,0.001295073009887674
2,selected_terminal,4,-1.0,1483071124049697266,10000,-0.7460543920392317,-0.7455466141264027,-0.0005077779128290771,0.0007069658942553512
2,selected_terminal,4,0.0,1483071124049697267,10000,-0.5182891832802444,-0.5187412158785353,0.0004520325982908524,0.0005707826818912993
2,selected_terminal,4,1.0,1483071124049697268,10000,-0.2846981801565269,-0.28394020618429017,-0.0007579739722367584,0.00047829615100718236
2,selected_terminal,4,2.0,1483071124049697269,10000,-0.1271484680164773,-0.1273050380753717,0.00015657005889438413,0.0002616588732244059
2,selected_uniform,4,-2.0,15416254116934208996,12618,-0.8889509162724805,-0.8884494598171035,-0.0005014564553769141,0.0010930921777312292
2,selected_uniform,4,-1.0,15416254116934208997,12618,-0.7446951742471105,-0.7455466141264027,0.0008514398792921485,0.0006811545014510758
2,selected_uniform,4,0.0,15416254116934208998,12618,-0.5196588638855956,-0.5187412158785353,-0.0009176480070602899,0.0005017370560586588
2,selected_uniform,4,1.0,15416254116934208999,12618,-0.2836803572725749,-0.28394020618429017,0.0002598489117152658,0.00043289236807668706
2,selected_uniform,4,2.0,15416254116934209000,12618,-0.1272875624381392,-0.1273050380753717,1.7475637232478025e-05,0.00024039069732051502
2,jcp_uniform,4,-2.0,14907931003521616469,21796,-0.8884134240996551,-0.8884494598171035,3.603571744847933e-05,0.001097280893206832
2,jcp_uniform,4,-1.0,14907931003521616470,21796,-0.7447944635752495,-0.7455466141264027,0.0007521505511531856,0.0007356899434204136
2,jcp_uniform,4,0.0,14907931003521616471,21796,-0.5180719457098676,-0.5187412158785353,0.0006692701686676905,0.0004617796497321422
2,jcp_uniform,4,1.0,14907931003521616472,21796,-0.2838584533194824,-0.28394020618429017,8.175286480777144e-05,0.0003173234830600119
2,jcp_uniform,4,2.0,14907931003521616473,21796,-0.12763960965344245,-0.1273050380753717,-0.00033457157807076365,0.00017286746575937136
2,default_uniform,5,-2.0,4080166017736895252,21242,-0.8882532271210591,-0.8884494598171035,0.00019623269604440718,0.00110271312018174
2,default_uniform,5,-1.0,4080166017736895253,21242,-0.7466658997147949,-0.7455466141264027,-0.0011192855883922492,0.0006946457176555071
2,default_uniform,5,0.0,4080166017736895254,21242,-0.5189007829739709,-0.5187412158785353,-0.00015956709543563097,0.00044281249739254355
2,default_uniform,5,1.0,4080166017736895255,21242,-0.28363924169629234,-0.28394020618429017,0.0003009644879978235,0.0003222163817474981
2,default_uniform,5,2.0,4080166017736895256,21242,-0.127249742865894,-0.1273050380753717,5.529520947769595e-05,0.00017443320480952447
2,selected_terminal,5,-2.0,9141239344402212759,10000,-0.8881146670096097,-0.8884494598171035,0.00033479280749382223,0.0012463392045588542
2,selected_terminal,5,-1.0,9141239344402212760,10000,-0.7456443214918755,-0.7455466141264027,-9.770736547287662e-05,0.000708957004742584
2,selected_terminal,5,0.0,9141239344402212761,10000,-0.518313197986525,-0.5187412158785353,0.0004280178920103017,0.000560112659008666
2,selected_terminal,5,1.0,9141239344402212762,10000,-0.2844453750841336,-0.28394020618429017,-0.0005051688998434223,0.00047637299531456197
2,selected_terminal,5,2.0,9141239344402212763,10000,-0.12741471050359088,-0.1273050380753717,-0.00010967242821918743,0.00026313689349689943
2,default_terminal,5,-2.0,11229346350033806008,20776,-0.887846145151267,-0.8884494598171035,0.0006033146658365185,0.001115785611143105
2,default_terminal,5,-1.0,11229346350033806009,20776,-0.7460395422207209,-0.7455466141264027,-0.0004929280943182235,0.000709609445245197
2,default_terminal,5,0.0,11229346350033806010,20776,-0.5191222268753363,-0.5187412158785353,-0.00038101099680099004,0.0004541655013825033
2,default_terminal,5,1.0,11229346350033806011,20776,-0.2842173475138142,-0.28394020618429017,-0.00027714132952405546,0.00031844618065820173
2,default_terminal,5,2.0,11229346350033806012,20776,-0.1274411989858291,-0.1273050380753717,-0.0001361609104574002,0.00017365682799895104
2,selected_uniform,5,-2.0,8498339102291452262,12618,-0.8865806978265792,-0.8884494598171035,0.0018687619905243258,0.0011671586126486976
2,selected_uniform,5,-1.0,8498339102291452263,12618,-0.7448656859966729,-0.7455466141264027,0.000680928129729752,0.0006393858883213098
2,selected_uniform,5,0.0,8498339102291452264,12618,-0.5185999571778203,-0.5187412158785353,0.000141258700715019,0.0005055371190724507
2,selected_uniform,5,1.0,8498339102291452265,12618,-0.2836194781691171,-0.28394020618429017,0.00032072801517307736,0.0004303903255248396
2,selected_uniform,5,2.0,8498339102291452266,12618,-0.12693304389590976,-0.1273050380753717,0.0003719941794619319,0.000241995887457375
2,jcp_uniform,5,-2.0,3493807279260555582,21796,-0.8879300405601559,-0.8884494598171035,0.0005194192569476508,0.001110854265705073
2,jcp_uniform,5,-1.0,3493807279260555583,21796,-0.746271903065419,-0.7455466141264027,-0.0007252889390163553,0.0007110894476805555
2,jcp_uniform,5,0.0,3493807279260555584,21796,-0.5190702640404125,-0.5187412158785353,-0.0003290481618771768,0.0004453560023822363
2,jcp_uniform,5,1.0,3493807279260555585,21796,-0.284019799657806,-0.28394020618429017,-7.959347351582657e-05,0.00031730738944274397
2,jcp_uniform,5,2.0,3493807279260555586,21796,-0.12722317384780565,-0.1273050380753717,8.18642275660364e-05,0.00017465827240037543
2,short_time_uniform,5,-2.0,6405010399208853254,21901,-0.8885845750675855,-0.8884494598171035,-0.00013511525048193196,0.0008651106538064239
2,short_time_uniform,5,-1.0,6405010399208853255,21901,-0.7454213554197355,-0.7455466141264027,0.00012525870666713068,0.000521060021074739
2,short_time_uniform,5,0.0,6405010399208853256,21901,-0.5187807128973672,-0.5187412158785353,-3.949701883187995e-05,0.00038543426935350476
2,short_time_uniform,5,1.0,6405010399208853257,21901,-0.2837748009419808,-0.28394020618429017,0.0001654052423093466,0.00032632871928399025
2,short_time_uniform,5,2.0,6405010399208853258,21901,-0.127116927714203,-0.1273050380753717,0.0001881103611686974,0.00018063551469663078
2,jcp_uniform,6,-2.0,7781369061364276292,21796,-0.8879589735838942,-0.8884494598171035,0.0004904862332093529,0.0011091475983612906
2,jcp_uniform,6,-1.0,7781369061364276293,21796,-0.7445113472733105,-0.7455466141264027,0.0010352668530921871,0.0007300403540561319
2,jcp_uniform,6,0.0,7781369061364276294,21796,-0.5182393305740463,-0.5187412158785353,0.0005018853044890248,0.00044668207442573966
2,jcp_uniform,6,1.0,7781369061364276295,21796,-0.28406584687357117,-0.28394020618429017,-0.00012564068928100358,0.0003149207493874263
2,jcp_uniform,6,2.0,7781369061364276296,21796,-0.126959315055077,-0.1273050380753717,0.0003457230202947026,0.0001719069653001096
2,default_uniform,6,-2.0,10032371199221363645,21242,-0.8868545149412603,-0.8884494598171035,0.0015949448758432183,0.001126058080835547
2,default_uniform,6,-1.0,10032371199221363646,21242,-0.7448045845025681,-0.7455466141264027,0.000742029623834517,0.0007146407520576584
2,default_uniform,6,0.0,10032371199221363647,21242,-0.5180573522712619,-0.5187412158785353,0.0006838636072733495,0.00046129825231653546
2,default_uniform,6,1.0,10032371199221363648,21242,-0.2836779903502079,-0.28394020618429017,0.0002622158340822578,0.00032035712486253547
2,default_uniform,6,2.0,10032371199221363649,21242,-0.12713279337558314,-0.1273050380753717,0.0001722446997885485,0.00017238078145324738
2,selected_terminal,6,-2.0,13528145714134072981,10000,-0.8877271740698348,-0.8884494598171035,0.0007222857472687361,0.00127355929718011
2,selected_terminal,6,-1.0,13528145714134072982,10000,-0.7465179938844524,-0.7455466141264027,-0.0009713797580497285,0.0007110223195467557
2,selected_terminal,6,0.0,13528145714134072983,10000,-0.518469617810285,-0.5187412158785353,0.0002715980682502783,0.0005718579372847601
2,selected_terminal,6,1.0,13528145714134072984,10000,-0.2841138784450259,-0.28394020618429017,-0.0001736722607357244,0.0004797724950629963
2,selected_terminal,6,2.0,13528145714134072985,10000,-0.12769063904973363,-0.1273050380753717,-0.0003856009743619382,0.0002645941244840596
2,default_terminal,6,-2.0,167153746881963736,20776,-0.8880144354464717,-0.8884494598171035,0.0004350243706318091,0.0011133791369903492
2,default_terminal,6,-1.0,167153746881963737,20776,-0.7454418146816691,-0.7455466141264027,0.00010479944473351654,0.0007231999617784067
2,default_terminal,6,0.0,167153746881963738,20776,-0.5193515937486342,-0.5187412158785353,-0.0006103778700988771,0.00044800524053912786
2,default_terminal,6,1.0,167153746881963739,20776,-0.28426888816273876,-0.28394020618429017,-0.00032868197844859726,0.00031787469468363283
2,default_terminal,6,2.0,167153746881963740,20776,-0.12732154421235325,-0.1273050380753717,-1.6506136981564445e-05,0.00017536818468173078
2,selected_uniform,6,-2.0,15349260087651511224,12618,-0.8880522953388944,-0.8884494598171035,0.00039716447820914436,0.001124625982984191
2,selected_uniform,6,-1.0,15349260087651511225,12618,-0.7454731394433429,-0.7455466141264027,7.34746830597377e-05,0.0006908425122884403
2,selected_uniform,6,0.0,15349260087651511226,12618,-0.5175413439517335,-0.5187412158785353,0.001199871926801821,0.0005073656137350159
2,selected_uniform,6,1.0,15349260087651511227,12618,-0.2837776051124075,-0.28394020618429017,0.00016260107188265094,0.00042713506693035176
2,selected_uniform,6,2.0,15349260087651511228,12618,-0.1269203264755911,-0.1273050380753717,0.0003847115997805961,0.0002387616886991532
2,short_time_uniform,6,-2.0,14899970377865965978,21901,-0.8885863724239036,-0.8884494598171035,-0.0001369126068000437,0.0008530045331048438
2,short_time_uniform,6,-1.0,14899970377865965979,21901,-0.744693854775529,-0.7455466141264027,0.0008527593508736997,0.000518001400751786
2,short_time_uniform,6,0.0,14899970377865965980,21901,-0.5187391941508946,-0.5187412158785353,2.021727640633131e-06,0.0003827836695037255
2,short_time_uniform,6,1.0,14899970377865965981,21901,-0.28335155945550633,-0.28394020618429017,0.0005886467287838371,0.0003171751085012824
2,short_time_uniform,6,2.0,14899970377865965982,21901,-0.1276793657667631,-0.1273050380753717,-0.0003743276913913962,0.00018038604019856612
2,default_terminal,7,-2.0,17572327148433829838,20776,-0.889385490383613,-0.8884494598171035,-0.0009360305665094826,0.0010933485865016997
2,default_terminal,7,-1.0,17572327148433829839,20776,-0.7440249051165871,-0.7455466141264027,0.0015217090098155195,0.0007250454719441994
2,default_terminal,7,0.0,17572327148433829840,20776,-0.518292934451226,-0.5187412158785353,0.00044828142730923837,0.00044720418824563217
2,default_terminal,7,1.0,17572327148433829841,20776,-0.28396395980026923,-0.28394020618429017,-2.3753615979060783e-05,0.0003166997333978426
2,default_terminal,7,2.0,17572327148433829842,20776,-0.12736177240927937,-0.1273050380753717,-5.673433390768201e-05,0.00017326041590334985
2,selected_uniform,7,-2.0,9640523982822157613,12618,-0.8889235668127152,-0.8884494598171035,-0.00047410699561167835,0.001083951658931998
2,selected_uniform,7,-1.0,9640523982822157614,12618,-0.7450363262039795,-0.7455466141264027,0.000510287922423136,0.000663921380205507
2,selected_uniform,7,0.0,9640523982822157615,12618,-0.5191157472515778,-0.5187412158785353,-0.0003745313730425526,0.0005157971541779093
2,selected_uniform,7,1.0,9640523982822157616,12618,-0.28392900494720236,-0.28394020618429017,1.1201237087810068e-05,0.00043325256588958114
2,selected_uniform,7,2.0,9640523982822157617,12618,-0.1272231481629008,-0.1273050380753717,8.188991247087829e-05,0.00023396133341752634
2,jcp_uniform,7,-2.0,8127850751225180922,21796,-0.8877232641304751,-0.8884494598171035,0.0007261956866284613,0.0011059010326242764
2,jcp_uniform,7,-1.0,8127850751225180923,21796,-0.7441532469764607,-0.7455466141264027,0.001393367149941982,0.0007409940734755721
2,jcp_uniform,7,0.0,8127850751225180924,21796,-0.5189028246865759,-0.5187412158785353,-0.00016160880804061417,0.0004619195382202445
2,jcp_uniform,7,1.0,8127850751225180925,21796,-0.28438642877474446,-0.28394020618429017,-0.0004462225904542927,0.0003166613602554247
2,jcp_uniform,7,2.0,8127850751225180926,21796,-0.12716718382575973,-0.1273050380753717,0.0001378542496119628,0.00017052535232433319
2,short_time_uniform,7,-2.0,4070374947578909159,21901,-0.8884801727462571,-0.8884494598171035,-3.071292915357571e-05,0.0008501437501228006
2,short_time_uniform,7,-1.0,4070374947578909160,21901,-0.7456728522653904,-0.7455466141264027,-0.00012623813898771097,0.0005198845783887948
2,short_time_uniform,7,0.0,4070374947578909161,21901,-0.5189436002974941,-0.5187412158785353,-0.00020238441895881198,0.00038078773896268146
2,short_time_uniform,7,1.0,4070374947578909162,21901,-0.2836219492502561,-0.28394020618429017,0.00031825693403408906,0.0003244656239900605
2,short_time_uniform,7,2.0,4070374947578909163,21901,-0.12720637889543,-0.1273050380753717,9.865917994170137e-05,0.00018052581939559788
2,selected_terminal,7,-2.0,1019473026539767354,10000,-0.8899367859651102,-0.8884494598171035,-0.001487326148006618,0.0011908750747135195
2,selected_terminal,7,-1.0,1019473026539767355,10000,-0.7457280970369687,-0.7455466141264027,-0.00018148291056607757,0.0007430776649716742
2,selected_terminal,7,0.0,1019473026539767356,10000,-0.5180606842178217,-0.5187412158785353,0.0006805316607135792,0.0005658230844763613
2,selected_terminal,7,1.0,1019473026539767357,10000,-0.2833901339503328,-0.28394020618429017,0.000550072233957366,0.0004765781807069862
2,selected_terminal,7,2.0,1019473026539767358,10000,-0.12671308998887743,-0.1273050380753717,0.000591948086494265,0.00026575418337669435
2,default_uniform,7,-2.0,7849084973100791841,21242,-0.8884859913131513,-0.8884494598171035,-3.653149604776473e-05,0.0010991281972673329
2,default_uniform,7,-1.0,7849084973100791842,21242,-0.7453255038150138,-0.7455466141264027,0.00022111031138882797,0.0007030475083134164
2,default_uniform,7,0.0,7849084973100791843,21242,-0.5181734316984788,-0.5187412158785353,0.0005677841800564298,0.0004443414882715007
2,default_uniform,7,1.0,7849084973100791844,21242,-0.2840730200730089,-0.28394020618429017,-0.00013281388871871913,0.000316916410968963
2,default_uniform,7,2.0,7849084973100791845,21242,-0.12767822846704321,-0.1273050380753717,-0.000373190391671524,0.00017268753416020674
2,short_time_uniform,8,-2.0,4796315874879585553,21901,-0.8884947682357146,-0.8884494598171035,-4.530841861105639e-05,0.0008560357867848405
2,short_time_uniform,8,-1.0,4796315874879585554,21901,-0.7460185609365692,-0.7455466141264027,-0.0004719468101664903,0.00048578757342420065
2,short_time_uniform,8,0.0,4796315874879585555,21901,-0.5190314894353848,-0.5187412158785353,-0.0002902735568495185,0.0003845485920108275
2,short_time_uniform,8,1.0,4796315874879585556,21901,-0.2837435720285262,-0.28394020618429017,0.00019663415576398613,0.0003206416784522318
2,short_time_uniform,8,2.0,4796315874879585557,21901,-0.1272333050582421,-0.1273050380753717,7.173301712959379e-05,0.00018012171731170677
2,default_terminal,8,-2.0,12552259512827487862,20776,-0.8870488847437803,-0.8884494598171035,0.0014005750733232514,0.0011236026906361837
2,default_terminal,8,-1.0,12552259512827487863,20776,-0.7456128817738966,-0.7455466141264027,-6.626764749395608e-05,0.00073455963919148
2,default_terminal,8,0.0,12552259512827487864,20776,-0.5183538780423416,-0.5187412158785353,0.000387337836193713,0.0004583782257719109
2,default_terminal,8,1.0,12552259512827487865,20776,-0.283948074015778,-0.28394020618429017,-7.867831487817778e-06,0.00032052547241428423
2,default_terminal,8,2.0,12552259512827487866,20776,-0.12704703242745136,-0.1273050380753717,0.0002580056479203341,0.00017317692165356608
2,default_uniform,8,-2.0,8516922505812288400,21242,-0.8872294761841371,-0.8884494598171035,0.0012199836329664926,0.0011112437300209125
2,default_uniform,8,-1.0,8516922505812288401,21242,-0.7460364353257367,-0.7455466141264027,-0.0004898211993340507,0.0007040706055294161
2,default_uniform,8,0.0,8516922505812288402,21242,-0.518914609176014,-0.5187412158785353,-0.0001733932974786745,0.0004469728122929885
2,default_uniform,8,1.0,8516922505812288403,21242,-0.2837034893638754,-0.28394020618429017,0.00023671682041476183,0.0003199961391395968
2,default_uniform,8,2.0,8516922505812288404,21242,-0.1271557434890983,-0.1273050380753717,0.0001492945862733852,0.0001744578167879839
2,selected_terminal,8,-2.0,3329642121392507781,10000,-0.8906843637171914,-0.8884494598171035,-0.002234903900087848,0.0011767586679954432
2,selected_terminal,8,-1.0,3329642121392507782,10000,-0.745597146822348,-0.7455466141264027,-5.053269594534893e-05,0.0007505416556752547
2,selected_terminal,8,0.0,3329642121392507783,10000,-0.5185629192120527,-0.5187412158785353,0.00017829666648261355,0.0005622043663027947
2,selected_terminal,8,1.0,3329642121392507784,10000,-0.2845095341862493,-0.28394020618429017,-0.0005693280019591351,0.00048424409117321535
2,selected_terminal,8,2.0,3329642121392507785,10000,-0.12705646643443694,-0.1273050380753717,0.0002485716409347527,0.0002621300657184981
2,jcp_uniform,8,-2.0,16178321329400000810,21796,-0.8892877450681159,-0.8884494598171035,-0.0008382852510123717,0.001091502156164947
2,jcp_uniform,8,-1.0,16178321329400000811,21796,-0.7463194777773816,-0.7455466141264027,-0.0007728636509789499,0.0007233688664580092
2,jcp_uniform,8,0.0,16178321329400000812,21796,-0.5193784351386106,-0.5187412158785353,-0.0006372192600753168,0.0004464418857534707
2,jcp_uniform,8,1.0,16178321329400000813,21796,-0.28467356880005046,-0.28394020618429017,-0.0007333626157602913,0.0003154203814487497
2,jcp_uniform,8,2.0,16178321329400000814,21796,-0.12690345296821995,-0.1273050380753717,0.0004015851071517418,0.00016951841196854463
2,selected_uniform,8,-2.0,7574734208620755226,12618,-0.8888652759079729,-0.8884494598171035,-0.00041581609086938087,0.0010683992955882451
2,selected_uniform,8,-1.0,7574734208620755227,12618,-0.7453325504985359,-0.7455466141264027,0.00021406362786680067,0.0006891878549212633
2,selected_uniform,8,0.0,7574734208620755228,12618,-0.5182609240325565,-0.5187412158785353,0.0004802918459787531,0.0005051533346489263
2,selected_uniform,8,1.0,7574734208620755229,12618,-0.28353921430680057,-0.28394020618429017,0.0004009918774895982,0.0004217514951900093
2,selected_uniform,8,2.0,7574734208620755230,12618,-0.12681756982479386,-0.1273050380753717,0.00048746825057782717,0.00023576107213886925
2,selected_uniform,9,-2.0,12136628125112526220,12618,-0.886900983364339,-0.8884494598171035,0.001548476452764569,0.0011268387612406489
2,selected_uniform,9,-1.0,12136628125112526221,12618,-0.7457798438646728,-0.7455466141264027,-0.00023322973827011317,0.000663645884713125
2,selected_uniform,9,0.0,12136628125112526222,12618,-0.5192922563836193,-0.5187412158785353,-0.0005510405050840328,0.0005119856764426121
2,selected_uniform,9,1.0,12136628125112526223,12618,-0.28362304868158256,-0.28394020618429017,0.0003171575027076101,0.00042519562165326517
2,selected_uniform,9,2.0,12136628125112526224,12618,-0.1274565861060105,-0.1273050380753717,-0.0001515480306387984,0.00023570577150437537
2,default_uniform,9,-2.0,15761158571647099936,21242,-0.8890995493825109,-0.8884494598171035,-0.0006500895654073524,0.0010820140475820785
2,default_uniform,9,-1.0,15761158571647099937,21242,-0.7452030764185426,-0.7455466141264027,0.00034353770786010873,0.0007196553715330319
2,default_uniform,9,0.0,15761158571647099938,21242,-0.517542413910874,-0.5187412158785353,0.0011988019676613115,0.0004440389998590309
2,default_uniform,9,1.0,15761158571647099939,21242,-0.28367570678666254,-0.28394020618429017,0.00026449939762762664,0.00031793519480267956
2,default_uniform,9,2.0,15761158571647099940,21242,-0.1272207449886911,-0.1273050380753717,8.429308668059243e-05,0.00017486248216395464
2,jcp_uniform,9,-2.0,7794891513499224408,21796,-0.8898969192176662,-0.8884494598171035,-0.0014474594005626784,0.0010916897509325699
2,jcp_uniform,9,-1.0,7794891513499224409,21796,-0.7443808883517785,-0.7455466141264027,0.001165725774624149,0.0007427031346535107
2,jcp_uniform,9,0.0,7794891513499224410,21796,-0.5192252482625119,-0.5187412158785353,-0.0004840323839766514,0.00044752646223797924
2,jcp_uniform,9,1.0,7794891513499224411,21796,-0.28432539507212096,-0.28394020618429017,-0.00038518888783078964,0.0003180346257761985
2,jcp_uniform,9,2.0,7794891513499224412,21796,-0.12728267501323978,-0.1273050380753717,2.2363062131908196e-05,0.00017099358262687614
2,selected_terminal,9,-2.0,1552057835115936408,10000,-0.8898621599670631,-0.8884494598171035,-0.0014127001499595337,0.0012046275220389017
2,selected_terminal,9,-1.0,1552057835115936409,10000,-0.7452875591572238,-0.7455466141264027,0.0002590549691788846,0.0007350182108665768
2,selected_terminal,9,0.0,1552057835115936410,10000,-0.5189763884998214,-0.5187412158785353,-0.00023517262128613936,0.0005707433766136932
2,selected_terminal,9,1.0,1552057835115936411,10000,-0.2843141493188392,-0.28394020618429017,-0.0003739431345490263,0.0004753040374034536
2,selected_terminal,9,2.0,1552057835115936412,10000,-0.12717223278736078,-0.1273050380753717,0.00013280528801090652,0.0002637227967763663
2,short_time_uniform,9,-2.0,5752709923921891264,21901,-0.8882702787502237,-0.8884494598171035,0.00017918106687986324,0.0008599234453889587
2,short_time_uniform,9,-1.0,5752709923921891265,21901,-0.7449049981852509,-0.7455466141264027,0.0006416159411517519,0.0005159542175889566
2,short_time_uniform,9,0.0,5752709923921891266,21901,-0.5188422289188562,-0.5187412158785353,-0.00010101304032095193,0.00038407922712580824
2,short_time_uniform,9,1.0,5752709923921891267,21901,-0.2840538110442855,-0.28394020618429017,-0.00011360485999534209,0.0003215469348057476
2,short_time_uniform,9,2.0,5752709923921891268,21901,-0.12726842101421582,-0.1273050380753717,3.661706115587471e-05,0.00017933754057066108
2,default_terminal,9,-2.0,9714617920026514694,20776,-0.8891206888328524,-0.8884494598171035,-0.0006712290157488976,0.001093662738784955
2,default_terminal,9,-1.0,9714617920026514695,20776,-0.7450879230082357,-0.7455466141264027,0.00045869111816698727,0.000722433069798294
2,default_terminal,9,0.0,9714617920026514696,20776,-0.518795706659849,-0.5187412158785353,-5.4490781313698555e-05,0.00045727257251189493
2,default_terminal,9,1.0,9714617920026514697,20776,-0.2840605707322502,-0.28394020618429017,-0.00012036454796005014,0.0003188524803500462
2,default_terminal,9,2.0,9714617920026514698,20776,-0.12720404039848152,-0.1273050380753717,0.00010099767689017436,0.00017397141043179262
2,selected_terminal,10,-2.0,13696528398346124082,10000,-0.8893731187107229,-0.8884494598171035,-0.0009236588936193391,0.0012197846852954263
2,selected_terminal,10,-1.0,13696528398346124083,10000,-0.7444956766859916,-0.7455466141264027,0.0010509374404110705,0.0007249047255871166
2,selected_terminal,10,0.0,13696528398346124084,10000,-0.517935121220948,-0.5187412158785353,0.0008060946575872974,0.0005697446535436801
2,selected_terminal,10,1.0,13696528398346124085,10000,-0.28342107045999965,-0.28394020618429017,0.0005191357242905204,0.00047869116049455076
2,selected_terminal,10,2.0,13696528398346124086,10000,-0.1273546021295198,-0.1273050380753717,-4.956405414810461e-05,0.000262192622501265
2,short_time_uniform,10,-2.0,10117000277191208808,21901,-0.8888213932059637,-0.8884494598171035,-0.00037193338886010174,0.0008558192835310877
2,short_time_uniform,10,-1.0,10117000277191208809,21901,-0.746197612525096,-0.7455466141264027,-0.0006509983986933143,0.0005074027140126136
2,short_time_uniform,10,0.0,10117000277191208810,21901,-0.5184104419780884,-0.5187412158785353,0.00033077390044689015,0.0003844373681672312
2,short_time_uniform,10,1.0,10117000277191208811,21901,-0.284198388625367,-0.28394020618429017,-0.0002581824410768374,0.0003337383984820129
2,short_time_uniform,10,2.0,10117000277191208812,21901,-0.1274066492374867,-0.1273050380753717,-0.0001016111621150173,0.00018332416317773742
2,jcp_uniform,10,-2.0,6473678050302521763,21796,-0.8872140068572693,-0.8884494598171035,0.0012354529598342934,0.0011261064466201321
2,jcp_uniform,10,-1.0,6473678050302521764,21796,-0.7452727835027945,-0.7455466141264027,0.00027383062360819554,0.000729985237086876
2,jcp_uniform,10,0.0,6473678050302521765,21796,-0.5184890044922115,-0.5187412158785353,0.00025221138632380846,0.00044875010828869874
2,jcp_uniform,10,1.0,6473678050302521766,21796,-0.2840098642796445,-0.28394020618429017,-6.9658095354308e-05,0.0003137287013700196
2,jcp_uniform,10,2.0,6473678050302521767,21796,-0.12737986285497596,-0.1273050380753717,-7.482477960427114e-05,0.0001722261894686661
2,selected_uniform,10,-2.0,2451652709707821786,12618,-0.8875242919329942,-0.8884494598171035,0.0009251678841093458,0.001154867848552464
2,selected_uniform,10,-1.0,2451652709707821787,12618,-0.7454348723799381,-0.7455466141264027,0.00011174174646455537,0.0006758023933812376
2,selected_uniform,10,0.0,2451652709707821788,12618,-0.5179145103791455,-0.5187412158785353,0.0008267054993897904,0.0005024122989262919
2,selected_uniform,10,1.0,2451652709707821789,12618,-0.28394372241671817,-0.28394020618429017,-3.516232428002475e-06,0.00042931940275282415
2,selected_uniform,10,2.0,2451652709707821790,12618,-0.12736525243204436,-0.1273050380753717,-6.02143566726665e-05,0.0002441889690470865
2,default_terminal,10,-2.0,6787299675240010688,20776,-0.8881659173902842,-0.8884494598171035,0.00028354242681938313,0.0011178848712546866
2,default_terminal,10,-1.0,6787299675240010689,20776,-0.745672007529937,-0.7455466141264027,-0.00012539340353434625,0.0007098709590686464
2,default_terminal,10,0.0,6787299675240010690,20776,-0.5187682248599077,-0.5187412158785353,-2.7008981372422802e-05,0.00045054834628066066
2,default_terminal,10,1.0,6787299675240010691,20776,-0.28337238337040926,-0.28394020618429017,0.0005678228138809027,0.0003183511997170271
2,default_terminal,10,2.0,6787299675240010692,20776,-0.12732781895482773,-0.1273050380753717,-2.2780879456035796e-05,0.00017520940210877988
2,default_uniform,10,-2.0,15964734155131110117,21242,-0.8875505249184161,-0.8884494598171035,0.0008989348986874202,0.0011185995773024566
2,default_uniform,10,-1.0,15964734155131110118,21242,-0.7446249103465428,-0.7455466141264027,0.0009217037798598948,0.0007220458862602482
2,default_uniform,10,0.0,15964734155131110119,21242,-0.5179239024666824,-0.5187412158785353,0.0008173134118528713,0.00044243823097239976
2,default_uniform,10,1.0,15964734155131110120,21242,-0.283366521969923,-0.28394020618429017,0.0005736842143671539,0.0003202523124302513
2,default_uniform,10,2.0,15964734155131110121,21242,-0.12712169104255186,-0.1273050380753717,0.00018334703281983056,0.00017369796336818205
2,selected_terminal,11,-2.0,4648036146351759873,10000,-0.8884397302308624,-0.8884494598171035,9.729586241125077e-06,0.0012141637627539458
2,selected_terminal,11,-1.0,4648036146351759874,10000,-0.7466630376725976,-0.7455466141264027,-0.0011164235461949001,0.000711374826472889
2,selected_terminal,11,0.0,4648036146351759875,10000,-0.5187298551163478,-0.5187412158785353,1.1360762187440088e-05,0.0005681213826916352
2,selected_terminal,11,1.0,4648036146351759876,10000,-0.28391255473968285,-0.28394020618429017,2.7651444607312836e-05,0.0004808922090810639
2,selected_terminal,11,2.0,4648036146351759877,10000,-0.12712880323120704,-0.1273050380753717,0.00017623484416465218,0.00026465508666630535
2,jcp_uniform,11,-2.0,923862084490168047,21796,-0.8891621919715078,-0.8884494598171035,-0.0007127321544042609,0.001088053234279012
2,jcp_uniform,11,-1.0,923862084490168048,21796,-0.7472797409999984,-0.7455466141264027,-0.001733126873595725,0.0006989538234757044
2,jcp_uniform,11,0.0,923862084490168049,21796,-0.5185424668962457,-0.5187412158785353,0.00019874898228955384,0.0004473530739670654
2,jcp_uniform,11,1.0,923862084490168050,21796,-0.28405190851983064,-0.28394020618429017,-0.0001117023355404756,0.0003145787460785966
2,jcp_uniform,11,2.0,923862084490168051,21796,-0.12737505222199708,-0.1273050380753717,-7.001414662538563e-05,0.0001717865012371715
2,short_time_uniform,11,-2.0,2618381622158671520,21901,-0.8886678613981894,-0.8884494598171035,-0.00021840158108588081,0.0008559085437937194
2,short_time_uniform,11,-1.0,2618381622158671521,21901,-0.7448428207009793,-0.7455466141264027,0.0007037934254233713,0.000505288636098389
2,short_time_uniform,11,0.0,2618381622158671522,21901,-0.5186024612986324,-0.5187412158785353,0.00013875457990286666,0.0003838200675922938
2,short_time_uniform,11,1.0,2618381622158671523,21901,-0.28368703931752953,-0.28394020618429017,0.0002531668667606346,0.00032488314121698953
2,short_time_uniform,11,2.0,2618381622158671524,21901,-0.12729550056561648,-0.1273050380753717,9.537509755214169e-06,0.00018097501496340486
2,default_uniform,11,-2.0,13335498462474360158,21242,-0.8871622604256852,-0.8884494598171035,0.0012871993914183033,0.0011091875310286525
2,default_uniform,11,-1.0,13335498462474360159,21242,-0.7455319312663093,-0.7455466141264027,1.4682860093317984e-05,0.0007197259504622047
2,default_uniform,11,0.0,13335498462474360160,21242,-0.5192866061338568,-0.5187412158785353,-0.0005453902553215206,0.0004461876011714771
2,default_uniform,11,1.0,13335498462474360161,21242,-0.284271362225771,-0.28394020618429017,-0.0003311560414808179,0.0003205212453438037
2,default_uniform,11,2.0,13335498462474360162,21242,-0.12761171170596078,-0.1273050380753717,-0.00030667363058908825,0.00017381041632973468
2,default_terminal,11,-2.0,11121419881576892609,20776,-0.8865501595601998,-0.8884494598171035,0.0018993002569037687,0.0011344800146255683
2,default_terminal,11,-1.0,11121419881576892610,20776,-0.7466372097824917,-0.7455466141264027,-0.001090595656089044,0.0006984314882891772
2,default_terminal,11,0.0,11121419881576892611,20776,-0.5180166674797557,-0.5187412158785353,0.0007245483987795565,0.0004498170617306627
2,default_terminal,11,1.0,11121419881576892612,20776,-0.284024893083101,-0.28394020618429017,-8.468689881085956e-05,0.00031867176103733723
2,default_terminal,11,2.0,11121419881576892613,20776,-0.1273028835866852,-0.1273050380753717,2.1544886864843793e-06,0.000172924486191502
2,selected_uniform,11,-2.0,16274508433318931229,12618,-0.8904786063540719,-0.8884494598171035,-0.002029146536968396,0.001073478753449031
2,selected_uniform,11,-1.0,16274508433318931230,12618,-0.745912535520479,-0.7455466141264027,-0.0003659213940763184,0.0006573926206341344
2,selected_uniform,11,0.0,16274508433318931231,12618,-0.5182818973989194,-0.5187412158785353,0.0004593184796158889,0.0005029369503781029
2,selected_uniform,11,1.0,16274508433318931232,12618,-0.2842012522246269,-0.28394020618429017,-0.00026104604033672096,0.00042613743038287256
2,selected_uniform,11,2.0,16274508433318931233,12618,-0.12736446359118503,-0.1273050380753717,-5.9425515813338325e-05,0.0002408875214337388
2,default_terminal,12,-2.0,13236006295339475223,20776,-0.8880259499223518,-0.8884494598171035,0.00042350989475170575,0.0011196989771799018
2,default_terminal,12,-1.0,13236006295339475224,20776,-0.745241001868621,-0.7455466141264027,0.00030561225778169554,0.0007328133005733799
2,default_terminal,12,0.0,13236006295339475225,20776,-0.5184423466372522,-0.5187412158785353,0.000298869241283084,0.00045259357894537146
2,default_terminal,12,1.0,13236006295339475226,20776,-0.2843365643085337,-0.28394020618429017,-0.00039635812424354544,0.00031986181178430965
2,default_terminal,12,2.0,13236006295339475227,20776,-0.1272869280491317,-0.1273050380753717,1.8110026239998023e-05,0.00017213734816685417
2,selected_terminal,12,-2.0,10833927476215760311,10000,-0.8878460681963419,-0.8884494598171035,0.0006033916207616175,0.0012516278851208815
2,selected_terminal,12,-1.0,10833927476215760312,10000,-0.7466204076867353,-0.7455466141264027,-0.0010737935603326587,0.0007218425523087966
2,selected_terminal,12,0.0,10833927476215760313,10000,-0.5170382787746918,-0.5187412158785353,0.0017029371038435048,0.0005657701908376692
2,selected_terminal,12,1.0,10833927476215760314,10000,-0.2850308465025345,-0.28394020618429017,-0.0010906403182443514,0.0004807760072113867
2,selected_terminal,12,2.0,10833927476215760315,10000,-0.1272336115931359,-0.1273050380753717,7.14264822357924e-05,0.00026099562917660625
2,selected_uniform,12,-2.0,385405027903571633,12618,-0.8885461399427159,-0.8884494598171035,-9.66801256123695e-05,0.0010911382480222652
2,selected_uniform,12,-1.0,385405027903571634,12618,-0.7446147130251393,-0.7455466141264027,0.0009319011012633993,0.0006534062782162453
2,selected_uniform,12,0.0,385405027903571635,12618,-0.5185664508052614,-0.5187412158785353,0.0001747650732738526,0.0005039481161672779
2,selected_uniform,12,1.0,385405027903571636,12618,-0.2834766495594182,-0.28394020618429017,0.0004635566248719636,0.00042381756429126204
2,selected_uniform,12,2.0,385405027903571637,12618,-0.12747224797022108,-0.1273050380753717,-0.00016720989484939053,0.000246113734133071
2,short_time_uniform,12,-2.0,7251668817121639179,21901,-0.8900715060205403,-0.8884494598171035,-0.0016220462034367555,0.0008409683835142242
2,short_time_uniform,12,-1.0,7251668817121639180,21901,-0.7452782624253776,-0.7455466141264027,0.0002683517010250158,0.0005254085688153643
2,short_time_uniform,12,0.0,7251668817121639181,21901,-0.5192449954137559,-0.5187412158785353,-0.0005037795352206276,0.00038549050963739907
2,short_time_uniform,12,1.0,7251668817121639182,21901,-0.2842138955981858,-0.28394020618429017,-0.00027368941389560586,0.0003208579038359603
2,short_time_uniform,12,2.0,7251668817121639183,21901,-0.12722153567848393,-0.1273050380753717,8.350239688775796e-05,0.0001827278814451987
2,jcp_uniform,12,-2.0,11120183566506800451,21796,-0.8882702285391864,-0.8884494598171035,0.00017923127791719118,0.0011058169486873367
2,jcp_uniform,12,-1.0,11120183566506800452,21796,-0.7464951125279584,-0.7455466141264027,-0.0009484984015557529,0.0007066686957805326
2,jcp_uniform,12,0.0,11120183566506800453,21796,-0.5193604996386774,-0.5187412158785353,-0.0006192837601420864,0.0004485884129782874
2,jcp_uniform,12,1.0,11120183566506800454,21796,-0.28371359213589714,-0.28394020618429017,0.00022661404839302568,0.00031544642816252886
2,jcp_uniform,12,2.0,11120183566506800455,21796,-0.1273722784762758,-0.1273050380753717,-6.724040090411165e-05,0.0001713664149824135
2,default_uniform,12,-2.0,4436967847472025293,21242,-0.8878268203627346,-0.8884494598171035,0.0006226394543689118,0.0011162894185314616
2,default_uniform,12,-1.0,4436967847472025294,21242,-0.745329768436926,-0.7455466141264027,0.0002168456894766635,0.0007167763974166107
2,default_uniform,12,0.0,4436967847472025295,21242,-0.5188275420519947,-0.5187412158785353,-8.632617345938343e-05,0.00044627679507393985
2,default_uniform,12,1.0,4436967847472025296,21242,-0.28416857731905215,-0.28394020618429017,-0.00022837113476198434,0.00031797407472369414
2,default_uniform,12,2.0,4436967847472025297,21242,-0.12767548242142113,-0.1273050380753717,-0.00037044434604943666,0.00017528499940840887
2,selected_uniform,13,-2.0,671990495774347914,12618,-0.8901412300806536,-0.8884494598171035,-0.001691770263550052,0.001090608010274698
2,selected_uniform,13,-1.0,671990495774347915,12618,-0.7464025225111384,-0.7455466141264027,-0.0008559083847357041,0.0006747607768674362
2,selected_uniform,13,0.0,671990495774347916,12618,-0.5183779233050676,-0.5187412158785353,0.0003632925734676773,0.0005132257625288823
2,selected_uniform,13,1.0,671990495774347917,12618,-0.2835464078877327,-0.28394020618429017,0.000393798296557446,0.00042888409989962246
2,selected_uniform,13,2.0,671990495774347918,12618,-0.1275349378791252,-0.1273050380753717,-0.00022989980375351382,0.00024404681130468293
2,selected_terminal,13,-2.0,17665630782932283442,10000,-0.8885550113572562,-0.8884494598171035,-0.00010555154015268187,0.0012202844890741216
2,selected_terminal,13,-1.0,17665630782932283443,10000,-0.7458614509307717,-0.7455466141264027,-0.00031483680436905637,0.000722202809399387
2,selected_terminal,13,0.0,17665630782932283444,10000,-0.5182677636493883,-0.5187412158785353,0.0004734522291469645,0.0005637715770567307
2,selected_terminal,13,1.0,17665630782932283445,10000,-0.2843581211173725,-0.28394020618429017,-0.00041791493308235284,0.00047281290736394475
2,selected_terminal,13,2.0,17665630782932283446,10000,-0.1272215881682276,-0.1273050380753717,8.344990714409528e-05,0.00026469397531147203
2,jcp_uniform,13,-2.0,5502640775708668316,21796,-0.8898485823629951,-0.8884494598171035,-0.0013991225458915846,0.0010854908996269798
2,jcp_uniform,13,-1.0,5502640775708668317,21796,-0.7461864540785026,-0.7455466141264027,-0.0006398399520999298,0.0007118245537366943
2,jcp_uniform,13,0.0,5502640775708668318,21796,-0.5193390604786009,-0.5187412158785353,-0.0005978446000656223,0.00045937079885845916
2,jcp_uniform,13,1.0,5502640775708668319,21796,-0.2834218628803966,-0.28394020618429017,0.0005183433038935537,0.00031387831170555435
2,jcp_uniform,13,2.0,5502640775708668320,21796,-0.12729873934625907,-0.1273050380753717,6.298729112619306e-06,0.00017168281017895996
2,default_terminal,13,-2.0,7459349279221571797,20776,-0.8892544096852808,-0.8884494598171035,-0.0008049498681772516,0.0010960928343181334
2,default_terminal,13,-1.0,7459349279221571798,20776,-0.7455981885019205,-0.7455466141264027,-5.157437551783772e-05,0.0007260266918198587
2,default_terminal,13,0.0,7459349279221571799,20776,-0.5189171047456312,-0.5187412158785353,-0.00017588886709596352,0.00044716869133161333
2,default_terminal,13,1.0,7459349279221571800,20776,-0.2836042891034548,-0.28394020618429017,0.0003359170808353573,0.0003177957825400766
2,default_terminal,13,2.0,7459349279221571801,20776,-0.1272052340150612,-0.1273050380753717,9.980406031048772e-05,0.00017427254852107828
2,short_time_uniform,13,-2.0,2905171237928033044,21901,-0.8889052446852501,-0.8884494598171035,-0.00045578486814656927,0.0008539617094612492
2,short_time_uniform,13,-1.0,2905171237928033045,21901,-0.7469859582616225,-0.7455466141264027,-0.0014393441352198444,0.0005034216603017728
2,short_time_uniform,13,0.0,2905171237928033046,21901,-0.5186130897969874,-0.5187412158785353,0.00012812608154788574,0.00038090711843138746
2,short_time_uniform,13,1.0,2905171237928033047,21901,-0.2836595222326852,-0.28394020618429017,0.0002806839516049653,0.0003219211492159597
2,short_time_uniform,13,2.0,2905171237928033048,21901,-0.12749101271344854,-0.1273050380753717,-0.00018597463807684678,0.0001808065351596926
2,default_uniform,13,-2.0,1180160443924939250,21242,-0.8872172118179361,-0.8884494598171035,0.001232247999167435,0.0011160893117898604
2,default_uniform,13,-1.0,1180160443924939251,21242,-0.745411258937375,-0.7455466141264027,0.00013535518902763055,0.0007028738145730716
2,default_uniform,13,0.0,1180160443924939252,21242,-0.5186478535915136,-0.5187412158785353,9.336228702172544e-05,0.0004457226465458467
2,default_uniform,13,1.0,1180160443924939253,21242,-0.28403511441167195,-0.28394020618429017,-9.490822738178473e-05,0.0003182989102631659
2,default_uniform,13,2.0,1180160443924939254,21242,-0.12706351721016587,-0.1273050380753717,0.00024152086520581872,0.00017200682562261007
2,jcp_uniform,14,-2.0,5050805241024938310,21796,-0.8881141900714196,-0.8884494598171035,0.00033526974568398593,0.0011098705675972817
2,jcp_uniform,14,-1.0,5050805241024938311,21796,-0.7449469346216133,-0.7455466141264027,0.0005996795047893411,0.0007208562888192346
2,jcp_uniform,14,0.0,5050805241024938312,21796,-0.517855491041385,-0.5187412158785353,0.0008857248371503257,0.0004541308017101827
2,jcp_uniform,14,1.0,5050805241024938313,21796,-0.2839172793870017,-0.28394020618429017,2.2926797288491674e-05,0.0003154104495926267
2,jcp_uniform,14,2.0,5050805241024938314,21796,-0.12733184158629768,-0.1273050380753717,-2.6803510925987872e-05,0.00017282174795333602
2,default_uniform,14,-2.0,13421819916735874279,21242,-0.8875195336427018,-0.8884494598171035,0.0009299261744017961,0.001105069380125214
2,default_uniform,14,-1.0,13421819916735874280,21242,-0.7460282887387251,-0.7455466141264027,-0.0004816746123224025,0.0007143312658321368
2,default_uniform,14,0.0,13421819916735874281,21242,-0.5184065821867812,-0.5187412158785353,0.00033463369175412705,0.0004484916932650348
2,default_uniform,14,1.0,13421819916735874282,21242,-0.28420392726236837,-0.28394020618429017,-0.0002637210780782051,0.00032038496005530555
2,default_uniform,14,2.0,13421819916735874283,21242,-0.12697893446045438,-0.1273050380753717,0.0003261036149173058,0.00017489449290246652
2,default_terminal,14,-2.0,8830564220634148842,20776,-0.8900137555724225,-0.8884494598171035,-0.0015642957553189119,0.0010868425537916796
2,default_terminal,14,-1.0,8830564220634148843,20776,-0.7458425633158987,-0.7455466141264027,-0.00029594918949604754,0.0007068426081586803
2,default_terminal,14,0.0,8830564220634148844,20776,-0.5189174335659108,-0.5187412158785353,-0.0001762176873755239,0.00044938348315948825
2,default_terminal,14,1.0,8830564220634148845,20776,-0.2842741174911903,-0.28394020618429017,-0.0003339113069001365,0.0003202125322036973
2,default_terminal,14,2.0,8830564220634148846,20776,-0.12714049416063936,-0.1273050380753717,0.00016454391473233465,0.00017143839644636992
2,short_time_uniform,14,-2.0,17503146723149051684,21901,-0.8876697897186668,-0.8884494598171035,0.0007796700984367133,0.000886417851984517
2,short_time_uniform,14,-1.0,17503146723149051685,21901,-0.7463571040945399,-0.7455466141264027,-0.0008104899681372624,0.0004932895453696891
2,short_time_uniform,14,0.0,17503146723149051686,21901,-0.5193369702392404,-0.5187412158785353,-0.0005957543607051363,0.0003839263415327146
2,short_time_uniform,14,1.0,17503146723149051687,21901,-0.2841314120168899,-0.28394020618429017,-0.000191205832599739,0.00032488065771700217
2,short_time_uniform,14,2.0,17503146723149051688,21901,-0.12728295949595483,-0.1273050380753717,2.2078579416856536e-05,0.00018192582788049462
2,selected_terminal,14,-2.0,8647397057228385025,10000,-0.888239112534557,-0.8884494598171035,0.00021034728254654134,0.001233811195802504
2,selected_terminal,14,-1.0,8647397057228385026,10000,-0.7455509823652172,-0.7455466141264027,-4.368238814556058e-06,0.0007677183879844008
2,selected_terminal,14,0.0,8647397057228385027,10000,-0.5188857787342702,-0.5187412158785353,-0.0001445628557349421,0.000564313160673765
2,selected_terminal,14,1.0,8647397057228385028,10000,-0.28335879927379626,-0.28394020618429017,0.000581406910493909,0.0004823917674569756
2,selected_terminal,14,2.0,8647397057228385029,10000,-0.12733760625860993,-0.1273050380753717,-3.256818323824073e-05,0.00026976260894387926
2,selected_uniform,14,-2.0,6211885379856593095,12618,-0.8863327019354963,-0.8884494598171035,0.0021167578816072563,0.001129140568996294
2,selected_uniform,14,-1.0,6211885379856593096,12618,-0.7460809507577251,-0.7455466141264027,-0.0005343366313224074,0.0006411062375397942
2,selected_uniform,14,0.0,6211885379856593097,12618,-0.5191218424921222,-0.5187412158785353,-0.00038062661358695404,0.0005059258924970607
2,selected_uniform,14,1.0,6211885379856593098,12618,-0.2842073751906725,-0.28394020618429017,-0.00026716900638235064,0.0004450422651655625
2,selected_uniform,14,2.0,6211885379856593099,12618,-0.12750674968025974,-0.1273050380753717,-0.00020171160488804962,0.00024205775369939966
2,jcp_uniform,15,-2.0,1701363608310041379,21796,-0.8883680803715588,-0.8884494598171035,8.137944554476029e-05,0.00109288784536761
2,jcp_uniform,15,-1.0,1701363608310041380,21796,-0.7447868120391068,-0.7455466141264027,0.0007598020872958688,0.0007206694344453448
2,jcp_uniform,15,0.0,1701363608310041381,21796,-0.5191727019558257,-0.5187412158785353,-0.00043148607729037725,0.00044633286045177566
2,jcp_uniform,15,1.0,1701363608310041382,21796,-0.28381836979409236,-0.28394020618429017,0.00012183639019780479,0.0003118091559365343
2,jcp_uniform,15,2.0,1701363608310041383,21796,-0.1272656700170594,-0.1273050380753717,3.9368058312283516e-05,0.0001714114736414545
2,default_uniform,15,-2.0,17194939185247684099,21242,-0.8886856591933951,-0.8884494598171035,-0.00023619937629160148,0.0011000314656039478
2,default_uniform,15,-1.0,17194939185247684100,21242,-0.7453918304968886,-0.7455466141264027,0.00015478362951404367,0.0007079168194770207
2,default_uniform,15,0.0,17194939185247684101,21242,-0.5194246683020715,-0.5187412158785353,-0.0006834524235361794,0.000442387365948067
2,default_uniform,15,1.0,17194939185247684102,21242,-0.283804507336999,-0.28394020618429017,0.00013569884729114357,0.00031497001523960117
2,default_uniform,15,2.0,17194939185247684103,21242,-0.1269342981245604,-0.1273050380753717,0.0003707399508112996,0.00017468421358283256
2,short_time_uniform,15,-2.0,16344445709522617931,21901,-0.8896439105872362,-0.8884494598171035,-0.0011944507701326934,0.0008304593740729691
2,short_time_uniform,15,-1.0,16344445709522617932,21901,-0.7446650995542903,-0.7455466141264027,0.0008815145721123852,0.0005411139312832121
2,short_time_uniform,15,0.0,16344445709522617933,21901,-0.5183985022114561,-0.5187412158785353,0.0003427136670791642,0.00038317496242845053
2,short_time_uniform,15,1.0,16344445709522617934,21901,-0.2840382893340283,-0.28394020618429017,-9.808314973813737e-05,0.0003226056194847848
2,short_time_uniform,15,2.0,16344445709522617935,21901,-0.12732482338908083,-0.1273050380753717,-1.9785313709136387e-05,0.00018645614747818162
2,selected_terminal,15,-2.0,9969462723880808089,10000,-0.889302437533605,-0.8884494598171035,-0.0008529777165015018,0.001200328817941587
2,selected_terminal,15,-1.0,9969462723880808090,10000,-0.7447255575168088,-0.7455466141264027,0.0008210566095938621,0.0007423218855927962
2,selected_terminal,15,0.0,9969462723880808091,10000,-0.5189699576601968,-0.5187412158785353,-0.00022874178166154557,0.0005678820063080623
2,selected_terminal,15,1.0,9969462723880808092,10000,-0.28398374941457843,-0.28394020618429017,-4.3543230288267676e-05,0.0004769049391710385
2,selected_terminal,15,2.0,9969462723880808093,10000,-0.12717283285505918,-0.1273050380753717,0.00013220522031251458,0.0002676885502338997
2,default_terminal,15,-2.0,2528486737638291763,20776,-0.8880505612744175,-0.8884494598171035,0.00039889854268604363,0.0011063116491968155
2,default_terminal,15,-1.0,2528486737638291764,20776,-0.7467353498855482,-0.7455466141264027,-0.001188735759145576,0.0006978904308851227
2,default_terminal,15,0.0,2528486737638291765,20776,-0.5183204047837553,-0.5187412158785353,0.0004208110947799826,0.0004544663692369435
2,default_terminal,15,1.0,2528486737638291766,20776,-0.2838688958749021,-0.28394020618429017,7.131030938806182e-05,0.00031999303020671183
2,default_terminal,15,2.0,2528486737638291767,20776,-0.12735606440414138,-0.1273050380753717,-5.102632876968771e-05,0.0001746009988088229
2,selected_uniform,15,-2.0,5798893168044300582,12618,-0.8883301551290465,-0.8884494598171035,0.00011930468805709804,0.0011120508712073704
2,selected_uniform,15,-1.0,5798893168044300583,12618,-0.7442227212707849,-0.7455466141264027,0.0013238928556177365,0.0006925982573037826
2,selected_uniform,15,0.0,5798893168044300584,12618,-0.5187238753337852,-0.5187412158785353,1.734054475011071e-05,0.0005067550327953694
2,selected_uniform,15,1.0,5798893168044300585,12618,-0.2836590773388677,-0.28394020618429017,0.00028112884542247363,0.00042879649187097847
2,selected_uniform,15,2.0,5798893168044300586,12618,-0.12764729475493294,-0.1273050380753717,-0.0003422566795612536,0.0002552215559901446
2,default_uniform,16,-2.0,12579055544984916566,21242,-0.8875136804174203,-0.8884494598171035,0.0009357793996832564,0.0011093789675417946
2,default_uniform,16,-1.0,12579055544984916567,21242,-0.7449173035145948,-0.7455466141264027,0.0006293106118078207,0.0007098242089820152
2,default_uniform,16,0.0,12579055544984916568,21242,-0.518548197809024,-0.5187412158785353,0.00019301806951133038,0.00044542656072964996
2,default_uniform,16,1.0,12579055544984916569,21242,-0.28422346952661415,-0.28394020618429017,-0.00028326334232398054,0.0003186377505653343
2,default_uniform,16,2.0,12579055544984916570,21242,-0.12715088804612362,-0.1273050380753717,0.00015415002924806798,0.00017522617618240464
2,default_terminal,16,-2.0,539765468019814385,20776,-0.8878835375596627,-0.8884494598171035,0.0005659222574408984,0.001111693089106731
2,default_terminal,16,-1.0,539765468019814386,20776,-0.744913833969582,-0.7455466141264027,0.000632780156820667,0.0007179031380937877
2,default_terminal,16,0.0,539765468019814387,20776,-0.5188425674478415,-0.5187412158785353,-0.00010135156930624056,0.00045058575181254243
2,default_terminal,16,1.0,539765468019814388,20776,-0.28445402598278297,-0.28394020618429017,-0.0005138197984927984,0.00031788720774888275
2,default_terminal,16,2.0,539765468019814389,20776,-0.12733206331346686,-0.1273050380753717,-2.7025238095168547e-05,0.00017258568377281552
2,selected_terminal,16,-2.0,10862282828309557029,10000,-0.8888942968268609,-0.8884494598171035,-0.0004448370097573928,0.0012443169911984587
2,selected_terminal,16,-1.0,10862282828309557030,10000,-0.7463347314174702,-0.7455466141264027,-0.000788117291067536,0.0006995354597512152
2,selected_terminal,16,0.0,10862282828309557031,10000,-0.5185716309677718,-0.5187412158785353,0.00016958491076346505,0.000570566370012039
2,selected_terminal,16,1.0,10862282828309557032,10000,-0.2846691661815815,-0.28394020618429017,-0.0007289599972913341,0.00048388911321583334
2,selected_terminal,16,2.0,10862282828309557033,10000,-0.12710530102565035,-0.1273050380753717,0.00019973704972134354,0.00026332381438951615
2,selected_uniform,16,-2.0,5855440462271552709,12618,-0.8894840470324543,-0.8884494598171035,-0.0010345872153507685,0.0010678613657855779
2,selected_uniform,16,-1.0,5855440462271552710,12618,-0.7468960191877486,-0.7455466141264027,-0.001349405061345954,0.0006394996166292457
2,selected_uniform,16,0.0,5855440462271552711,12618,-0.5187897077228018,-0.5187412158785353,-4.8491844266473905e-05,0.0005006283363849127
2,selected_uniform,16,1.0,5855440462271552712,12618,-0.2844265307576811,-0.28394020618429017,-0.00048632457339092827,0.0004420435048470921
2,selected_uniform,16,2.0,5855440462271552713,12618,-0.12725933077165266,-0.1273050380753717,4.570730371902809e-05,0.00023650215871670724
2,jcp_uniform,16,-2.0,14012879340951203137,21796,-0.8899777477104786,-0.8884494598171035,-0.0015282878933750021,0.0010779971199871927
2,jcp_uniform,16,-1.0,14012879340951203138,21796,-0.7448301619912805,-0.7455466141264027,0.0007164521351221698,0.0007248572149078215
2,jcp_uniform,16,0.0,14012879340951203139,21796,-0.518598305865146,-0.5187412158785353,0.00014291001338928577,0.0004544542159784024
2,jcp_uniform,16,1.0,14012879340951203140,21796,-0.283330590515179,-0.28394020618429017,0.0006096156691111632,0.00031624477685507135
2,jcp_uniform,16,2.0,14012879340951203141,21796,-0.12723388375497438,-0.1273050380753717,7.115432039730973e-05,0.00017101705435549646
2,short_time_uniform,16,-2.0,8391950067713738534,21901,-0.8862589242629998,-0.8884494598171035,0.0021905355541037563,0.0008959280631751915
2,short_time_uniform,16,-1.0,8391950067713738535,21901,-0.7453349842792915,-0.7455466141264027,0.00021162984711120547,0.000510985412949679
2,short_time_uniform,16,0.0,8391950067713738536,21901,-0.5180749724434744,-0.5187412158785353,0.0006662434350608315,0.0003852737982144221
2,short_time_uniform,16,1.0,8391950067713738537,21901,-0.28407314775335396,-0.28394020618429017,-0.00013294156906379362,0.00032734402642260925
2,short_time_uniform,16,2.0,8391950067713738538,21901,-0.1271542472736106,-0.1273050380753717,0.00015079080176108595,0.00017809529792470896
2,default_terminal,17,-2.0,7446759916412022013,20776,-0.8894623198983493,-0.8884494598171035,-0.0010128600812457922,0.0010887462970755552
2,default_terminal,17,-1.0,7446759916412022014,20776,-0.7467267956561002,-0.7455466141264027,-0.001180181529697566,0.0007060947422967905
2,default_terminal,17,0.0,7446759916412022015,20776,-0.5189550288156132,-0.5187412158785353,-0.00021381293707789517,0.00044924167444630134
2,default_terminal,17,1.0,7446759916412022016,20776,-0.28360138256344547,-0.28394020618429017,0.0003388236208446971,0.00032148105010139025
2,default_terminal,17,2.0,7446759916412022017,20776,-0.12710234105328203,-0.1273050380753717,0.0002026970220896651,0.00017405300433600602
2,selected_uniform,17,-2.0,18359592261508997208,12618,-0.8860714508964898,-0.8884494598171035,0.0023780089206137944,0.0011405424325217678
2,selected_uniform,17,-1.0,18359592261508997209,12618,-0.7453435847929236,-0.7455466141264027,0.0002030293334790434,0.0006832156275190075
2,selected_uniform,17,0.0,18359592261508997210,12618,-0.518637390858598,-0.5187412158785353,0.0001038250199373314,0.0005022062095003892
2,selected_uniform,17,1.0,18359592261508997211,12618,-0.2834924349152142,-0.28394020618429017,0.0004477712690759694,0.00043037914706423324
2,selected_uniform,17,2.0,18359592261508997212,12618,-0.12760731219152915,-0.1273050380753717,-0.0003022741161574638,0.00024399796040224203
2,short_time_uniform,17,-2.0,5423429625406268016,21901,-0.8885408894971033,-0.8884494598171035,-9.142967999975493e-05,0.0008449204100131636
2,short_time_uniform,17,-1.0,5423429625406268017,21901,-0.7458057209488523,-0.7455466141264027,-0.00025910682244967287,0.0005303668417519686
2,short_time_uniform,17,0.0,5423429625406268018,21901,-0.5187874742220763,-0.5187412158785353,-4.625834354099467e-05,0.00038371123060826736
2,short_time_uniform,17,1.0,5423429625406268019,21901,-0.283454740967583,-0.28394020618429017,0.00048546521670717047,0.0003195939445247767
2,short_time_uniform,17,2.0,5423429625406268020,21901,-0.12726989626090016,-0.1273050380753717,3.5141814471534305e-05,0.0001788427203054869
2,selected_terminal,17,-2.0,11736206080065350488,10000,-0.8882292882141374,-0.8884494598171035,0.00022017160296616822,0.0012543041334231433
2,selected_terminal,17,-1.0,11736206080065350489,10000,-0.7441440395144465,-0.7455466141264027,0.0014025746119561422,0.0008517805195355968
2,selected_terminal,17,0.0,11736206080065350490,10000,-0.518764772447667,-0.5187412158785353,-2.3556569131777394e-05,0.0005610824001432143
2,selected_terminal,17,1.0,11736206080065350491,10000,-0.2841552837920013,-0.28394020618429017,-0.00021507760771111162,0.0004777157032539774
2,selected_terminal,17,2.0,11736206080065350492,10000,-0.12737739387553512,-0.1273050380753717,-7.235580016343168e-05,0.0002608938951632051
2,jcp_uniform,17,-2.0,7728042975372603871,21796,-0.8903895667987423,-0.8884494598171035,-0.0019401069816387118,0.0010736902380874436
2,jcp_uniform,17,-1.0,7728042975372603872,21796,-0.7457051532368469,-0.7455466141264027,-0.00015853911044427793,0.0007168447292530484
2,jcp_uniform,17,0.0,7728042975372603873,21796,-0.5189258692178269,-0.5187412158785353,-0.00018465333929162941,0.0004604941839414684
2,jcp_uniform,17,1.0,7728042975372603874,21796,-0.2838120769034291,-0.28394020618429017,0.000128129280861089,0.00031388471793688193
2,jcp_uniform,17,2.0,7728042975372603875,21796,-0.12716828207831957,-0.1273050380753717,0.0001367559970521237,0.0001715687342977903
2,default_uniform,17,-2.0,1406781299762081046,21242,-0.8896535241410746,-0.8884494598171035,-0.0012040643239710214,0.0010781362019618363
2,default_uniform,17,-1.0,1406781299762081047,21242,-0.7465290528980321,-0.7455466141264027,-0.0009824387716294014,0.000700815148474101
2,default_uniform,17,0.0,1406781299762081048,21242,-0.5183377874539652,-0.5187412158785353,0.00040342842457008476,0.0004428231430354817
2,default_uniform,17,1.0,1406781299762081049,21242,-0.2836812893392328,-0.28394020618429017,0.00025891684505735535,0.0003176721663882548
2,default_uniform,17,2.0,1406781299762081050,21242,-0.12739192739798655,-0.1273050380753717,-8.688932261485816e-05,0.00017320182485749237
2,short_time_uniform,18,-2.0,10389534083760166888,21901,-0.8880836649346229,-0.8884494598171035,0.0003657948824806745,0.0008735676070594801
2,short_time_uniform,18,-1.0,10389534083760166889,21901,-0.7456050447328051,-0.7455466141264027,-5.843060640242648e-05,0.0005040819209455834
2,short_time_uniform,18,0.0,10389534083760166890,21901,-0.5192466460537218,-0.5187412158785353,-0.0005054301751865609,0.0003831350045786182
2,short_time_uniform,18,1.0,10389534083760166891,21901,-0.28395977107219933,-0.28394020618429017,-1.9564887909162554e-05,0.0003238045751760952
2,short_time_uniform,18,2.0,10389534083760166892,21901,-0.12725447837617906,-0.1273050380753717,5.055969919262604e-05,0.0001825784644933982
2,default_terminal,18,-2.0,5604515441436478168,20776,-0.8885594926410423,-0.8884494598171035,-0.0001100328239387327,0.0011085959128055898
2,default_terminal,18,-1.0,5604515441436478169,20776,-0.746551534416329,-0.7455466141264027,-0.001004920289926381,0.000706822861535153
2,default_terminal,18,0.0,5604515441436478170,20776,-0.519774747536992,-0.5187412158785353,-0.0010335316584567655,0.0004523270061774221
2,default_terminal,18,1.0,5604515441436478171,20776,-0.28385378344519996,-0.28394020618429017,8.642273909020837e-05,0.00031812195066611314
2,default_terminal,18,2.0,5604515441436478172,20776,-0.12738625206674462,-0.1273050380753717,-8.121399137292484e-05,0.00017546856074304295
2,default_uniform,18,-2.0,2371255143426559154,21242,-0.8882398831170412,-0.8884494598171035,0.00020957670006238605,0.0010959617647252763
2,default_uniform,18,-1.0,2371255143426559155,21242,-0.745330501792361,-0.7455466141264027,0.00021611233404161823,0.0007180622767421733
2,default_uniform,18,0.0,2371255143426559156,21242,-0.5183724857937506,-0.5187412158785353,0.00036873008478466307,0.0004441964739947524
2,default_uniform,18,1.0,2371255143426559157,21242,-0.2837400388178421,-0.28394020618429017,0.00020016736644806743,0.00031774575402223053
2,default_uniform,18,2.0,2371255143426559158,21242,-0.1272223166439509,-0.1273050380753717,8.27214314207958e-05,0.00017410764455587922
2,selected_terminal,18,-2.0,3274769663653553653,10000,-0.8887738496554808,-0.8884494598171035,-0.000324389838377237,0.0012178469320439354
2,selected_terminal,18,-1.0,3274769663653553654,10000,-0.7457322494893805,-0.7455466141264027,-0.0001856353629778873,0.0007139012687027291
2,selected_terminal,18,0.0,3274769663653553655,10000,-0.5181501230545608,-0.5187412158785353,0.000591092823974515,0.0005660763378483577
2,selected_terminal,18,1.0,3274769663653553656,10000,-0.28412127265072296,-0.28394020618429017,-0.00018106646643278879,0.0004776648051119914
2,selected_terminal,18,2.0,3274769663653553657,10000,-0.12734992362345443,-0.1273050380753717,-4.488554808274037e-05,0.0002654202894727158
2,selected_uniform,18,-2.0,11618604881518699782,12618,-0.8905120815269651,-0.8884494598171035,-0.0020626217098616006,0.0010484658199739648
2,selected_uniform,18,-1.0,11618604881518699783,12618,-0.7455761861071597,-0.7455466141264027,-2.9571980757037153e-05,0.0006647976699224726
2,selected_uniform,18,0.0,11618604881518699784,12618,-0.5179522195786678,-0.5187412158785353,0.000788996299867506,0.0005074716985100963
2,selected_uniform,18,1.0,11618604881518699785,12618,-0.28340524199828415,-0.28394020618429017,0.000534964186006015,0.00042759685065242565
2,selected_uniform,18,2.0,11618604881518699786,12618,-0.1273990003647082,-0.1273050380753717,-9.396228933650219e-05,0.0002412306320948617
2,jcp_uniform,18,-2.0,3663816473631058385,21796,-0.888661813139392,-0.8884494598171035,-0.00021235332228841663,0.001095908366118559
2,jcp_uniform,18,-1.0,3663816473631058386,21796,-0.7459395559536858,-0.7455466141264027,-0.0003929418272831109,0.0007207986415499708
2,jcp_uniform,18,0.0,3663816473631058387,21796,-0.517930534183197,-0.5187412158785353,0.0008106816953382667,0.0004514531210434638
2,jcp_uniform,18,1.0,3663816473631058388,21796,-0.2845115206276479,-0.28394020618429017,-0.0005713144433577289,0.00031618950519854427
2,jcp_uniform,18,2.0,3663816473631058389,21796,-0.12693573837799235,-0.1273050380753717,0.0003692996973793383,0.00017097195521995726
2,default_terminal,19,-2.0,13156726293465624239,20776,-0.8881879586922938,-0.8884494598171035,0.00026150112480971544,0.001109163799700507
2,default_terminal,19,-1.0,13156726293465624240,20776,-0.7461843117682804,-0.7455466141264027,-0.0006376976418777103,0.0007032518579826141
2,default_terminal,19,0.0,13156726293465624241,20776,-0.5187712829861456,-0.5187412158785353,-3.0067107610332044e-05,0.00045958108293012655
2,default_terminal,19,1.0,13156726293465624242,20776,-0.2837198099751184,-0.28394020618429017,0.00022039620917174707,0.0003180989495548851
2,default_terminal,19,2.0,13156726293465624243,20776,-0.12729525100133005,-0.1273050380753717,9.787074041645027e-06,0.00017351595195265042
2,selected_terminal,19,-2.0,15534647342431625110,10000,-0.8869203517485952,-0.8884494598171035,0.0015291080685083669,0.0012449105938865438
2,selected_terminal,19,-1.0,15534647342431625111,10000,-0.7441780411520814,-0.7455466141264027,0.0013685729743212471,0.0007852585859261317
2,selected_terminal,19,0.0,15534647342431625112,10000,-0.5192499858692157,-0.5187412158785353,-0.0005087699906803911,0.0005723764593995914
2,selected_terminal,19,1.0,15534647342431625113,10000,-0.2835766189325109,-0.28394020618429017,0.00036358725177926265,0.00047896061985498836
2,selected_terminal,19,2.0,15534647342431625114,10000,-0.1273793266987011,-0.1273050380753717,-7.428862332942154e-05,0.00026509340789502005
2,short_time_uniform,19,-2.0,4830989899125297877,21901,-0.88755745930053,-0.8884494598171035,0.0008920005165735656,0.0008669550270960278
2,short_time_uniform,19,-1.0,4830989899125297878,21901,-0.7457812665676601,-0.7455466141264027,-0.00023465244125742135,0.000513914010750275
2,short_time_uniform,19,0.0,4830989899125297879,21901,-0.5188179204649954,-0.5187412158785353,-7.670458646014122e-05,0.0003823524501433776
2,short_time_uniform,19,1.0,4830989899125297880,21901,-0.28321094931534335,-0.28394020618429017,0.0007292568689468149,0.00032034339088336653
2,short_time_uniform,19,2.0,4830989899125297881,21901,-0.12765351623061527,-0.1273050380753717,-0.00034847815524358117,0.00019217475866782665
2,selected_uniform,19,-2.0,11681436282205455881,12618,-0.8906928792334694,-0.8884494598171035,-0.002243419416365855,0.0010597625590654156
2,selected_uniform,19,-1.0,11681436282205455882,12618,-0.7454376072426544,-0.7455466141264027,0.00010900688374826384,0.0006529355147363295
2,selected_uniform,19,0.0,11681436282205455883,12618,-0.5182673459877706,-0.5187412158785353,0.0004738698907646999,0.0005044268251520994
2,selected_uniform,19,1.0,11681436282205455884,12618,-0.2849838451142053,-0.28394020618429017,-0.0010436389299151583,0.00042607371212890615
2,selected_uniform,19,2.0,11681436282205455885,12618,-0.1271880520177508,-0.1273050380753717,0.00011698605762089365,0.0002499717909042374
2,default_uniform,19,-2.0,18092041605784479066,21242,-0.8895699913260859,-0.8884494598171035,-0.001120531508982392,0.0010778204604745755
2,default_uniform,19,-1.0,18092041605784479067,21242,-0.7461899573962835,-0.7455466141264027,-0.0006433432698808028,0.0007074682337323033
2,default_uniform,19,0.0,18092041605784479068,21242,-0.5190403758026183,-0.5187412158785353,-0.0002991599240830256,0.00044821805833130654
2,default_uniform,19,1.0,18092041605784479069,21242,-0.2843833247400964,-0.28394020618429017,-0.0004431185558062545,0.00031938459617186874
2,default_uniform,19,2.0,18092041605784479070,21242,-0.1272674203368338,-0.1273050380753717,3.76177385378873e-05,0.0001731060438847183
2,jcp_uniform,19,-2.0,11039740874252686002,21796,-0.8896685480880714,-0.8884494598171035,-0.0012190882709678386,0.001086792742578493
2,jcp_uniform,19,-1.0,11039740874252686003,21796,-0.7465743368266075,-0.7455466141264027,-0.0010277227002047917,0.0007199153271993965
2,jcp_uniform,19,0.0,11039740874252686004,21796,-0.5193763577590328,-0.5187412158785353,-0.000635141880497514,0.0004468181833192791
2,jcp_uniform,19,1.0,11039740874252686005,21796,-0.2840283286818343,-0.28394020618429017,-8.812249754414081e-05,0.00031261433974644827
2,jcp_uniform,19,2.0,11039740874252686006,21796,-0.12739638254038477,-0.1273050380753717,-9.13444650130768e-05,0.0001721229131377925
