family,backbone,n_train,instance_seed,l1,seconds
heat_phi,per_phi,0,1000000,0.001176744623505408,0.12266521199999261
heat_phi,per_phi,0,1000001,0.0020001160837027805,0.2153038199999719
heat_phi,per_phi,0,1000002,0.0012091930806081268,0.30987277399995944
heat_phi,per_phi,0,1000003,0.001071316896823746,0.4037893139998778
heat_phi,per_phi,0,1000004,0.0010689867672336046,0.4965716160000011
heat_phi,per_phi,0,1000005,0.0012045733140425448,0.5889445399999386
heat_phi,per_phi,0,1000006,0.002511901836242583,0.6812908679999237
heat_phi,per_phi,0,1000007,0.0016577747825448554,0.7759024859999772
heat_phi,per_phi,0,1000008,0.0009806378825228373,0.8704537680000066
heat_phi,per_phi,0,1000009,0.0017311740573576287,0.9618389459999162
heat_phi,per_phi,0,1000010,0.0011789417324361692,1.0540354719999596
heat_phi,per_phi,0,1000011,0.0020868867496502863,1.1478913499999908
heat_phi,per_phi,0,1000012,0.0012042341170466987,1.2391974339999434
heat_phi,per_phi,0,1000013,0.0008640942733986036,1.3337000679998892
heat_phi,per_phi,0,1000014,0.0011568069975639173,1.4259183159998792
heat_phi,per_phi,0,1000015,0.001179983720347075,1.5182105699999375
heat_phi,per_phi,0,1000016,0.0010090509838529727,1.607408839999989
heat_phi,per_phi,0,1000017,0.0010849601038386556,1.6994497519999276
heat_phi,per_phi,0,1000018,0.0008367241524656943,1.7798824700000113
heat_phi,per_phi,0,1000019,0.0015336110332095862,1.8597472859999107
heat_phi,per_phi,0,1000020,0.0010777279473792268,1.9389103539999633
heat_phi,per_phi,0,1000021,0.0016212711222098487,2.0180752019998907
heat_phi,per_phi,0,1000022,0.001914568202110205,2.0979340679998857
heat_phi,per_phi,0,1000023,0.0011691726425962332,2.1788307219999843
heat_phi,per_phi,0,1000024,0.001242824405314635,2.2587320999999063
heat_phi,per_phi,0,1000025,0.002217381333543903,2.3372159380000084
heat_phi,per_phi,0,1000026,0.001828680605018253,2.416158235999901
heat_phi,per_phi,0,1000027,0.0013376152769660765,2.496411497999943
heat_phi,per_phi,0,1000028,0.0007412054012352259,2.5761603159998776
heat_phi,per_phi,0,1000029,0.001212554237385049,2.6552985019999324
heat_phi,per_phi,0,1000030,0.001501620448975242,2.7349910659999295
heat_phi,per_phi,0,1000031,0.0017175290235611114,2.814726468000008
heat_phi,per_phi,0,1000032,0.0011995238057821056,2.8942340339999646
heat_phi,per_phi,0,1000033,0.0009972397537627768,2.973945513999934
heat_phi,per_phi,0,1000034,0.0015689698440245047,3.0530928219998894
heat_phi,per_phi,0,1000035,0.0015480857413896268,3.132762881999952
heat_phi,per_phi,0,1000036,0.0009498995763851936,3.21213018800001
heat_phi,per_phi,0,1000037,0.0014170726545159411,3.2914420199999586
heat_phi,per_phi,0,1000038,0.0019084270774481567,3.370222195999959
heat_phi,per_phi,0,1000039,0.0015803092806643178,3.449744211999932
heat_phi,per_phi,0,1000040,0.0016200285279146665,3.529510173999879
heat_phi,per_phi,0,1000041,0.0007597313490505309,3.6092810479999753
heat_phi,per_phi,0,1000042,0.0010157675461551809,3.6894846419998792
heat_phi,per_phi,0,1000043,0.0012587922190743196,3.7697273939999287
heat_phi,per_phi,0,1000044,0.0013707765825628987,3.849555089999922
heat_phi,per_phi,0,1000045,0.001259724299536278,3.929375469999941
heat_phi,per_phi,0,1000046,0.0014037153066068953,4.009333399999886
heat_phi,per_phi,0,1000047,0.0013992639023681869,4.088839923999912
heat_phi,per_phi,0,1000048,0.001908055506250305,4.1678130219999
heat_phi,per_phi,0,1000049,0.002194626773530782,4.248462709999876
heat_phi,deeponet,250,1000000,0.007660725287644671,0.9109371280000778
heat_phi,deeponet,250,1000001,0.02061235786056715,0.9109371280000778
heat_phi,deeponet,250,1000002,0.019925990035468164,0.9109371280000778
heat_phi,deeponet,250,1000003,0.010269703489549156,0.9109371280000778
heat_phi,deeponet,250,1000004,0.005427494852799978,0.9109371280000778
heat_phi,deeponet,250,1000005,0.006633188220652511,0.9109371280000778
heat_phi,deeponet,250,1000006,0.011694214736643976,0.9109371280000778
heat_phi,deeponet,250,1000007,0.017325097224677025,0.9109371280000778
heat_phi,deeponet,250,1000008,0.00556179246564255,0.9109371280000778
heat_phi,deeponet,250,1000009,0.0031721960927458756,0.9109371280000778
heat_phi,deeponet,250,1000010,0.007412073672044494,0.9109371280000778
heat_phi,deeponet,250,1000011,0.009173151633888613,0.9109371280000778
heat_phi,deeponet,250,1000012,0.009353615356255972,0.9109371280000778
heat_phi,deeponet,250,1000013,0.004518633704757472,0.9109371280000778
heat_phi,deeponet,250,1000014,0.013879177461602657,0.9109371280000778
heat_phi,deeponet,250,1000015,0.009975577017499286,0.9109371280000778
heat_phi,deeponet,250,1000016,0.013204846633349317,0.9109371280000778
heat_phi,deeponet,250,1000017,0.0063273691075947614,0.9109371280000778
heat_phi,deeponet,250,1000018,0.003814049282732595,0.9109371280000778
heat_phi,deeponet,250,1000019,0.00503976396912409,0.9109371280000778
heat_phi,deeponet,250,1000020,0.004692810794358482,0.9109371280000778
heat_phi,deeponet,250,1000021,0.006282041576555521,0.9109371280000778
heat_phi,deeponet,250,1000022,0.014222714951892708,0.9109371280000778
heat_phi,deeponet,250,1000023,0.0048287225944638875,0.9109371280000778
heat_phi,deeponet,250,1000024,0.0032860947860174354,0.9109371280000778
heat_phi,deeponet,250,1000025,0.016456901210794198,0.9109371280000778
heat_phi,deeponet,250,1000026,0.007458296930385207,0.9109371280000778
heat_phi,deeponet,250,1000027,0.012506589003591478,0.9109371280000778
heat_phi,deeponet,250,1000028,0.005742012498641763,0.9109371280000778
heat_phi,deeponet,250,1000029,0.005155770097044525,0.9109371280000778
heat_phi,deeponet,250,1000030,0.005184565084068082,0.9109371280000778
heat_phi,deeponet,250,1000031,0.005803355509973484,0.9109371280000778
heat_phi,deeponet,250,1000032,0.006887480252020084,0.9109371280000778
heat_phi,deeponet,250,1000033,0.002827421031511087,0.9109371280000778
heat_phi,deeponet,250,1000034,0.011713030034891094,0.9109371280000778
heat_phi,deeponet,250,1000035,0.004618379942685656,0.9109371280000778
heat_phi,deeponet,250,1000036,0.009610411853351524,0.9109371280000778
heat_phi,deeponet,250,1000037,0.014356627965412481,0.9109371280000778
heat_phi,deeponet,250,1000038,0.013635831792275031,0.9109371280000778
heat_phi,deeponet,250,1000039,0.005938978688171384,0.9109371280000778
heat_phi,deeponet,250,1000040,0.007712786684817533,0.9109371280000778
heat_phi,deeponet,250,1000041,0.0067211651309998476,0.9109371280000778
heat_phi,deeponet,250,1000042,0.008155016198829714,0.9109371280000778
heat_phi,deeponet,250,1000043,0.01000619955032518,0.9109371280000778
heat_phi,deeponet,250,1000044,0.006860216313354936,0.9109371280000778
heat_phi,deeponet,250,1000045,0.011859908407955424,0.9109371280000778
heat_phi,deeponet,250,1000046,0.014197007354477651,0.9109371280000778
heat_phi,deeponet,250,1000047,0.006455718076405019,0.9109371280000778
heat_phi,deeponet,250,1000048,0.01771733110167844,0.9109371280000778
heat_phi,deeponet,250,1000049,0.01807741751845018,0.9109371280000778
heat_phi,fno,250,1000000,0.0009230851138165185,1.8339974280000024
heat_phi,fno,250,1000001,0.0031969186363079156,1.8339974280000024
heat_phi,fno,250,1000002,0.002307701511685183,1.8339974280000024
heat_phi,fno,250,1000003,0.0018807807950539876,1.8339974280000024
heat_phi,fno,250,1000004,0.001197030522571049,1.8339974280000024
heat_phi,fno,250,1000005,0.0011172993844404567,1.8339974280000024
heat_phi,fno,250,1000006,0.0029939827719526932,1.8339974280000024
heat_phi,fno,250,1000007,0.0015364076669248216,1.8339974280000024
heat_phi,fno,250,1000008,0.0007643524161881705,1.8339974280000024
heat_phi,fno,250,1000009,0.0010553448280359475,1.8339974280000024
heat_phi,fno,250,1000010,0.0011407811953835403,1.8339974280000024
heat_phi,fno,250,1000011,0.003089615238175748,1.8339974280000024
heat_phi,fno,250,1000012,0.0019806547963208765,1.8339974280000024
heat_phi,fno,250,1000013,0.0010641050011284845,1.8339974280000024
heat_phi,fno,250,1000014,0.0017375750754908134,1.8339974280000024
heat_phi,fno,250,1000015,0.0018121627486643354,1.8339974280000024
heat_phi,fno,250,1000016,0.0015431258465267445,1.8339974280000024
heat_phi,fno,250,1000017,0.0014953220769932775,1.8339974280000024
heat_phi,fno,250,1000018,0.0014126132993434709,1.8339974280000024
heat_phi,fno,250,1000019,0.0013055402319892399,1.8339974280000024
heat_phi,fno,250,1000020,0.0015159792660880095,1.8339974280000024
heat_phi,fno,250,1000021,0.0016620711623211088,1.8339974280000024
heat_phi,fno,250,1000022,0.0015572560722890325,1.8339974280000024
heat_phi,fno,250,1000023,0.0012738493795331196,1.8339974280000024
heat_phi,fno,250,1000024,0.0014247726239345335,1.8339974280000024
heat_phi,fno,250,1000025,0.00280244757228853,1.8339974280000024
heat_phi,fno,250,1000026,0.0014264198015655504,1.8339974280000024
heat_phi,fno,250,1000027,0.0029651718130670195,1.8339974280000024
heat_phi,fno,250,1000028,0.0012186721167076566,1.8339974280000024
heat_phi,fno,250,1000029,0.0017481858543343842,1.8339974280000024
heat_phi,fno,250,1000030,0.0010448095030289061,1.8339974280000024
heat_phi,fno,250,1000031,0.001605520500324719,1.8339974280000024
heat_phi,fno,250,1000032,0.0011440551673517385,1.8339974280000024
heat_phi,fno,250,1000033,0.0010591354215004466,1.8339974280000024
heat_phi,fno,250,1000034,0.002419531013274174,1.8339974280000024
heat_phi,fno,250,1000035,0.001152935795041058,1.8339974280000024
heat_phi,fno,250,1000036,0.001505627270933538,1.8339974280000024
heat_phi,fno,250,1000037,0.0019552766998127452,1.8339974280000024
heat_phi,fno,250,1000038,0.0032417247350596877,1.8339974280000024
heat_phi,fno,250,1000039,0.0021921486512338183,1.8339974280000024
heat_phi,fno,250,1000040,0.0011325223121877118,1.8339974280000024
heat_phi,fno,250,1000041,0.001386016040080335,1.8339974280000024
heat_phi,fno,250,1000042,0.0013312443940895664,1.8339974280000024
heat_phi,fno,250,1000043,0.0014266469117411766,1.8339974280000024
heat_phi,fno,250,1000044,0.0018285215219849859,1.8339974280000024
heat_phi,fno,250,1000045,0.0017323953146284256,1.8339974280000024
heat_phi,fno,250,1000046,0.002204373043239494,1.8339974280000024
heat_phi,fno,250,1000047,0.0021803127442972282,1.8339974280000024
heat_phi,fno,250,1000048,0.0021700333937867246,1.8339974280000024
heat_phi,fno,250,1000049,0.003699643258707853,1.8339974280000024
heat_phi,attn,250,1000000,0.020162760165324884,3.7393966320001346
heat_phi,attn,250,1000001,0.10203090765114052,3.7393966320001346
heat_phi,attn,250,1000002,0.05382145082989598,3.7393966320001346
heat_phi,attn,250,1000003,0.043531409399964874,3.7393966320001346
heat_phi,attn,250,1000004,0.015142698578675765,3.7393966320001346
heat_phi,attn,250,1000005,0.027458480222753025,3.7393966320001346
heat_phi,attn,250,1000006,0.044603627496670226,3.7393966320001346
heat_phi,attn,250,1000007,0.04030410181770432,3.7393966320001346
heat_phi,attn,250,1000008,0.01973451726293788,3.7393966320001346
heat_phi,attn,250,1000009,0.012068156428316325,3.7393966320001346
heat_phi,attn,250,1000010,0.017564506530237337,3.7393966320001346
heat_phi,attn,250,1000011,0.05953809590554474,3.7393966320001346
heat_phi,attn,250,1000012,0.027781504722378222,3.7393966320001346
heat_phi,attn,250,1000013,0.02866200236246004,3.7393966320001346
heat_phi,attn,250,1000014,0.031235167852714865,3.7393966320001346
heat_phi,attn,250,1000015,0.0754861950134298,3.7393966320001346
heat_phi,attn,250,1000016,0.03809822966255112,3.7393966320001346
heat_phi,attn,250,1000017,0.020323822521565692,3.7393966320001346
heat_phi,attn,250,1000018,0.0380661637894879,3.7393966320001346
heat_phi,attn,250,1000019,0.0277710907336778,3.7393966320001346
heat_phi,attn,250,1000020,0.024994580161937365,3.7393966320001346
heat_phi,attn,250,1000021,0.028966794603765875,3.7393966320001346
heat_phi,attn,250,1000022,0.041635261304152786,3.7393966320001346
heat_phi,attn,250,1000023,0.02233034442476608,3.7393966320001346
heat_phi,attn,250,1000024,0.024838192757606504,3.7393966320001346
heat_phi,attn,250,1000025,0.052467153360307744,3.7393966320001346
heat_phi,attn,250,1000026,0.03219150856288286,3.7393966320001346
heat_phi,attn,250,1000027,0.09984816439575682,3.7393966320001346
heat_phi,attn,250,1000028,0.01759820450339452,3.7393966320001346
heat_phi,attn,250,1000029,0.024808986417029555,3.7393966320001346
heat_phi,attn,250,1000030,0.030187098670525214,3.7393966320001346
heat_phi,attn,250,1000031,0.05114089837351286,3.7393966320001346
heat_phi,attn,250,1000032,0.03117590955877243,3.7393966320001346
heat_phi,attn,250,1000033,0.0332453795716969,3.7393966320001346
heat_phi,attn,250,1000034,0.07748688183454563,3.7393966320001346
heat_phi,attn,250,1000035,0.03954435791549042,3.7393966320001346
heat_phi,attn,250,1000036,0.01906852043744123,3.7393966320001346
heat_phi,attn,250,1000037,0.04486996413922645,3.7393966320001346
heat_phi,attn,250,1000038,0.05330948186146889,3.7393966320001346
heat_phi,attn,250,1000039,0.011233294220363255,3.7393966320001346
heat_phi,attn,250,1000040,0.02076177478027791,3.7393966320001346
heat_phi,attn,250,1000041,0.042607677565594824,3.7393966320001346
heat_phi,attn,250,1000042,0.01998251768055096,3.7393966320001346
heat_phi,attn,250,1000043,0.05883204321959406,3.7393966320001346
heat_phi,attn,250,1000044,0.03480740572557474,3.7393966320001346
heat_phi,attn,250,1000045,0.04571570828068967,3.7393966320001346
heat_phi,attn,250,1000046,0.06942319900619882,3.7393966320001346
heat_phi,attn,250,1000047,0.03285554241063687,3.7393966320001346
heat_phi,attn,250,1000048,0.04265940260570882,3.7393966320001346
heat_phi,attn,250,1000049,0.11501939317312304,3.7393966320001346
heat_phi,coeffmlp,250,1000000,0.003786079506883298,1.4117321439999797
heat_phi,coeffmlp,250,1000001,0.029713111102676232,1.4117321439999797
heat_phi,coeffmlp,250,1000002,0.010004196118889254,1.4117321439999797
heat_phi,coeffmlp,250,1000003,0.01826941962386417,1.4117321439999797
heat_phi,coeffmlp,250,1000004,0.003770551509041723,1.4117321439999797
heat_phi,coeffmlp,250,1000005,0.0032625024298354654,1.4117321439999797
heat_phi,coeffmlp,250,1000006,0.013545476196539336,1.4117321439999797
heat_phi,coeffmlp,250,1000007,0.009257416308286028,1.4117321439999797
heat_phi,coeffmlp,250,1000008,0.004397367663584811,1.4117321439999797
heat_phi,coeffmlp,250,1000009,0.0028175099055778065,1.4117321439999797
heat_phi,coeffmlp,250,1000010,0.004151106364259703,1.4117321439999797
heat_phi,coeffmlp,250,1000011,0.010807223938863323,1.4117321439999797
heat_phi,coeffmlp,250,1000012,0.010912278633382268,1.4117321439999797
heat_phi,coeffmlp,250,1000013,0.008649619050371793,1.4117321439999797
heat_phi,coeffmlp,250,1000014,0.004883305423440512,1.4117321439999797
heat_phi,coeffmlp,250,1000015,0.03510166950496994,1.4117321439999797
heat_phi,coeffmlp,250,1000016,0.00544640871205309,1.4117321439999797
heat_phi,coeffmlp,250,1000017,0.006599547850072132,1.4117321439999797
heat_phi,coeffmlp,250,1000018,0.002995073129266764,1.4117321439999797
heat_phi,coeffmlp,250,1000019,0.006359361969977373,1.4117321439999797
heat_phi,coeffmlp,250,1000020,0.00601077674700848,1.4117321439999797
heat_phi,coeffmlp,250,1000021,0.0037319118317990507,1.4117321439999797
heat_phi,coeffmlp,250,1000022,0.01001803669785571,1.4117321439999797
heat_phi,coeffmlp,250,1000023,0.0036565030363825044,1.4117321439999797
heat_phi,coeffmlp,250,1000024,0.0066242272881326895,1.4117321439999797
heat_phi,coeffmlp,250,1000025,0.029719636530224483,1.4117321439999797
heat_phi,coeffmlp,250,1000026,0.0026927533165358474,1.4117321439999797
heat_phi,coeffmlp,250,1000027,0.03198809494638097,1.4117321439999797
heat_phi,coeffmlp,250,1000028,0.003585881313024958,1.4117321439999797
heat_phi,coeffmlp,250,1000029,0.006585717930595888,1.4117321439999797
heat_phi,coeffmlp,250,1000030,0.004282637355887307,1.4117321439999797
heat_phi,coeffmlp,250,1000031,0.0043430519954649445,1.4117321439999797
heat_phi,coeffmlp,250,1000032,0.0036336668020387174,1.4117321439999797
heat_phi,coeffmlp,250,1000033,0.0026762256652367268,1.4117321439999797
heat_phi,coeffmlp,250,1000034,0.038062968578662496,1.4117321439999797
heat_phi,coeffmlp,250,1000035,0.006164177348766506,1.4117321439999797
heat_phi,coeffmlp,250,1000036,0.002848021738528962,1.4117321439999797
heat_phi,coeffmlp,250,1000037,0.0071437313286544695,1.4117321439999797
heat_phi,coeffmlp,250,1000038,0.012061687481444998,1.4117321439999797
heat_phi,coeffmlp,250,1000039,0.00667608981029082,1.4117321439999797
heat_phi,coeffmlp,250,1000040,0.0030826889725965607,1.4117321439999797
heat_phi,coeffmlp,250,1000041,0.005229847058533551,1.4117321439999797
heat_phi,coeffmlp,250,1000042,0.0059989283021449034,1.4117321439999797
heat_phi,coeffmlp,250,1000043,0.005575340189488485,1.4117321439999797
heat_phi,coeffmlp,250,1000044,0.0055708471896540645,1.4117321439999797
heat_phi,coeffmlp,250,1000045,0.0053824318794021,1.4117321439999797
heat_phi,coeffmlp,250,1000046,0.01751517447654497,1.4117321439999797
heat_phi,coeffmlp,250,1000047,0.00703154192977943,1.4117321439999797
heat_phi,coeffmlp,250,1000048,0.00836791698786423,1.4117321439999797
heat_phi,coeffmlp,250,1000049,0.021066331193749746,1.4117321439999797
heat_phi,deeponet,1000,1000000,0.0024959268762844568,0.9545314380001219
heat_phi,deeponet,1000,1000001,0.004496068792593651,0.9545314380001219
heat_phi,deeponet,1000,1000002,0.00633391339782438,0.9545314380001219
heat_phi,deeponet,1000,1000003,0.001843949255972844,0.9545314380001219
heat_phi,deeponet,1000,1000004,0.0022574181890174785,0.9545314380001219
heat_phi,deeponet,1000,1000005,0.0026043331611711115,0.9545314380001219
heat_phi,deeponet,1000,1000006,0.006394191358892616,0.9545314380001219
heat_phi,deeponet,1000,1000007,0.0030908266309814347,0.9545314380001219
heat_phi,deeponet,1000,1000008,0.0011877566470984494,0.9545314380001219
heat_phi,deeponet,1000,1000009,0.001681729305447318,0.9545314380001219
heat_phi,deeponet,1000,1000010,0.0017575130469561781,0.9545314380001219
heat_phi,deeponet,1000,1000011,0.005405102816419447,0.9545314380001219
heat_phi,deeponet,1000,1000012,0.003526696030267118,0.9545314380001219
heat_phi,deeponet,1000,1000013,0.0016696795931705427,0.9545314380001219
heat_phi,deeponet,1000,1000014,0.0012432820959443658,0.9545314380001219
heat_phi,deeponet,1000,1000015,0.0017706767658514676,0.9545314380001219
heat_phi,deeponet,1000,1000016,0.002354760238476449,0.9545314380001219
heat_phi,deeponet,1000,1000017,0.0015215633982158412,0.9545314380001219
heat_phi,deeponet,1000,1000018,0.002172817758719979,0.9545314380001219
heat_phi,deeponet,1000,1000019,0.0018768818452795553,0.9545314380001219
heat_phi,deeponet,1000,1000020,0.0014871930164253784,0.9545314380001219
heat_phi,deeponet,1000,1000021,0.002396640757025303,0.9545314380001219
heat_phi,deeponet,1000,1000022,0.002190454584763887,0.9545314380001219
heat_phi,deeponet,1000,1000023,0.001465760133307502,0.9545314380001219
heat_phi,deeponet,1000,1000024,0.0029520385815534245,0.9545314380001219
heat_phi,deeponet,1000,1000025,0.003959761023047836,0.9545314380001219
heat_phi,deeponet,1000,1000026,0.002100069222867658,0.9545314380001219
heat_phi,deeponet,1000,1000027,0.00330128128789086,0.9545314380001219
heat_phi,deeponet,1000,1000028,0.0025155037998443293,0.9545314380001219
heat_phi,deeponet,1000,1000029,0.0013779455255624048,0.9545314380001219
heat_phi,deeponet,1000,1000030,0.0028679517623717422,0.9545314380001219
heat_phi,deeponet,1000,1000031,0.002588496355374287,0.9545314380001219
heat_phi,deeponet,1000,1000032,0.001097915586115746,0.9545314380001219
heat_phi,deeponet,1000,1000033,0.0021520266812477353,0.9545314380001219
heat_phi,deeponet,1000,1000034,0.002114521525056612,0.9545314380001219
heat_phi,deeponet,1000,1000035,0.0016901233142281495,0.9545314380001219
heat_phi,deeponet,1000,1000036,0.002776347370298444,0.9545314380001219
heat_phi,deeponet,1000,1000037,0.004951868369651175,0.9545314380001219
heat_phi,deeponet,1000,1000038,0.003763926247316394,0.9545314380001219
heat_phi,deeponet,1000,1000039,0.002004699882674903,0.9545314380001219
heat_phi,deeponet,1000,1000040,0.0015246398295141934,0.9545314380001219
heat_phi,deeponet,1000,1000041,0.0025919170861922495,0.9545314380001219
heat_phi,deeponet,1000,1000042,0.0024391509379737652,0.9545314380001219
heat_phi,deeponet,1000,1000043,0.0022047163045526633,0.9545314380001219
heat_phi,deeponet,1000,1000044,0.001763893541571325,0.9545314380001219
heat_phi,deeponet,1000,1000045,0.0026809017211810978,0.9545314380001219
heat_phi,deeponet,1000,1000046,0.0039335035528804034,0.9545314380001219
heat_phi,deeponet,1000,1000047,0.0024731883460124005,0.9545314380001219
heat_phi,deeponet,1000,1000048,0.005806802513645508,0.9545314380001219
heat_phi,deeponet,1000,1000049,0.006949754002400288,0.9545314380001219
heat_phi,fno,1000,1000000,0.0007274205380599871,1.9086329119998846
heat_phi,fno,1000,1000001,0.001981913234478565,1.9086329119998846
heat_phi,fno,1000,1000002,0.001325817532701141,1.9086329119998846
heat_phi,fno,1000,1000003,0.0007066583424632464,1.9086329119998846
heat_phi,fno,1000,1000004,0.0009224616515208237,1.9086329119998846
heat_phi,fno,1000,1000005,0.0006529269476232728,1.9086329119998846
heat_phi,fno,1000,1000006,0.0021001053428143495,1.9086329119998846
heat_phi,fno,1000,1000007,0.0008575663803812351,1.9086329119998846
heat_phi,fno,1000,1000008,0.0004685004811300201,1.9086329119998846
heat_phi,fno,1000,1000009,0.0007489193712177367,1.9086329119998846
heat_phi,fno,1000,1000010,0.0006476005797845087,1.9086329119998846
heat_phi,fno,1000,1000011,0.0021416964253252557,1.9086329119998846
heat_phi,fno,1000,1000012,0.0011100792404056855,1.9086329119998846
heat_phi,fno,1000,1000013,0.0006313095802235998,1.9086329119998846
heat_phi,fno,1000,1000014,0.0009309470602973042,1.9086329119998846
heat_phi,fno,1000,1000015,0.0006706438736916315,1.9086329119998846
heat_phi,fno,1000,1000016,0.0007580932916597001,1.9086329119998846
heat_phi,fno,1000,1000017,0.0008845810464646086,1.9086329119998846
heat_phi,fno,1000,1000018,0.000900924699053255,1.9086329119998846
heat_phi,fno,1000,1000019,0.0009472847761167586,1.9086329119998846
heat_phi,fno,1000,1000020,0.0008704964885722061,1.9086329119998846
heat_phi,fno,1000,1000021,0.001224885073522592,1.9086329119998846
heat_phi,fno,1000,1000022,0.0009455858053886572,1.9086329119998846
heat_phi,fno,1000,1000023,0.0007747038577956374,1.9086329119998846
heat_phi,fno,1000,1000024,0.0009312480986355893,1.9086329119998846
heat_phi,fno,1000,1000025,0.0011475299316064172,1.9086329119998846
heat_phi,fno,1000,1000026,0.0010827956963399717,1.9086329119998846
heat_phi,fno,1000,1000027,0.001355007175739325,1.9086329119998846
heat_phi,fno,1000,1000028,0.0007101694071611809,1.9086329119998846
heat_phi,fno,1000,1000029,0.0007708741635782802,1.9086329119998846
heat_phi,fno,1000,1000030,0.0005075800026052651,1.9086329119998846
heat_phi,fno,1000,1000031,0.0011039158268935016,1.9086329119998846
heat_phi,fno,1000,1000032,0.0007875737052689042,1.9086329119998846
heat_phi,fno,1000,1000033,0.0007344558670214861,1.9086329119998846
heat_phi,fno,1000,1000034,0.0012367732739053958,1.9086329119998846
heat_phi,fno,1000,1000035,0.0007049858812311324,1.9086329119998846
heat_phi,fno,1000,1000036,0.0005261019291423646,1.9086329119998846
heat_phi,fno,1000,1000037,0.0008108189045478017,1.9086329119998846
heat_phi,fno,1000,1000038,0.001805373494160327,1.9086329119998846
heat_phi,fno,1000,1000039,0.0016641913664366668,1.9086329119998846
heat_phi,fno,1000,1000040,0.0006740922405655187,1.9086329119998846
heat_phi,fno,1000,1000041,0.0008717596527740788,1.9086329119998846
heat_phi,fno,1000,1000042,0.0007835640303213185,1.9086329119998846
heat_phi,fno,1000,1000043,0.0008690897111731602,1.9086329119998846
heat_phi,fno,1000,1000044,0.0011908413149015937,1.9086329119998846
heat_phi,fno,1000,1000045,0.0007146997990730272,1.9086329119998846
heat_phi,fno,1000,1000046,0.0011391309505537075,1.9086329119998846
heat_phi,fno,1000,1000047,0.0010300736400233037,1.9086329119998846
heat_phi,fno,1000,1000048,0.0013733214264367976,1.9086329119998846
heat_phi,fno,1000,1000049,0.0018021517996363707,1.9086329119998846
heat_phi,attn,1000,1000000,0.004936797788572904,3.7195497820001036
heat_phi,attn,1000,1000001,0.013109209431856289,3.7195497820001036
heat_phi,attn,1000,1000002,0.013659750666854821,3.7195497820001036
heat_phi,attn,1000,1000003,0.013652589284397458,3.7195497820001036
heat_phi,attn,1000,1000004,0.004338720783188962,3.7195497820001036
heat_phi,attn,1000,1000005,0.0027865817617552884,3.7195497820001036
heat_phi,attn,1000,1000006,0.009104573927891655,3.7195497820001036
heat_phi,attn,1000,1000007,0.005517314361046961,3.7195497820001036
heat_phi,attn,1000,1000008,0.0031868781459285004,3.7195497820001036
heat_phi,attn,1000,1000009,0.002967874203657729,3.7195497820001036
heat_phi,attn,1000,1000010,0.0029263268831072426,3.7195497820001036
heat_phi,attn,1000,1000011,0.01052946827100634,3.7195497820001036
heat_phi,attn,1000,1000012,0.004845189442331704,3.7195497820001036
heat_phi,attn,1000,1000013,0.004026663981321771,3.7195497820001036
heat_phi,attn,1000,1000014,0.005713172756601489,3.7195497820001036
heat_phi,attn,1000,1000015,0.02838345506251999,3.7195497820001036
heat_phi,attn,1000,1000016,0.005143184413204155,3.7195497820001036
heat_phi,attn,1000,1000017,0.004046182814960683,3.7195497820001036
heat_phi,attn,1000,1000018,0.006047150054474965,3.7195497820001036
heat_phi,attn,1000,1000019,0.005325944159493608,3.7195497820001036
heat_phi,attn,1000,1000020,0.0029365571350531182,3.7195497820001036
heat_phi,attn,1000,1000021,0.006229798803489731,3.7195497820001036
heat_phi,attn,1000,1000022,0.008738227654022398,3.7195497820001036
heat_phi,attn,1000,1000023,0.004603612992361328,3.7195497820001036
heat_phi,attn,1000,1000024,0.009627556980363867,3.7195497820001036
heat_phi,attn,1000,1000025,0.009330100030642836,3.7195497820001036
heat_phi,attn,1000,1000026,0.0034917944699966964,3.7195497820001036
heat_phi,attn,1000,1000027,0.01019414415419437,3.7195497820001036
heat_phi,attn,1000,1000028,0.0052314989271251425,3.7195497820001036
heat_phi,attn,1000,1000029,0.003303765559810263,3.7195497820001036
heat_phi,attn,1000,1000030,0.004426713531240645,3.7195497820001036
heat_phi,attn,1000,1000031,0.01611503595527116,3.7195497820001036
heat_phi,attn,1000,1000032,0.003332041810276391,3.7195497820001036
heat_phi,attn,1000,1000033,0.004641636810835855,3.7195497820001036
heat_phi,attn,1000,1000034,0.015193964063849236,3.7195497820001036
heat_phi,attn,1000,1000035,0.002438830472417433,3.7195497820001036
heat_phi,attn,1000,1000036,0.005894937395824183,3.7195497820001036
heat_phi,attn,1000,1000037,0.006095021764041316,3.7195497820001036
heat_phi,attn,1000,1000038,0.012042756552473907,3.7195497820001036
heat_phi,attn,1000,1000039,0.00371583708220716,3.7195497820001036
heat_phi,attn,1000,1000040,0.0033163624712088725,3.7195497820001036
heat_phi,attn,1000,1000041,0.0053283205205172796,3.7195497820001036
heat_phi,attn,1000,1000042,0.00640750616000325,3.7195497820001036
heat_phi,attn,1000,1000043,0.004758026992800929,3.7195497820001036
heat_phi,attn,1000,1000044,0.005103994851639013,3.7195497820001036
heat_phi,attn,1000,1000045,0.0025707975694340027,3.7195497820001036
heat_phi,attn,1000,1000046,0.011280723497053655,3.7195497820001036
heat_phi,attn,1000,1000047,0.005625338463567609,3.7195497820001036
heat_phi,attn,1000,1000048,0.009016731856691367,3.7195497820001036
heat_phi,attn,1000,1000049,0.01946618318287241,3.7195497820001036
heat_phi,coeffmlp,1000,1000000,0.001452278439265665,1.5339633859999595
heat_phi,coeffmlp,1000,1000001,0.004997608174898302,1.5339633859999595
heat_phi,coeffmlp,1000,1000002,0.005221897140902246,1.5339633859999595
heat_phi,coeffmlp,1000,1000003,0.004918290440456098,1.5339633859999595
heat_phi,coeffmlp,1000,1000004,0.0024886434918188816,1.5339633859999595
heat_phi,coeffmlp,1000,1000005,0.00280806400854115,1.5339633859999595
heat_phi,coeffmlp,1000,1000006,0.005996814635341379,1.5339633859999595
heat_phi,coeffmlp,1000,1000007,0.0028302170306161714,1.5339633859999595
heat_phi,coeffmlp,1000,1000008,0.0018517040264563187,1.5339633859999595
heat_phi,coeffmlp,1000,1000009,0.0012638920861231227,1.5339633859999595
heat_phi,coeffmlp,1000,1000010,0.0014880251238095046,1.5339633859999595
heat_phi,coeffmlp,1000,1000011,0.004433368019122817,1.5339633859999595
heat_phi,coeffmlp,1000,1000012,0.002577611070115292,1.5339633859999595
heat_phi,coeffmlp,1000,1000013,0.003936855041359166,1.5339633859999595
heat_phi,coeffmlp,1000,1000014,0.0017782731043721773,1.5339633859999595
heat_phi,coeffmlp,1000,1000015,0.009624766920293322,1.5339633859999595
heat_phi,coeffmlp,1000,1000016,0.0020178713210034054,1.5339633859999595
heat_phi,coeffmlp,1000,1000017,0.002004725058304709,1.5339633859999595
heat_phi,coeffmlp,1000,1000018,0.0015826865585277725,1.5339633859999595
heat_phi,coeffmlp,1000,1000019,0.003335432586487748,1.5339633859999595
heat_phi,coeffmlp,1000,1000020,0.0017819303599207633,1.5339633859999595
heat_phi,coeffmlp,1000,1000021,0.002203325636790422,1.5339633859999595
heat_phi,coeffmlp,1000,1000022,0.003035973930232314,1.5339633859999595
heat_phi,coeffmlp,1000,1000023,0.0018441247966182513,1.5339633859999595
heat_phi,coeffmlp,1000,1000024,0.003032013229016781,1.5339633859999595
heat_phi,coeffmlp,1000,1000025,0.004219531655921777,1.5339633859999595
heat_phi,coeffmlp,1000,1000026,0.0017646869987871816,1.5339633859999595
heat_phi,coeffmlp,1000,1000027,0.010057457547758736,1.5339633859999595
heat_phi,coeffmlp,1000,1000028,0.0016057809896697427,1.5339633859999595
heat_phi,coeffmlp,1000,1000029,0.00238148796821989,1.5339633859999595
heat_phi,coeffmlp,1000,1000030,0.003583231662493854,1.5339633859999595
heat_phi,coeffmlp,1000,1000031,0.002108631496666536,1.5339633859999595
heat_phi,coeffmlp,1000,1000032,0.0016316806594601468,1.5339633859999595
heat_phi,coeffmlp,1000,1000033,0.0018383096276527772,1.5339633859999595
heat_phi,coeffmlp,1000,1000034,0.0176043993960804,1.5339633859999595
heat_phi,coeffmlp,1000,1000035,0.0033650723072773674,1.5339633859999595
heat_phi,coeffmlp,1000,1000036,0.0026651040504794134,1.5339633859999595
heat_phi,coeffmlp,1000,1000037,0.0029840315648037466,1.5339633859999595
heat_phi,coeffmlp,1000,1000038,0.002864840482500367,1.5339633859999595
heat_phi,coeffmlp,1000,1000039,0.0024466157305859902,1.5339633859999595
heat_phi,coeffmlp,1000,1000040,0.0019587510781481935,1.5339633859999595
heat_phi,coeffmlp,1000,1000041,0.0019059428055813094,1.5339633859999595
heat_phi,coeffmlp,1000,1000042,0.003065235313850117,1.5339633859999595
heat_phi,coeffmlp,1000,1000043,0.0022802407648400995,1.5339633859999595
heat_phi,coeffmlp,1000,1000044,0.0021675554350279944,1.5339633859999595
heat_phi,coeffmlp,1000,1000045,0.0019051161036202564,1.5339633859999595
heat_phi,coeffmlp,1000,1000046,0.004714844547598669,1.5339633859999595
heat_phi,coeffmlp,1000,1000047,0.002560295287820075,1.5339633859999595
heat_phi,coeffmlp,1000,1000048,0.003381361583962006,1.5339633859999595
heat_phi,coeffmlp,1000,1000049,0.012895762862051036,1.5339633859999595
ac_phi,per_phi,0,1000000,0.0048849333042023605,0.09207052400000976
ac_phi,per_phi,0,1000001,0.0037036542981229202,0.18289806200002204
ac_phi,per_phi,0,1000002,0.012564478815980355,0.2750715659999696
ac_phi,per_phi,0,1000003,0.0030748763694374895,0.3686376379999274
ac_phi,per_phi,0,1000004,0.0048365294906430305,0.4632392080000136
ac_phi,per_phi,0,1000005,0.0034082358116870395,0.555321624000062
ac_phi,per_phi,0,1000006,0.008842597456477929,0.6482665240000642
ac_phi,per_phi,0,1000007,0.006279374308062974,0.7405189339999925
ac_phi,per_phi,0,1000008,0.0039012403538703617,0.8333268680000038
ac_phi,per_phi,0,1000009,0.004864221812118511,0.9266133020000415
ac_phi,per_phi,0,1000010,0.005363868282731402,1.0169303540000691
ac_phi,per_phi,0,1000011,0.011104428359148306,1.109393287999992
ac_phi,per_phi,0,1000012,0.007264743243018453,1.202638694000052
ac_phi,per_phi,0,1000013,0.011070199192379764,1.2979366320000554
ac_phi,per_phi,0,1000014,0.006020953338692392,1.3903196779999416
ac_phi,per_phi,0,1000015,0.004954202895455746,1.4817954779999853
ac_phi,per_phi,0,1000016,0.005170956709762016,1.5796680559999368
ac_phi,per_phi,0,1000017,0.005989416855051047,1.6713849759999722
ac_phi,per_phi,0,1000018,0.006169343308785609,1.7621585900000354
ac_phi,per_phi,0,1000019,0.00812679860594099,1.8595236060000024
ac_phi,per_phi,0,1000020,0.005587387015515338,1.9568238640000346
ac_phi,per_phi,0,1000021,0.007777009905418413,2.049147074000066
ac_phi,per_phi,0,1000022,0.008395519625735738,2.1406966019999527
ac_phi,per_phi,0,1000023,0.0029061630764622482,2.2363425879999705
ac_phi,per_phi,0,1000024,0.005208475530756943,2.3276750360000005
ac_phi,per_phi,0,1000025,0.010032735136388249,2.41812895199997
ac_phi,per_phi,0,1000026,0.004026170265167733,2.508077002000064
ac_phi,per_phi,0,1000027,0.004677132432977216,2.5919771059999768
ac_phi,per_phi,0,1000028,0.003915423446648137,2.6805930680000163
ac_phi,per_phi,0,1000029,0.005512059219242349,2.7655998920000275
ac_phi,per_phi,0,1000030,0.005285156103877536,2.84531834399997
ac_phi,per_phi,0,1000031,0.004898410470790583,2.9248998220000066
ac_phi,per_phi,0,1000032,0.005305978966225039,3.0043241340000533
ac_phi,per_phi,0,1000033,0.0038903416067045714,3.0836674199999834
ac_phi,per_phi,0,1000034,0.007517948848363432,3.1628933040000264
ac_phi,per_phi,0,1000035,0.007407460274757554,3.24203960800005
ac_phi,per_phi,0,1000036,0.006567066181083651,3.3205883979999635
ac_phi,per_phi,0,1000037,0.006395307699733928,3.399628765999951
ac_phi,per_phi,0,1000038,0.006736308479221015,3.47794418999998
ac_phi,per_phi,0,1000039,0.004996248987560168,3.5561824939999496
ac_phi,per_phi,0,1000040,0.010663254371003213,3.6344681700000363
ac_phi,per_phi,0,1000041,0.0035978312948339516,3.712943282000051
ac_phi,per_phi,0,1000042,0.004782309277297565,3.7911852380000344
ac_phi,per_phi,0,1000043,0.009609969705253532,3.8693916019999595
ac_phi,per_phi,0,1000044,0.0035839046397720255,3.9474140499999337
ac_phi,per_phi,0,1000045,0.005514694044904995,4.0254045440000485
ac_phi,per_phi,0,1000046,0.011551504850147068,4.103558087999991
ac_phi,per_phi,0,1000047,0.007576068559495,4.1812464520000505
ac_phi,per_phi,0,1000048,0.008930338874463326,4.258638646000036
ac_phi,per_phi,0,1000049,0.018208765157918978,4.33720444999999
ac_phi,deeponet,250,1000000,0.015851983372314853,0.8533830040000612
ac_phi,deeponet,250,1000001,0.026694978234192826,0.8533830040000612
ac_phi,deeponet,250,1000002,0.02981029153969261,0.8533830040000612
ac_phi,deeponet,250,1000003,0.028996137669391478,0.8533830040000612
ac_phi,deeponet,250,1000004,0.019664771145802177,0.8533830040000612
ac_phi,deeponet,250,1000005,0.017371829393687498,0.8533830040000612
ac_phi,deeponet,250,1000006,0.034657901600353126,0.8533830040000612
ac_phi,deeponet,250,1000007,0.02163590363058455,0.8533830040000612
ac_phi,deeponet,250,1000008,0.014222305658423461,0.8533830040000612
ac_phi,deeponet,250,1000009,0.015120574842475164,0.8533830040000612
ac_phi,deeponet,250,1000010,0.01989594962303651,0.8533830040000612
ac_phi,deeponet,250,1000011,0.03334560415113589,0.8533830040000612
ac_phi,deeponet,250,1000012,0.022375341773441637,0.8533830040000612
ac_phi,deeponet,250,1000013,0.012815178563748747,0.8533830040000612
ac_phi,deeponet,250,1000014,0.026800902329517637,0.8533830040000612
ac_phi,deeponet,250,1000015,0.026024694106671544,0.8533830040000612
ac_phi,deeponet,250,1000016,0.026574401303913767,0.8533830040000612
ac_phi,deeponet,250,1000017,0.01445637850727144,0.8533830040000612
ac_phi,deeponet,250,1000018,0.012074854207022576,0.8533830040000612
ac_phi,deeponet,250,1000019,0.011231652797708118,0.8533830040000612
ac_phi,deeponet,250,1000020,0.021850862808576167,0.8533830040000612
ac_phi,deeponet,250,1000021,0.014955993079630657,0.8533830040000612
ac_phi,deeponet,250,1000022,0.031465210016152205,0.8533830040000612
ac_phi,deeponet,250,1000023,0.013291339141466942,0.8533830040000612
ac_phi,deeponet,250,1000024,0.014039316975407716,0.8533830040000612
ac_phi,deeponet,250,1000025,0.033970951046803546,0.8533830040000612
ac_phi,deeponet,250,1000026,0.01469520086478768,0.8533830040000612
ac_phi,deeponet,250,1000027,0.03811444979537317,0.8533830040000612
ac_phi,deeponet,250,1000028,0.01708624275111456,0.8533830040000612
ac_phi,deeponet,250,1000029,0.01723347330730366,0.8533830040000612
ac_phi,deeponet,250,1000030,0.015810783198386427,0.8533830040000612
ac_phi,deeponet,250,1000031,0.012761447514995642,0.8533830040000612
ac_phi,deeponet,250,1000032,0.016283975010821048,0.8533830040000612
ac_phi,deeponet,250,1000033,0.015127394464077418,0.8533830040000612
ac_phi,deeponet,250,1000034,0.036543168561676935,0.8533830040000612
ac_phi,deeponet,250,1000035,0.022837680302549693,0.8533830040000612
ac_phi,deeponet,250,1000036,0.025493151112757226,0.8533830040000612
ac_phi,deeponet,250,1000037,0.024925030254160017,0.8533830040000612
ac_phi,deeponet,250,1000038,0.028738172154353064,0.8533830040000612
ac_phi,deeponet,250,1000039,0.013162524239063058,0.8533830040000612
ac_phi,deeponet,250,1000040,0.024184854323518204,0.8533830040000612
ac_phi,deeponet,250,1000041,0.019135264132934014,0.8533830040000612
ac_phi,deeponet,250,1000042,0.015584800334932153,0.8533830040000612
ac_phi,deeponet,250,1000043,0.02301328292986725,0.8533830040000612
ac_phi,deeponet,250,1000044,0.026356479934316272,0.8533830040000612
ac_phi,deeponet,250,1000045,0.026547341429297943,0.8533830040000612
ac_phi,deeponet,250,1000046,0.04626084893609597,0.8533830040000612
ac_phi,deeponet,250,1000047,0.01937367151337105,0.8533830040000612
ac_phi,deeponet,250,1000048,0.042542489032369894,0.8533830040000612
ac_phi,deeponet,250,1000049,0.03890801841224768,0.8533830040000612
ac_phi,fno,250,1000000,0.00784237145165886,1.8204074560001027
ac_phi,fno,250,1000001,0.02229146683663915,1.8204074560001027
ac_phi,fno,250,1000002,0.016009627986781044,1.8204074560001027
ac_phi,fno,250,1000003,0.009520056134552387,1.8204074560001027
ac_phi,fno,250,1000004,0.01146474542497328,1.8204074560001027
ac_phi,fno,250,1000005,0.007132450897358057,1.8204074560001027
ac_phi,fno,250,1000006,0.02109345704091855,1.8204074560001027
ac_phi,fno,250,1000007,0.012632272906661112,1.8204074560001027
ac_phi,fno,250,1000008,0.008278711461386217,1.8204074560001027
ac_phi,fno,250,1000009,0.007886572492762273,1.8204074560001027
ac_phi,fno,250,1000010,0.006278526877542606,1.8204074560001027
ac_phi,fno,250,1000011,0.020029211155762124,1.8204074560001027
ac_phi,fno,250,1000012,0.016037799504760298,1.8204074560001027
ac_phi,fno,250,1000013,0.007142312537289544,1.8204074560001027
ac_phi,fno,250,1000014,0.015410519132447991,1.8204074560001027
ac_phi,fno,250,1000015,0.012184224055989356,1.8204074560001027
ac_phi,fno,250,1000016,0.011835164961621458,1.8204074560001027
ac_phi,fno,250,1000017,0.008697886839245016,1.8204074560001027
ac_phi,fno,250,1000018,0.00838903357952085,1.8204074560001027
ac_phi,fno,250,1000019,0.013261957915796438,1.8204074560001027
ac_phi,fno,250,1000020,0.012290441368013792,1.8204074560001027
ac_phi,fno,250,1000021,0.012779975266462986,1.8204074560001027
ac_phi,fno,250,1000022,0.016602532279305027,1.8204074560001027
ac_phi,fno,250,1000023,0.008556973890279233,1.8204074560001027
ac_phi,fno,250,1000024,0.012156032955319605,1.8204074560001027
ac_phi,fno,250,1000025,0.012405048280866932,1.8204074560001027
ac_phi,fno,250,1000026,0.010515852516039237,1.8204074560001027
ac_phi,fno,250,1000027,0.026349156476598197,1.8204074560001027
ac_phi,fno,250,1000028,0.009498565639758604,1.8204074560001027
ac_phi,fno,250,1000029,0.009785556419885592,1.8204074560001027
ac_phi,fno,250,1000030,0.009367196923811733,1.8204074560001027
ac_phi,fno,250,1000031,0.010376842734129936,1.8204074560001027
ac_phi,fno,250,1000032,0.008983772024928845,1.8204074560001027
ac_phi,fno,250,1000033,0.00733388582098127,1.8204074560001027
ac_phi,fno,250,1000034,0.019424374439714197,1.8204074560001027
ac_phi,fno,250,1000035,0.010717838018794345,1.8204074560001027
ac_phi,fno,250,1000036,0.014313422470393206,1.8204074560001027
ac_phi,fno,250,1000037,0.016188978433189487,1.8204074560001027
ac_phi,fno,250,1000038,0.028533749621261102,1.8204074560001027
ac_phi,fno,250,1000039,0.011279449148233362,1.8204074560001027
ac_phi,fno,250,1000040,0.009970588416927368,1.8204074560001027
ac_phi,fno,250,1000041,0.010173472126825261,1.8204074560001027
ac_phi,fno,250,1000042,0.011643947068754155,1.8204074560001027
ac_phi,fno,250,1000043,0.013446033750887588,1.8204074560001027
ac_phi,fno,250,1000044,0.008401905795423938,1.8204074560001027
ac_phi,fno,250,1000045,0.01667646062702647,1.8204074560001027
ac_phi,fno,250,1000046,0.016074271219064778,1.8204074560001027
ac_phi,fno,250,1000047,0.016920777749501698,1.8204074560001027
ac_phi,fno,250,1000048,0.014082571413412556,1.8204074560001027
ac_phi,fno,250,1000049,0.027514341660510692,1.8204074560001027
ac_phi,attn,250,1000000,0.04710701691921908,3.801688315999927
ac_phi,attn,250,1000001,0.1152606130017069,3.801688315999927
ac_phi,attn,250,1000002,0.056290172818306665,3.801688315999927
ac_phi,attn,250,1000003,0.0903780882129124,3.801688315999927
ac_phi,attn,250,1000004,0.036904766184189364,3.801688315999927
ac_phi,attn,250,1000005,0.04764680518870547,3.801688315999927
ac_phi,attn,250,1000006,0.06719547804241381,3.801688315999927
ac_phi,attn,250,1000007,0.09659469155824793,3.801688315999927
ac_phi,attn,250,1000008,0.047161186542037305,3.801688315999927
ac_phi,attn,250,1000009,0.040972255758901795,3.801688315999927
ac_phi,attn,250,1000010,0.03860978899419992,3.801688315999927
ac_phi,attn,250,1000011,0.11374037792604458,3.801688315999927
ac_phi,attn,250,1000012,0.05442359134830699,3.801688315999927
ac_phi,attn,250,1000013,0.054670276453296245,3.801688315999927
ac_phi,attn,250,1000014,0.06680402630926482,3.801688315999927
ac_phi,attn,250,1000015,0.04333832909093044,3.801688315999927
ac_phi,attn,250,1000016,0.10332599567753621,3.801688315999927
ac_phi,attn,250,1000017,0.038486346243257634,3.801688315999927
ac_phi,attn,250,1000018,0.05722550148071807,3.801688315999927
ac_phi,attn,250,1000019,0.042723019489049066,3.801688315999927
ac_phi,attn,250,1000020,0.03954348971845292,3.801688315999927
ac_phi,attn,250,1000021,0.07007529086326275,3.801688315999927
ac_phi,attn,250,1000022,0.05345209608620768,3.801688315999927
ac_phi,attn,250,1000023,0.02535630313087111,3.801688315999927
ac_phi,attn,250,1000024,0.05643045090116111,3.801688315999927
ac_phi,attn,250,1000025,0.09693765444397809,3.801688315999927
ac_phi,attn,250,1000026,0.07465059090839796,3.801688315999927
ac_phi,attn,250,1000027,0.1756373042249161,3.801688315999927
ac_phi,attn,250,1000028,0.048177149445185946,3.801688315999927
ac_phi,attn,250,1000029,0.029136275215065035,3.801688315999927
ac_phi,attn,250,1000030,0.04026912983761623,3.801688315999927
ac_phi,attn,250,1000031,0.11829490249214912,3.801688315999927
ac_phi,attn,250,1000032,0.07891511137844548,3.801688315999927
ac_phi,attn,250,1000033,0.052021998319894416,3.801688315999927
ac_phi,attn,250,1000034,0.06533875450683048,3.801688315999927
ac_phi,attn,250,1000035,0.05318670099119662,3.801688315999927
ac_phi,attn,250,1000036,0.08424450574588392,3.801688315999927
ac_phi,attn,250,1000037,0.06356862756559405,3.801688315999927
ac_phi,attn,250,1000038,0.07840349434230279,3.801688315999927
ac_phi,attn,250,1000039,0.03344818211642697,3.801688315999927
ac_phi,attn,250,1000040,0.08805353796518144,3.801688315999927
ac_phi,attn,250,1000041,0.06748141029398096,3.801688315999927
ac_phi,attn,250,1000042,0.053703110209409176,3.801688315999927
ac_phi,attn,250,1000043,0.13901824375617783,3.801688315999927
ac_phi,attn,250,1000044,0.06185302050659201,3.801688315999927
ac_phi,attn,250,1000045,0.09933223472583992,3.801688315999927
ac_phi,attn,250,1000046,0.13301437528487978,3.801688315999927
ac_phi,attn,250,1000047,0.05586593456807741,3.801688315999927
ac_phi,attn,250,1000048,0.05657876083773568,3.801688315999927
ac_phi,attn,250,1000049,0.1592308271566719,3.801688315999927
ac_phi,coeffmlp,250,1000000,0.008863330244826266,1.4690460160000658
ac_phi,coeffmlp,250,1000001,0.04708123887109674,1.4690460160000658
ac_phi,coeffmlp,250,1000002,0.022254599880200135,1.4690460160000658
ac_phi,coeffmlp,250,1000003,0.018049398100682016,1.4690460160000658
ac_phi,coeffmlp,250,1000004,0.008000949061824874,1.4690460160000658
ac_phi,coeffmlp,250,1000005,0.005894926110595319,1.4690460160000658
ac_phi,coeffmlp,250,1000006,0.015647127946241426,1.4690460160000658
ac_phi,coeffmlp,250,1000007,0.013326503643178092,1.4690460160000658
ac_phi,coeffmlp,250,1000008,0.015609048739903531,1.4690460160000658
ac_phi,coeffmlp,250,1000009,0.005901298231883449,1.4690460160000658
ac_phi,coeffmlp,250,1000010,0.005836087040954957,1.4690460160000658
ac_phi,coeffmlp,250,1000011,0.0149744764722166,1.4690460160000658
ac_phi,coeffmlp,250,1000012,0.01148544606710091,1.4690460160000658
ac_phi,coeffmlp,250,1000013,0.008823054659269698,1.4690460160000658
ac_phi,coeffmlp,250,1000014,0.014335232781105208,1.4690460160000658
ac_phi,coeffmlp,250,1000015,0.044519290619944675,1.4690460160000658
ac_phi,coeffmlp,250,1000016,0.012416411770774063,1.4690460160000658
ac_phi,coeffmlp,250,1000017,0.013902432043607391,1.4690460160000658
ac_phi,coeffmlp,250,1000018,0.006042947792545109,1.4690460160000658
ac_phi,coeffmlp,250,1000019,0.01995197891650574,1.4690460160000658
ac_phi,coeffmlp,250,1000020,0.012897299011788878,1.4690460160000658
ac_phi,coeffmlp,250,1000021,0.01338639827251235,1.4690460160000658
ac_phi,coeffmlp,250,1000022,0.018922888317173123,1.4690460160000658
ac_phi,coeffmlp,250,1000023,0.008925049906692198,1.4690460160000658
ac_phi,coeffmlp,250,1000024,0.014708507909994494,1.4690460160000658
ac_phi,coeffmlp,250,1000025,0.030710965154265458,1.4690460160000658
ac_phi,coeffmlp,250,1000026,0.007031919545963324,1.4690460160000658
ac_phi,coeffmlp,250,1000027,0.04291309383082394,1.4690460160000658
ac_phi,coeffmlp,250,1000028,0.009846480467833724,1.4690460160000658
ac_phi,coeffmlp,250,1000029,0.010433808044445268,1.4690460160000658
ac_phi,coeffmlp,250,1000030,0.012061712671291545,1.4690460160000658
ac_phi,coeffmlp,250,1000031,0.008289756092683967,1.4690460160000658
ac_phi,coeffmlp,250,1000032,0.009072742885097114,1.4690460160000658
ac_phi,coeffmlp,250,1000033,0.004809622790524195,1.4690460160000658
ac_phi,coeffmlp,250,1000034,0.06694141372393878,1.4690460160000658
ac_phi,coeffmlp,250,1000035,0.011659135639694333,1.4690460160000658
ac_phi,coeffmlp,250,1000036,0.00896544421518036,1.4690460160000658
ac_phi,coeffmlp,250,1000037,0.01342155631449902,1.4690460160000658
ac_phi,coeffmlp,250,1000038,0.021131851747584047,1.4690460160000658
ac_phi,coeffmlp,250,1000039,0.0136454806514741,1.4690460160000658
ac_phi,coeffmlp,250,1000040,0.008973067612100899,1.4690460160000658
ac_phi,coeffmlp,250,1000041,0.010242954815246725,1.4690460160000658
ac_phi,coeffmlp,250,1000042,0.020769051952292138,1.4690460160000658
ac_phi,coeffmlp,250,1000043,0.009058848322153411,1.4690460160000658
ac_phi,coeffmlp,250,1000044,0.008879226472990278,1.4690460160000658
ac_phi,coeffmlp,250,1000045,0.007199558946969385,1.4690460160000658
ac_phi,coeffmlp,250,1000046,0.029369064749857884,1.4690460160000658
ac_phi,coeffmlp,250,1000047,0.01520269203072378,1.4690460160000658
ac_phi,coeffmlp,250,1000048,0.024256505989367606,1.4690460160000658
ac_phi,coeffmlp,250,1000049,0.03854363627722924,1.4690460160000658
ac_phi,deeponet,1000,1000000,0.007944767349387358,0.8836977239999396
ac_phi,deeponet,1000,1000001,0.014323224817720281,0.8836977239999396
ac_phi,deeponet,1000,1000002,0.01487464816606916,0.8836977239999396
ac_phi,deeponet,1000,1000003,0.008011643389488345,0.8836977239999396
ac_phi,deeponet,1000,1000004,0.009544596818273887,0.8836977239999396
ac_phi,deeponet,1000,1000005,0.009308724558916879,0.8836977239999396
ac_phi,deeponet,1000,1000006,0.016893593709844418,0.8836977239999396
ac_phi,deeponet,1000,1000007,0.01097681596976622,0.8836977239999396
ac_phi,deeponet,1000,1000008,0.00667327516802596,0.8836977239999396
ac_phi,deeponet,1000,1000009,0.009022961978335239,0.8836977239999396
ac_phi,deeponet,1000,1000010,0.01143108934677153,0.8836977239999396
ac_phi,deeponet,1000,1000011,0.016832203977105227,0.8836977239999396
ac_phi,deeponet,1000,1000012,0.00876445051569162,0.8836977239999396
ac_phi,deeponet,1000,1000013,0.010043210280998877,0.8836977239999396
ac_phi,deeponet,1000,1000014,0.008580138553561295,0.8836977239999396
ac_phi,deeponet,1000,1000015,0.009976124874892923,0.8836977239999396
ac_phi,deeponet,1000,1000016,0.010019618075161373,0.8836977239999396
ac_phi,deeponet,1000,1000017,0.0048803669654240095,0.8836977239999396
ac_phi,deeponet,1000,1000018,0.006579610978147193,0.8836977239999396
ac_phi,deeponet,1000,1000019,0.009468004569510672,0.8836977239999396
ac_phi,deeponet,1000,1000020,0.007109026815406479,0.8836977239999396
ac_phi,deeponet,1000,1000021,0.00966365685540311,0.8836977239999396
ac_phi,deeponet,1000,1000022,0.009194622418771,0.8836977239999396
ac_phi,deeponet,1000,1000023,0.010156412562797899,0.8836977239999396
ac_phi,deeponet,1000,1000024,0.00942319311827965,0.8836977239999396
ac_phi,deeponet,1000,1000025,0.017754398867318548,0.8836977239999396
ac_phi,deeponet,1000,1000026,0.011524063055594391,0.8836977239999396
ac_phi,deeponet,1000,1000027,0.010807315872089534,0.8836977239999396
ac_phi,deeponet,1000,1000028,0.011776167475604189,0.8836977239999396
ac_phi,deeponet,1000,1000029,0.007042756886427843,0.8836977239999396
ac_phi,deeponet,1000,1000030,0.009564684173158748,0.8836977239999396
ac_phi,deeponet,1000,1000031,0.008837050154323123,0.8836977239999396
ac_phi,deeponet,1000,1000032,0.007904717024769053,0.8836977239999396
ac_phi,deeponet,1000,1000033,0.007993168723907807,0.8836977239999396
ac_phi,deeponet,1000,1000034,0.008940124281865297,0.8836977239999396
ac_phi,deeponet,1000,1000035,0.008810272871447576,0.8836977239999396
ac_phi,deeponet,1000,1000036,0.012408544069921356,0.8836977239999396
ac_phi,deeponet,1000,1000037,0.0150173594738317,0.8836977239999396
ac_phi,deeponet,1000,1000038,0.01638990844161462,0.8836977239999396
ac_phi,deeponet,1000,1000039,0.00832876416060462,0.8836977239999396
ac_phi,deeponet,1000,1000040,0.011007240244385963,0.8836977239999396
ac_phi,deeponet,1000,1000041,0.010032956342138688,0.8836977239999396
ac_phi,deeponet,1000,1000042,0.00961818266269111,0.8836977239999396
ac_phi,deeponet,1000,1000043,0.011714012529230098,0.8836977239999396
ac_phi,deeponet,1000,1000044,0.008137975100362597,0.8836977239999396
ac_phi,deeponet,1000,1000045,0.01044084162013235,0.8836977239999396
ac_phi,deeponet,1000,1000046,0.011513418668631143,0.8836977239999396
ac_phi,deeponet,1000,1000047,0.013118526688340671,0.8836977239999396
ac_phi,deeponet,1000,1000048,0.015217434645036708,0.8836977239999396
ac_phi,deeponet,1000,1000049,0.015575964869088582,0.8836977239999396
ac_phi,fno,1000,1000000,0.0025925785430537867,1.9339148659999774
ac_phi,fno,1000,1000001,0.009419007001535024,1.9339148659999774
ac_phi,fno,1000,1000002,0.006539208622299167,1.9339148659999774
ac_phi,fno,1000,1000003,0.0037428410487045723,1.9339148659999774
ac_phi,fno,1000,1000004,0.0034423924488714217,1.9339148659999774
ac_phi,fno,1000,1000005,0.002000124847929269,1.9339148659999774
ac_phi,fno,1000,1000006,0.008941309998510581,1.9339148659999774
ac_phi,fno,1000,1000007,0.0038095285268519496,1.9339148659999774
ac_phi,fno,1000,1000008,0.0020798143417244297,1.9339148659999774
ac_phi,fno,1000,1000009,0.0037564508072063115,1.9339148659999774
ac_phi,fno,1000,1000010,0.0022886991259786767,1.9339148659999774
ac_phi,fno,1000,1000011,0.009358865191382298,1.9339148659999774
ac_phi,fno,1000,1000012,0.005223794376352329,1.9339148659999774
ac_phi,fno,1000,1000013,0.0030944391165721803,1.9339148659999774
ac_phi,fno,1000,1000014,0.004145841813380664,1.9339148659999774
ac_phi,fno,1000,1000015,0.003821092859397682,1.9339148659999774
ac_phi,fno,1000,1000016,0.004766788810369178,1.9339148659999774
ac_phi,fno,1000,1000017,0.002949520180362497,1.9339148659999774
ac_phi,fno,1000,1000018,0.0027194410818208573,1.9339148659999774
ac_phi,fno,1000,1000019,0.004367504141511964,1.9339148659999774
ac_phi,fno,1000,1000020,0.003743257584748834,1.9339148659999774
ac_phi,fno,1000,1000021,0.004983923955672829,1.9339148659999774
ac_phi,fno,1000,1000022,0.0056009284811832285,1.9339148659999774
ac_phi,fno,1000,1000023,0.0034899963616122085,1.9339148659999774
ac_phi,fno,1000,1000024,0.0059556440902789835,1.9339148659999774
ac_phi,fno,1000,1000025,0.0064419633361015045,1.9339148659999774
ac_phi,fno,1000,1000026,0.0029998218922920967,1.9339148659999774
ac_phi,fno,1000,1000027,0.012763675382926663,1.9339148659999774
ac_phi,fno,1000,1000028,0.0033554206295806593,1.9339148659999774
ac_phi,fno,1000,1000029,0.0027471996717657573,1.9339148659999774
ac_phi,fno,1000,1000030,0.0029525855227244243,1.9339148659999774
ac_phi,fno,1000,1000031,0.0030443009557623497,1.9339148659999774
ac_phi,fno,1000,1000032,0.002500988215464718,1.9339148659999774
ac_phi,fno,1000,1000033,0.00240330497865624,1.9339148659999774
ac_phi,fno,1000,1000034,0.0045826297078872345,1.9339148659999774
ac_phi,fno,1000,1000035,0.0023008969780299077,1.9339148659999774
ac_phi,fno,1000,1000036,0.003828436464783098,1.9339148659999774
ac_phi,fno,1000,1000037,0.004394246524270193,1.9339148659999774
ac_phi,fno,1000,1000038,0.009930511441009258,1.9339148659999774
ac_phi,fno,1000,1000039,0.005957888376677149,1.9339148659999774
ac_phi,fno,1000,1000040,0.00386068211878481,1.9339148659999774
ac_phi,fno,1000,1000041,0.003052856540792224,1.9339148659999774
ac_phi,fno,1000,1000042,0.003441656239329657,1.9339148659999774
ac_phi,fno,1000,1000043,0.004028344240833356,1.9339148659999774
ac_phi,fno,1000,1000044,0.003978851499784006,1.9339148659999774
ac_phi,fno,1000,1000045,0.003879925066711419,1.9339148659999774
ac_phi,fno,1000,1000046,0.005414740212570338,1.9339148659999774
ac_phi,fno,1000,1000047,0.00625443796667818,1.9339148659999774
ac_phi,fno,1000,1000048,0.006022383715374468,1.9339148659999774
ac_phi,fno,1000,1000049,0.013741919777483326,1.9339148659999774
ac_phi,attn,1000,1000000,0.0111945687309841,4.706519763999967
ac_phi,attn,1000,1000001,0.021554953133961045,4.706519763999967
ac_phi,attn,1000,1000002,0.01932071458369471,4.706519763999967
ac_phi,attn,1000,1000003,0.010658931966853333,4.706519763999967
ac_phi,attn,1000,1000004,0.008270944257261475,4.706519763999967
ac_phi,attn,1000,1000005,0.008042448973630278,4.706519763999967
ac_phi,attn,1000,1000006,0.02036834028117825,4.706519763999967
ac_phi,attn,1000,1000007,0.011402194895429913,4.706519763999967
ac_phi,attn,1000,1000008,0.005206766982765483,4.706519763999967
ac_phi,attn,1000,1000009,0.007189235721368497,4.706519763999967
ac_phi,attn,1000,1000010,0.007225683107276551,4.706519763999967
ac_phi,attn,1000,1000011,0.012260290908562626,4.706519763999967
ac_phi,attn,1000,1000012,0.009155062109523177,4.706519763999967
ac_phi,attn,1000,1000013,0.010535721702705413,4.706519763999967
ac_phi,attn,1000,1000014,0.011269576096932807,4.706519763999967
ac_phi,attn,1000,1000015,0.029741106546315735,4.706519763999967
ac_phi,attn,1000,1000016,0.011780797539598818,4.706519763999967
ac_phi,attn,1000,1000017,0.006386426583454776,4.706519763999967
ac_phi,attn,1000,1000018,0.009811536413023798,4.706519763999967
ac_phi,attn,1000,1000019,0.012508273553667166,4.706519763999967
ac_phi,attn,1000,1000020,0.007917035792610522,4.706519763999967
ac_phi,attn,1000,1000021,0.014841373628879268,4.706519763999967
ac_phi,attn,1000,1000022,0.015709174738688846,4.706519763999967
ac_phi,attn,1000,1000023,0.006736184878083081,4.706519763999967
ac_phi,attn,1000,1000024,0.009869021982929669,4.706519763999967
ac_phi,attn,1000,1000025,0.029295520989550326,4.706519763999967
ac_phi,attn,1000,1000026,0.007066067839959201,4.706519763999967
ac_phi,attn,1000,1000027,0.02323038613722142,4.706519763999967
ac_phi,attn,1000,1000028,0.013670277807734037,4.706519763999967
ac_phi,attn,1000,1000029,0.006154704006523074,4.706519763999967
ac_phi,attn,1000,1000030,0.01123958646119107,4.706519763999967
ac_phi,attn,1000,1000031,0.027197428964428803,4.706519763999967
ac_phi,attn,1000,1000032,0.0077417672249908255,4.706519763999967
ac_phi,attn,1000,1000033,0.010649293941949255,4.706519763999967
ac_phi,attn,1000,1000034,0.02770371363797507,4.706519763999967
ac_phi,attn,1000,1000035,0.008814478284050548,4.706519763999967
ac_phi,attn,1000,1000036,0.01348075305968116,4.706519763999967
ac_phi,attn,1000,1000037,0.010304163489386278,4.706519763999967
ac_phi,attn,1000,1000038,0.016308409301911297,4.706519763999967
ac_phi,attn,1000,1000039,0.00761210869081132,4.706519763999967
ac_phi,attn,1000,1000040,0.013299985639037162,4.706519763999967
ac_phi,attn,1000,1000041,0.012269869468365552,4.706519763999967
ac_phi,attn,1000,1000042,0.013615454772048355,4.706519763999967
ac_phi,attn,1000,1000043,0.012281334634013062,4.706519763999967
ac_phi,attn,1000,1000044,0.011105092982210126,4.706519763999967
ac_phi,attn,1000,1000045,0.008198146106195058,4.706519763999967
ac_phi,attn,1000,1000046,0.02114510753157442,4.706519763999967
ac_phi,attn,1000,1000047,0.012895397680860315,4.706519763999967
ac_phi,attn,1000,1000048,0.01706569901197519,4.706519763999967
ac_phi,attn,1000,1000049,0.02883657472594667,4.706519763999967
ac_phi,coeffmlp,1000,1000000,0.004552559178108576,1.682060916000046
ac_phi,coeffmlp,1000,1000001,0.01093435463827482,1.682060916000046
ac_phi,coeffmlp,1000,1000002,0.006576788905576213,1.682060916000046
ac_phi,coeffmlp,1000,1000003,0.007596213292820534,1.682060916000046
ac_phi,coeffmlp,1000,1000004,0.00559732857474369,1.682060916000046
ac_phi,coeffmlp,1000,1000005,0.005187753836996569,1.682060916000046
ac_phi,coeffmlp,1000,1000006,0.012245015323606908,1.682060916000046
ac_phi,coeffmlp,1000,1000007,0.004322411288936041,1.682060916000046
ac_phi,coeffmlp,1000,1000008,0.004024135927312709,1.682060916000046
ac_phi,coeffmlp,1000,1000009,0.004139951261748521,1.682060916000046
ac_phi,coeffmlp,1000,1000010,0.0031850416958177346,1.682060916000046
ac_phi,coeffmlp,1000,1000011,0.006816562352421308,1.682060916000046
ac_phi,coeffmlp,1000,1000012,0.004811228909530034,1.682060916000046
ac_phi,coeffmlp,1000,1000013,0.004780859323193562,1.682060916000046
ac_phi,coeffmlp,1000,1000014,0.003865058284768196,1.682060916000046
ac_phi,coeffmlp,1000,1000015,0.022854127199301164,1.682060916000046
ac_phi,coeffmlp,1000,1000016,0.006787357855550356,1.682060916000046
ac_phi,coeffmlp,1000,1000017,0.004089163708754341,1.682060916000046
ac_phi,coeffmlp,1000,1000018,0.0033903784488440976,1.682060916000046
ac_phi,coeffmlp,1000,1000019,0.008623741588129081,1.682060916000046
ac_phi,coeffmlp,1000,1000020,0.005050595190754019,1.682060916000046
ac_phi,coeffmlp,1000,1000021,0.005109094920786814,1.682060916000046
ac_phi,coeffmlp,1000,1000022,0.006751620816654161,1.682060916000046
ac_phi,coeffmlp,1000,1000023,0.004865411465357994,1.682060916000046
ac_phi,coeffmlp,1000,1000024,0.0071740082056047745,1.682060916000046
ac_phi,coeffmlp,1000,1000025,0.011599640990051082,1.682060916000046
ac_phi,coeffmlp,1000,1000026,0.004478681629427285,1.682060916000046
ac_phi,coeffmlp,1000,1000027,0.014674113528952593,1.682060916000046
ac_phi,coeffmlp,1000,1000028,0.004446933636611805,1.682060916000046
ac_phi,coeffmlp,1000,1000029,0.006082859703349588,1.682060916000046
ac_phi,coeffmlp,1000,1000030,0.0048152075530083,1.682060916000046
ac_phi,coeffmlp,1000,1000031,0.004370650721264592,1.682060916000046
ac_phi,coeffmlp,1000,1000032,0.004110309312124955,1.682060916000046
ac_phi,coeffmlp,1000,1000033,0.0028641243484177725,1.682060916000046
ac_phi,coeffmlp,1000,1000034,0.026783195986796095,1.682060916000046
ac_phi,coeffmlp,1000,1000035,0.005637481426753385,1.682060916000046
ac_phi,coeffmlp,1000,1000036,0.0052617829555991515,1.682060916000046
ac_phi,coeffmlp,1000,1000037,0.0054890209871126935,1.682060916000046
ac_phi,coeffmlp,1000,1000038,0.0067542065628786625,1.682060916000046
ac_phi,coeffmlp,1000,1000039,0.006081842557637484,1.682060916000046
ac_phi,coeffmlp,1000,1000040,0.004077114046552844,1.682060916000046
ac_phi,coeffmlp,1000,1000041,0.004573564093221874,1.682060916000046
ac_phi,coeffmlp,1000,1000042,0.006305559572642823,1.682060916000046
ac_phi,coeffmlp,1000,1000043,0.005406763451261911,1.682060916000046
ac_phi,coeffmlp,1000,1000044,0.00439387411677644,1.682060916000046
ac_phi,coeffmlp,1000,1000045,0.004031685771932614,1.682060916000046
ac_phi,coeffmlp,1000,1000046,0.0074644662470343855,1.682060916000046
ac_phi,coeffmlp,1000,1000047,0.004639386297092444,1.682060916000046
ac_phi,coeffmlp,1000,1000048,0.0075610132083684155,1.682060916000046
ac_phi,coeffmlp,1000,1000049,0.019752983981842078,1.682060916000046
kpp_phi,per_phi,0,1000000,0.024337723475006283,0.08683483000000707
kpp_phi,per_phi,0,1000001,0.028860247479017033,0.16973795999991126
kpp_phi,per_phi,0,1000002,0.018114541503724373,0.24933944599993993
kpp_phi,per_phi,0,1000003,0.023293418568713906,0.32881283599999733
kpp_phi,per_phi,0,1000004,0.018843205614727583,0.40840485199994875
kpp_phi,per_phi,0,1000005,0.014344947882064776,0.486962341999897
kpp_phi,per_phi,0,1000006,0.03444809110589336,0.5662320180000097
kpp_phi,per_phi,0,1000007,0.017349283919546092,0.6443522499999381
kpp_phi,per_phi,0,1000008,0.01190790176882311,0.7229912959999638
kpp_phi,per_phi,0,1000009,0.027759784152679854,0.8016011279998929
kpp_phi,per_phi,0,1000010,0.013608514630775505,0.8800781219999771
kpp_phi,per_phi,0,1000011,0.025037204112459705,0.9578242399998999
kpp_phi,per_phi,0,1000012,0.02614302116203409,1.0361048160000064
kpp_phi,per_phi,0,1000013,0.10197428262963855,1.1138226959999884
kpp_phi,per_phi,0,1000014,0.008039194075557358,1.1912512179999613
kpp_phi,per_phi,0,1000015,0.02833211163434758,1.2700001560000238
kpp_phi,per_phi,0,1000016,0.02429947947613472,1.3479845399998884
kpp_phi,per_phi,0,1000017,0.011717451041493522,1.4259122219998972
kpp_phi,per_phi,0,1000018,0.014299769425008962,1.503761603999883
kpp_phi,per_phi,0,1000019,0.0337411233562074,1.5825515260000247
kpp_phi,per_phi,0,1000020,0.01785255744138141,1.659971693999978
kpp_phi,per_phi,0,1000021,0.006903608318262517,1.7388794059999055
kpp_phi,per_phi,0,1000022,0.010961992532482643,1.8165010119999352
kpp_phi,per_phi,0,1000023,0.011137354912434992,1.8940744719999203
kpp_phi,per_phi,0,1000024,0.020331929063542763,1.9718011000000115
kpp_phi,per_phi,0,1000025,0.05960881228809717,2.0489427039999284
kpp_phi,per_phi,0,1000026,0.02045664662736261,2.12705569999991
kpp_phi,per_phi,0,1000027,0.01207039021314841,2.2048399199999404
kpp_phi,per_phi,0,1000028,0.011333319492820983,2.2836860639999212
kpp_phi,per_phi,0,1000029,0.009304838434500817,2.3619401419999484
kpp_phi,per_phi,0,1000030,0.03715103286116077,2.4464334539999255
kpp_phi,per_phi,0,1000031,0.0048454506946532675,2.5374172559998986
kpp_phi,per_phi,0,1000032,0.014067222379410504,2.6330939899999066
kpp_phi,per_phi,0,1000033,0.019015028459747594,2.723766065999953
kpp_phi,per_phi,0,1000034,0.02728006065443823,2.828830315999949
kpp_phi,per_phi,0,1000035,0.016687640610331265,2.9220617639999547
kpp_phi,per_phi,0,1000036,0.01794673790680102,3.0070829519999096
kpp_phi,per_phi,0,1000037,0.022395471062505237,3.099364559999958
kpp_phi,per_phi,0,1000038,0.03597477034526676,3.188743913999933
kpp_phi,per_phi,0,1000039,0.017262060508603426,3.279490891999885
kpp_phi,per_phi,0,1000040,0.018263041031730785,3.370593361999927
kpp_phi,per_phi,0,1000041,0.00792678427112823,3.460849967999966
kpp_phi,per_phi,0,1000042,0.016929462511908782,3.5400497899999026
kpp_phi,per_phi,0,1000043,0.013983959255105588,3.6183560359998954
kpp_phi,per_phi,0,1000044,0.019189756869209863,3.696388031999959
kpp_phi,per_phi,0,1000045,0.03232210230855845,3.7737838480000208
kpp_phi,per_phi,0,1000046,0.01651804724243868,3.8512585179999586
kpp_phi,per_phi,0,1000047,0.01480942689633628,3.9306106999999613
kpp_phi,per_phi,0,1000048,0.024738160585161668,4.01021510599996
kpp_phi,per_phi,0,1000049,0.03445788317920493,4.088006401999882
kpp_phi,deeponet,250,1000000,0.02432960986050743,0.965086605999968
kpp_phi,deeponet,250,1000001,0.09294895476869784,0.965086605999968
kpp_phi,deeponet,250,1000002,0.05615933939261927,0.965086605999968
kpp_phi,deeponet,250,1000003,0.056008938280795076,0.965086605999968
kpp_phi,deeponet,250,1000004,0.03702476911557223,0.965086605999968
kpp_phi,deeponet,250,1000005,0.02572969080213061,0.965086605999968
kpp_phi,deeponet,250,1000006,0.0410757969038122,0.965086605999968
kpp_phi,deeponet,250,1000007,0.04068048142382612,0.965086605999968
kpp_phi,deeponet,250,1000008,0.026442623440856308,0.965086605999968
kpp_phi,deeponet,250,1000009,0.016180353905773433,0.965086605999968
kpp_phi,deeponet,250,1000010,0.017970024618858462,0.965086605999968
kpp_phi,deeponet,250,1000011,0.05326789496017852,0.965086605999968
kpp_phi,deeponet,250,1000012,0.05706635549887419,0.965086605999968
kpp_phi,deeponet,250,1000013,0.023600254705012206,0.965086605999968
kpp_phi,deeponet,250,1000014,0.048943363491612,0.965086605999968
kpp_phi,deeponet,250,1000015,0.030146203642262934,0.965086605999968
kpp_phi,deeponet,250,1000016,0.0333002508645102,0.965086605999968
kpp_phi,deeponet,250,1000017,0.02441732995745616,0.965086605999968
kpp_phi,deeponet,250,1000018,0.02188072530820717,0.965086605999968
kpp_phi,deeponet,250,1000019,0.03742532253020535,0.965086605999968
kpp_phi,deeponet,250,1000020,0.04339936324373734,0.965086605999968
kpp_phi,deeponet,250,1000021,0.023281392167118463,0.965086605999968
kpp_phi,deeponet,250,1000022,0.03182827649906615,0.965086605999968
kpp_phi,deeponet,250,1000023,0.019936390710220693,0.965086605999968
kpp_phi,deeponet,250,1000024,0.03424116543861587,0.965086605999968
kpp_phi,deeponet,250,1000025,0.07326310992635363,0.965086605999968
kpp_phi,deeponet,250,1000026,0.03368108658387495,0.965086605999968
kpp_phi,deeponet,250,1000027,0.03677069185464937,0.965086605999968
kpp_phi,deeponet,250,1000028,0.02840244131190233,0.965086605999968
kpp_phi,deeponet,250,1000029,0.036581920754835094,0.965086605999968
kpp_phi,deeponet,250,1000030,0.03498189740376857,0.965086605999968
kpp_phi,deeponet,250,1000031,0.027155497442105502,0.965086605999968
kpp_phi,deeponet,250,1000032,0.03635610682717847,0.965086605999968
kpp_phi,deeponet,250,1000033,0.016609565275740236,0.965086605999968
kpp_phi,deeponet,250,1000034,0.02934171756139225,0.965086605999968
kpp_phi,deeponet,250,1000035,0.02869433298782453,0.965086605999968
kpp_phi,deeponet,250,1000036,0.06090392541860881,0.965086605999968
kpp_phi,deeponet,250,1000037,0.0519948743982652,0.965086605999968
kpp_phi,deeponet,250,1000038,0.07277529088823614,0.965086605999968
kpp_phi,deeponet,250,1000039,0.0493455883226766,0.965086605999968
kpp_phi,deeponet,250,1000040,0.04313763332307816,0.965086605999968
kpp_phi,deeponet,250,1000041,0.03430087417049978,0.965086605999968
kpp_phi,deeponet,250,1000042,0.03818799523890787,0.965086605999968
kpp_phi,deeponet,250,1000043,0.03736032194632601,0.965086605999968
kpp_phi,deeponet,250,1000044,0.029997315666043346,0.965086605999968
kpp_phi,deeponet,250,1000045,0.05428957138201633,0.965086605999968
kpp_phi,deeponet,250,1000046,0.04762038253301208,0.965086605999968
kpp_phi,deeponet,250,1000047,0.055981981453348435,0.965086605999968
kpp_phi,deeponet,250,1000048,0.03883525449914341,0.965086605999968
kpp_phi,deeponet,250,1000049,0.09092004251142147,0.965086605999968
kpp_phi,fno,250,1000000,0.024207876159325115,2.0953518960000657
kpp_phi,fno,250,1000001,0.039064484478858304,2.0953518960000657
kpp_phi,fno,250,1000002,0.04122355111684601,2.0953518960000657
kpp_phi,fno,250,1000003,0.0623463435087543,2.0953518960000657
kpp_phi,fno,250,1000004,0.040533867544043,2.0953518960000657
kpp_phi,fno,250,1000005,0.04208798440400925,2.0953518960000657
kpp_phi,fno,250,1000006,0.058240913273990884,2.0953518960000657
kpp_phi,fno,250,1000007,0.028246255907360643,2.0953518960000657
kpp_phi,fno,250,1000008,0.02611955048317316,2.0953518960000657
kpp_phi,fno,250,1000009,0.03640023394719462,2.0953518960000657
kpp_phi,fno,250,1000010,0.02424897373104203,2.0953518960000657
kpp_phi,fno,250,1000011,0.042785753566148006,2.0953518960000657
kpp_phi,fno,250,1000012,0.0419911834700519,2.0953518960000657
kpp_phi,fno,250,1000013,0.03176754070582871,2.0953518960000657
kpp_phi,fno,250,1000014,0.026819390940320015,2.0953518960000657
kpp_phi,fno,250,1000015,0.036304663090940166,2.0953518960000657
kpp_phi,fno,250,1000016,0.044023962180864254,2.0953518960000657
kpp_phi,fno,250,1000017,0.03879320845686762,2.0953518960000657
kpp_phi,fno,250,1000018,0.026134863996545042,2.0953518960000657
kpp_phi,fno,250,1000019,0.048788548802991605,2.0953518960000657
kpp_phi,fno,250,1000020,0.030029116195838083,2.0953518960000657
kpp_phi,fno,250,1000021,0.040499418578069366,2.0953518960000657
kpp_phi,fno,250,1000022,0.037696318522840444,2.0953518960000657
kpp_phi,fno,250,1000023,0.023531560980640957,2.0953518960000657
kpp_phi,fno,250,1000024,0.034308920414671394,2.0953518960000657
kpp_phi,fno,250,1000025,0.04439304405272683,2.0953518960000657
kpp_phi,fno,250,1000026,0.03582669184824913,2.0953518960000657
kpp_phi,fno,250,1000027,0.05960637957436509,2.0953518960000657
kpp_phi,fno,250,1000028,0.042976162023663375,2.0953518960000657
kpp_phi,fno,250,1000029,0.024006917378842453,2.0953518960000657
kpp_phi,fno,250,1000030,0.033383175438338714,2.0953518960000657
kpp_phi,fno,250,1000031,0.03016900013497942,2.0953518960000657
kpp_phi,fno,250,1000032,0.03556700640410868,2.0953518960000657
kpp_phi,fno,250,1000033,0.01841246670905881,2.0953518960000657
kpp_phi,fno,250,1000034,0.05212782531159401,2.0953518960000657
kpp_phi,fno,250,1000035,0.04384604443743379,2.0953518960000657
kpp_phi,fno,250,1000036,0.055104455341822796,2.0953518960000657
kpp_phi,fno,250,1000037,0.07652783090377689,2.0953518960000657
kpp_phi,fno,250,1000038,0.04885424657080713,2.0953518960000657
kpp_phi,fno,250,1000039,0.06141482684423162,2.0953518960000657
kpp_phi,fno,250,1000040,0.029911722540065636,2.0953518960000657
kpp_phi,fno,250,1000041,0.03742531182891315,2.0953518960000657
kpp_phi,fno,250,1000042,0.04047603278970359,2.0953518960000657
kpp_phi,fno,250,1000043,0.04482067108112357,2.0953518960000657
kpp_phi,fno,250,1000044,0.04628513732683066,2.0953518960000657
kpp_phi,fno,250,1000045,0.07039693832441109,2.0953518960000657
kpp_phi,fno,250,1000046,0.058565439130050724,2.0953518960000657
kpp_phi,fno,250,1000047,0.036830993172732765,2.0953518960000657
kpp_phi,fno,250,1000048,0.04556946082170713,2.0953518960000657
kpp_phi,fno,250,1000049,0.05399963721173544,2.0953518960000657
kpp_phi,attn,250,1000000,0.05160708660042629,4.087722079999948
kpp_phi,attn,250,1000001,0.1274860985895921,4.087722079999948
kpp_phi,attn,250,1000002,0.08038905143865872,4.087722079999948
kpp_phi,attn,250,1000003,0.10628183813183018,4.087722079999948
kpp_phi,attn,250,1000004,0.059863074933508134,4.087722079999948
kpp_phi,attn,250,1000005,0.0623363185366529,4.087722079999948
kpp_phi,attn,250,1000006,0.08468046141457555,4.087722079999948
kpp_phi,attn,250,1000007,0.05910421344329407,4.087722079999948
kpp_phi,attn,250,1000008,0.04753174317470902,4.087722079999948
kpp_phi,attn,250,1000009,0.0639990295453757,4.087722079999948
kpp_phi,attn,250,1000010,0.0361170984760587,4.087722079999948
kpp_phi,attn,250,1000011,0.07900519258887641,4.087722079999948
kpp_phi,attn,250,1000012,0.04070766903037567,4.087722079999948
kpp_phi,attn,250,1000013,0.036816564065709795,4.087722079999948
kpp_phi,attn,250,1000014,0.061817618343635916,4.087722079999948
kpp_phi,attn,250,1000015,0.07733943892546435,4.087722079999948
kpp_phi,attn,250,1000016,0.059015549294711464,4.087722079999948
kpp_phi,attn,250,1000017,0.03499767022609008,4.087722079999948
kpp_phi,attn,250,1000018,0.05709543255437282,4.087722079999948
kpp_phi,attn,250,1000019,0.07787780650626294,4.087722079999948
kpp_phi,attn,250,1000020,0.04090838694625181,4.087722079999948
kpp_phi,attn,250,1000021,0.04228218415937963,4.087722079999948
kpp_phi,attn,250,1000022,0.05796006098174442,4.087722079999948
kpp_phi,attn,250,1000023,0.024401547866582107,4.087722079999948
kpp_phi,attn,250,1000024,0.03956176987898805,4.087722079999948
kpp_phi,attn,250,1000025,0.08496557445520132,4.087722079999948
kpp_phi,attn,250,1000026,0.06391106889768579,4.087722079999948
kpp_phi,attn,250,1000027,0.13738486270708491,4.087722079999948
kpp_phi,attn,250,1000028,0.03719903134545084,4.087722079999948
kpp_phi,attn,250,1000029,0.03955099354194398,4.087722079999948
kpp_phi,attn,250,1000030,0.053686591986662875,4.087722079999948
kpp_phi,attn,250,1000031,0.06822637533889336,4.087722079999948
kpp_phi,attn,250,1000032,0.049039467127412216,4.087722079999948
kpp_phi,attn,250,1000033,0.03545483532376738,4.087722079999948
kpp_phi,attn,250,1000034,0.15195659401308095,4.087722079999948
kpp_phi,attn,250,1000035,0.03766062489674722,4.087722079999948
kpp_phi,attn,250,1000036,0.062437408024527886,4.087722079999948
kpp_phi,attn,250,1000037,0.09506825284033882,4.087722079999948
kpp_phi,attn,250,1000038,0.08248162620192186,4.087722079999948
kpp_phi,attn,250,1000039,0.053284583767901406,4.087722079999948
kpp_phi,attn,250,1000040,0.06582094553483597,4.087722079999948
kpp_phi,attn,250,1000041,0.057197742563308354,4.087722079999948
kpp_phi,attn,250,1000042,0.04469764796581136,4.087722079999948
kpp_phi,attn,250,1000043,0.1012588024637253,4.087722079999948
kpp_phi,attn,250,1000044,0.044439421508557814,4.087722079999948
kpp_phi,attn,250,1000045,0.049324678245763295,4.087722079999948
kpp_phi,attn,250,1000046,0.12039473878653158,4.087722079999948
kpp_phi,attn,250,1000047,0.05182420472174475,4.087722079999948
kpp_phi,attn,250,1000048,0.07918411331542248,4.087722079999948
kpp_phi,attn,250,1000049,0.13012431132963348,4.087722079999948
kpp_phi,coeffmlp,250,1000000,0.018208998970626587,1.4296163519998664
kpp_phi,coeffmlp,250,1000001,0.09626860701230594,1.4296163519998664
kpp_phi,coeffmlp,250,1000002,0.04214547996724661,1.4296163519998664
kpp_phi,coeffmlp,250,1000003,0.10806636450830784,1.4296163519998664
kpp_phi,coeffmlp,250,1000004,0.02838193646915341,1.4296163519998664
kpp_phi,coeffmlp,250,1000005,0.030048495158162773,1.4296163519998664
kpp_phi,coeffmlp,250,1000006,0.048806289726860415,1.4296163519998664
kpp_phi,coeffmlp,250,1000007,0.03142014446693735,1.4296163519998664
kpp_phi,coeffmlp,250,1000008,0.02562620931383436,1.4296163519998664
kpp_phi,coeffmlp,250,1000009,0.023599494829234968,1.4296163519998664
kpp_phi,coeffmlp,250,1000010,0.01605108465961495,1.4296163519998664
kpp_phi,coeffmlp,250,1000011,0.0491613423634632,1.4296163519998664
kpp_phi,coeffmlp,250,1000012,0.045793593939890215,1.4296163519998664
kpp_phi,coeffmlp,250,1000013,0.03914807540841603,1.4296163519998664
kpp_phi,coeffmlp,250,1000014,0.02296565357902819,1.4296163519998664
kpp_phi,coeffmlp,250,1000015,0.1361307399664592,1.4296163519998664
kpp_phi,coeffmlp,250,1000016,0.023688768164193925,1.4296163519998664
kpp_phi,coeffmlp,250,1000017,0.021122743260871827,1.4296163519998664
kpp_phi,coeffmlp,250,1000018,0.017492912696007487,1.4296163519998664
kpp_phi,coeffmlp,250,1000019,0.05168585628329769,1.4296163519998664
kpp_phi,coeffmlp,250,1000020,0.03037242886916623,1.4296163519998664
kpp_phi,coeffmlp,250,1000021,0.026405822512997675,1.4296163519998664
kpp_phi,coeffmlp,250,1000022,0.06511846455746649,1.4296163519998664
kpp_phi,coeffmlp,250,1000023,0.01918165677375673,1.4296163519998664
kpp_phi,coeffmlp,250,1000024,0.03866634867070255,1.4296163519998664
kpp_phi,coeffmlp,250,1000025,0.06238503685622067,1.4296163519998664
kpp_phi,coeffmlp,250,1000026,0.031724073739614965,1.4296163519998664
kpp_phi,coeffmlp,250,1000027,0.0502794549452278,1.4296163519998664
kpp_phi,coeffmlp,250,1000028,0.023432221719886712,1.4296163519998664
kpp_phi,coeffmlp,250,1000029,0.032613720718144786,1.4296163519998664
kpp_phi,coeffmlp,250,1000030,0.03649178481565454,1.4296163519998664
kpp_phi,coeffmlp,250,1000031,0.022788476917413626,1.4296163519998664
kpp_phi,coeffmlp,250,1000032,0.0264612663183638,1.4296163519998664
kpp_phi,coeffmlp,250,1000033,0.015925509235858122,1.4296163519998664
kpp_phi,coeffmlp,250,1000034,0.11222496538144722,1.4296163519998664
kpp_phi,coeffmlp,250,1000035,0.02892159523953791,1.4296163519998664
kpp_phi,coeffmlp,250,1000036,0.024320734768902046,1.4296163519998664
kpp_phi,coeffmlp,250,1000037,0.05923404149476994,1.4296163519998664
kpp_phi,coeffmlp,250,1000038,0.05212719954814274,1.4296163519998664
kpp_phi,coeffmlp,250,1000039,0.03140728450791319,1.4296163519998664
kpp_phi,coeffmlp,250,1000040,0.028792948207566917,1.4296163519998664
kpp_phi,coeffmlp,250,1000041,0.02468582029427471,1.4296163519998664
kpp_phi,coeffmlp,250,1000042,0.029760297951990557,1.4296163519998664
kpp_phi,coeffmlp,250,1000043,0.03109117283794693,1.4296163519998664
kpp_phi,coeffmlp,250,1000044,0.03254057897095308,1.4296163519998664
kpp_phi,coeffmlp,250,1000045,0.023287697364285154,1.4296163519998664
kpp_phi,coeffmlp,250,1000046,0.06002015669549078,1.4296163519998664
kpp_phi,coeffmlp,250,1000047,0.03233344532528852,1.4296163519998664
kpp_phi,coeffmlp,250,1000048,0.04409209538796253,1.4296163519998664
kpp_phi,coeffmlp,250,1000049,0.08063049746711785,1.4296163519998664
kpp_phi,deeponet,1000,1000000,0.011820686071235879,0.9009030619999976
kpp_phi,deeponet,1000,1000001,0.03528370187436641,0.9009030619999976
kpp_phi,deeponet,1000,1000002,0.034177557146530584,0.9009030619999976
kpp_phi,deeponet,1000,1000003,0.027394957683714145,0.9009030619999976
kpp_phi,deeponet,1000,1000004,0.022227289874997523,0.9009030619999976
kpp_phi,deeponet,1000,1000005,0.012470589071740413,0.9009030619999976
kpp_phi,deeponet,1000,1000006,0.050136619590439316,0.9009030619999976
kpp_phi,deeponet,1000,1000007,0.028752296052655706,0.9009030619999976
kpp_phi,deeponet,1000,1000008,0.007182525513459347,0.9009030619999976
kpp_phi,deeponet,1000,1000009,0.021824922655211694,0.9009030619999976
kpp_phi,deeponet,1000,1000010,0.013762616734759254,0.9009030619999976
kpp_phi,deeponet,1000,1000011,0.030204793314738528,0.9009030619999976
kpp_phi,deeponet,1000,1000012,0.032951552237343064,0.9009030619999976
kpp_phi,deeponet,1000,1000013,0.015908386872933156,0.9009030619999976
kpp_phi,deeponet,1000,1000014,0.013754059146885097,0.9009030619999976
kpp_phi,deeponet,1000,1000015,0.022154592163835484,0.9009030619999976
kpp_phi,deeponet,1000,1000016,0.02034896105458627,0.9009030619999976
kpp_phi,deeponet,1000,1000017,0.017994244258607156,0.9009030619999976
kpp_phi,deeponet,1000,1000018,0.018533203624851727,0.9009030619999976
kpp_phi,deeponet,1000,1000019,0.021711558802646753,0.9009030619999976
kpp_phi,deeponet,1000,1000020,0.01755027221572925,0.9009030619999976
kpp_phi,deeponet,1000,1000021,0.01917601210102953,0.9009030619999976
kpp_phi,deeponet,1000,1000022,0.020498211026368108,0.9009030619999976
kpp_phi,deeponet,1000,1000023,0.00910477574406415,0.9009030619999976
kpp_phi,deeponet,1000,1000024,0.030017949094004157,0.9009030619999976
kpp_phi,deeponet,1000,1000025,0.03528282918061829,0.9009030619999976
kpp_phi,deeponet,1000,1000026,0.027796411140438036,0.9009030619999976
kpp_phi,deeponet,1000,1000027,0.03067144209732162,0.9009030619999976
kpp_phi,deeponet,1000,1000028,0.02426074357766785,0.9009030619999976
kpp_phi,deeponet,1000,1000029,0.011533206072669866,0.9009030619999976
kpp_phi,deeponet,1000,1000030,0.02555245845451305,0.9009030619999976
kpp_phi,deeponet,1000,1000031,0.02786067390931694,0.9009030619999976
kpp_phi,deeponet,1000,1000032,0.017577953460734052,0.9009030619999976
kpp_phi,deeponet,1000,1000033,0.008251973085381453,0.9009030619999976
kpp_phi,deeponet,1000,1000034,0.015504494774220947,0.9009030619999976
kpp_phi,deeponet,1000,1000035,0.020036270562784488,0.9009030619999976
kpp_phi,deeponet,1000,1000036,0.017981988536026436,0.9009030619999976
kpp_phi,deeponet,1000,1000037,0.03408879995039436,0.9009030619999976
kpp_phi,deeponet,1000,1000038,0.03347738477940809,0.9009030619999976
kpp_phi,deeponet,1000,1000039,0.026792773613714436,0.9009030619999976
kpp_phi,deeponet,1000,1000040,0.030685619570867125,0.9009030619999976
kpp_phi,deeponet,1000,1000041,0.026482784021860828,0.9009030619999976
kpp_phi,deeponet,1000,1000042,0.01806090681895552,0.9009030619999976
kpp_phi,deeponet,1000,1000043,0.025218947229377946,0.9009030619999976
kpp_phi,deeponet,1000,1000044,0.02045864240152681,0.9009030619999976
kpp_phi,deeponet,1000,1000045,0.02575077621274842,0.9009030619999976
kpp_phi,deeponet,1000,1000046,0.03441158265812707,0.9009030619999976
kpp_phi,deeponet,1000,1000047,0.020476809971032486,0.9009030619999976
kpp_phi,deeponet,1000,1000048,0.038027997986504386,0.9009030619999976
kpp_phi,deeponet,1000,1000049,0.042379018350458125,0.9009030619999976
kpp_phi,fno,1000,1000000,0.017206168932779414,2.020719781999942
kpp_phi,fno,1000,1000001,0.03829935309490086,2.020719781999942
kpp_phi,fno,1000,1000002,0.027208944100428636,2.020719781999942
kpp_phi,fno,1000,1000003,0.024953826352847357,2.020719781999942
kpp_phi,fno,1000,1000004,0.03342152376473762,2.020719781999942
kpp_phi,fno,1000,1000005,0.02180657840984863,2.020719781999942
kpp_phi,fno,1000,1000006,0.029339890025635727,2.020719781999942
kpp_phi,fno,1000,1000007,0.020459556110056638,2.020719781999942
kpp_phi,fno,1000,1000008,0.008963286656476981,2.020719781999942
kpp_phi,fno,1000,1000009,0.019249883499671237,2.020719781999942
kpp_phi,fno,1000,1000010,0.010795672822281957,2.020719781999942
kpp_phi,fno,1000,1000011,0.02253498436933006,2.020719781999942
kpp_phi,fno,1000,1000012,0.02220133343198921,2.020719781999942
kpp_phi,fno,1000,1000013,0.015077645518353083,2.020719781999942
kpp_phi,fno,1000,1000014,0.014308563121950278,2.020719781999942
kpp_phi,fno,1000,1000015,0.025413415421954567,2.020719781999942
kpp_phi,fno,1000,1000016,0.021209159923307595,2.020719781999942
kpp_phi,fno,1000,1000017,0.012022943227585136,2.020719781999942
kpp_phi,fno,1000,1000018,0.017248142846011914,2.020719781999942
kpp_phi,fno,1000,1000019,0.020958894128818236,2.020719781999942
kpp_phi,fno,1000,1000020,0.01314646206700501,2.020719781999942
kpp_phi,fno,1000,1000021,0.021554137436787163,2.020719781999942
kpp_phi,fno,1000,1000022,0.01811646446739517,2.020719781999942
kpp_phi,fno,1000,1000023,0.015151786369229493,2.020719781999942
kpp_phi,fno,1000,1000024,0.025455404765316117,2.020719781999942
kpp_phi,fno,1000,1000025,0.05481284330137789,2.020719781999942
kpp_phi,fno,1000,1000026,0.023061903877440323,2.020719781999942
kpp_phi,fno,1000,1000027,0.027029644907968886,2.020719781999942
kpp_phi,fno,1000,1000028,0.01316341674011126,2.020719781999942
kpp_phi,fno,1000,1000029,0.011170767527005796,2.020719781999942
kpp_phi,fno,1000,1000030,0.019512963317647937,2.020719781999942
kpp_phi,fno,1000,1000031,0.01874969742041443,2.020719781999942
kpp_phi,fno,1000,1000032,0.010810517868692674,2.020719781999942
kpp_phi,fno,1000,1000033,0.010547714804341553,2.020719781999942
kpp_phi,fno,1000,1000034,0.014406870120867641,2.020719781999942
kpp_phi,fno,1000,1000035,0.01571444424420396,2.020719781999942
kpp_phi,fno,1000,1000036,0.020718591173942442,2.020719781999942
kpp_phi,fno,1000,1000037,0.028968422621636302,2.020719781999942
kpp_phi,fno,1000,1000038,0.029110835106634227,2.020719781999942
kpp_phi,fno,1000,1000039,0.023619649390684363,2.020719781999942
kpp_phi,fno,1000,1000040,0.01913803963772605,2.020719781999942
kpp_phi,fno,1000,1000041,0.014260171506750928,2.020719781999942
kpp_phi,fno,1000,1000042,0.022035935221451215,2.020719781999942
kpp_phi,fno,1000,1000043,0.021985827352996028,2.020719781999942
kpp_phi,fno,1000,1000044,0.014703586546525942,2.020719781999942
kpp_phi,fno,1000,1000045,0.017431231537779087,2.020719781999942
kpp_phi,fno,1000,1000046,0.028618526169415216,2.020719781999942
kpp_phi,fno,1000,1000047,0.019516971449758704,2.020719781999942
kpp_phi,fno,1000,1000048,0.028541293861064253,2.020719781999942
kpp_phi,fno,1000,1000049,0.04445005257707203,2.020719781999942
kpp_phi,attn,1000,1000000,0.02612841667903597,4.114101113999932
kpp_phi,attn,1000,1000001,0.05655382385212063,4.114101113999932
kpp_phi,attn,1000,1000002,0.03939118607918848,4.114101113999932
kpp_phi,attn,1000,1000003,0.033390027752839446,4.114101113999932
kpp_phi,attn,1000,1000004,0.03239404618825061,4.114101113999932
kpp_phi,attn,1000,1000005,0.018288241692172746,4.114101113999932
kpp_phi,attn,1000,1000006,0.03221297617624522,4.114101113999932
kpp_phi,attn,1000,1000007,0.022995107415210228,4.114101113999932
kpp_phi,attn,1000,1000008,0.018023669619584654,4.114101113999932
kpp_phi,attn,1000,1000009,0.03047332103153053,4.114101113999932
kpp_phi,attn,1000,1000010,0.01762289164227864,4.114101113999932
kpp_phi,attn,1000,1000011,0.03190696414983137,4.114101113999932
kpp_phi,attn,1000,1000012,0.03022206197729154,4.114101113999932
kpp_phi,attn,1000,1000013,0.01957401001349813,4.114101113999932
kpp_phi,attn,1000,1000014,0.028752842587196164,4.114101113999932
kpp_phi,attn,1000,1000015,0.03109888118246499,4.114101113999932
kpp_phi,attn,1000,1000016,0.02710524185275052,4.114101113999932
kpp_phi,attn,1000,1000017,0.01671896655248177,4.114101113999932
kpp_phi,attn,1000,1000018,0.04760943539905971,4.114101113999932
kpp_phi,attn,1000,1000019,0.035680055031147954,4.114101113999932
kpp_phi,attn,1000,1000020,0.016044064730418486,4.114101113999932
kpp_phi,attn,1000,1000021,0.02830300801479083,4.114101113999932
kpp_phi,attn,1000,1000022,0.031605033736852715,4.114101113999932
kpp_phi,attn,1000,1000023,0.013041721357374038,4.114101113999932
kpp_phi,attn,1000,1000024,0.027530477090494027,4.114101113999932
kpp_phi,attn,1000,1000025,0.042921656224039026,4.114101113999932
kpp_phi,attn,1000,1000026,0.03164079005883853,4.114101113999932
kpp_phi,attn,1000,1000027,0.046368371154690974,4.114101113999932
kpp_phi,attn,1000,1000028,0.02322938006754207,4.114101113999932
kpp_phi,attn,1000,1000029,0.013362599802080837,4.114101113999932
kpp_phi,attn,1000,1000030,0.026634407889722145,4.114101113999932
kpp_phi,attn,1000,1000031,0.0528569138712322,4.114101113999932
kpp_phi,attn,1000,1000032,0.016533727281423376,4.114101113999932
kpp_phi,attn,1000,1000033,0.021735036531890763,4.114101113999932
kpp_phi,attn,1000,1000034,0.04273092948012484,4.114101113999932
kpp_phi,attn,1000,1000035,0.019862567508627197,4.114101113999932
kpp_phi,attn,1000,1000036,0.02039514376201821,4.114101113999932
kpp_phi,attn,1000,1000037,0.051944342244676985,4.114101113999932
kpp_phi,attn,1000,1000038,0.03678644644420085,4.114101113999932
kpp_phi,attn,1000,1000039,0.025737464792495515,4.114101113999932
kpp_phi,attn,1000,1000040,0.02970209630493015,4.114101113999932
kpp_phi,attn,1000,1000041,0.01975246927405137,4.114101113999932
kpp_phi,attn,1000,1000042,0.022067910301086544,4.114101113999932
kpp_phi,attn,1000,1000043,0.025528589221683263,4.114101113999932
kpp_phi,attn,1000,1000044,0.018049639587267612,4.114101113999932
kpp_phi,attn,1000,1000045,0.014108063514818548,4.114101113999932
kpp_phi,attn,1000,1000046,0.028226307486113114,4.114101113999932
kpp_phi,attn,1000,1000047,0.02649155563194021,4.114101113999932
kpp_phi,attn,1000,1000048,0.043805889825306886,4.114101113999932
kpp_phi,attn,1000,1000049,0.06666497511107863,4.114101113999932
kpp_phi,coeffmlp,1000,1000000,0.013577371285853058,1.6332067979998828
kpp_phi,coeffmlp,1000,1000001,0.03776947872446953,1.6332067979998828
kpp_phi,coeffmlp,1000,1000002,0.022362801729323256,1.6332067979998828
kpp_phi,coeffmlp,1000,1000003,0.021304925329193803,1.6332067979998828
kpp_phi,coeffmlp,1000,1000004,0.016100183208798212,1.6332067979998828
kpp_phi,coeffmlp,1000,1000005,0.00949572033041359,1.6332067979998828
kpp_phi,coeffmlp,1000,1000006,0.028480576000470246,1.6332067979998828
kpp_phi,coeffmlp,1000,1000007,0.014824873984585148,1.6332067979998828
kpp_phi,coeffmlp,1000,1000008,0.010655464014910491,1.6332067979998828
kpp_phi,coeffmlp,1000,1000009,0.009841533703492259,1.6332067979998828
kpp_phi,coeffmlp,1000,1000010,0.009528360877350065,1.6332067979998828
kpp_phi,coeffmlp,1000,1000011,0.021618379556028747,1.6332067979998828
kpp_phi,coeffmlp,1000,1000012,0.01528606801688003,1.6332067979998828
kpp_phi,coeffmlp,1000,1000013,0.01167121522869396,1.6332067979998828
kpp_phi,coeffmlp,1000,1000014,0.005665329689942537,1.6332067979998828
kpp_phi,coeffmlp,1000,1000015,0.04989711897385045,1.6332067979998828
kpp_phi,coeffmlp,1000,1000016,0.010241426700485062,1.6332067979998828
kpp_phi,coeffmlp,1000,1000017,0.010883535800290296,1.6332067979998828
kpp_phi,coeffmlp,1000,1000018,0.011411977771220006,1.6332067979998828
kpp_phi,coeffmlp,1000,1000019,0.02160046564452336,1.6332067979998828
kpp_phi,coeffmlp,1000,1000020,0.011326322353833086,1.6332067979998828
kpp_phi,coeffmlp,1000,1000021,0.011969300528274458,1.6332067979998828
kpp_phi,coeffmlp,1000,1000022,0.016145186230517646,1.6332067979998828
kpp_phi,coeffmlp,1000,1000023,0.011736658231879448,1.6332067979998828
kpp_phi,coeffmlp,1000,1000024,0.030542748119511506,1.6332067979998828
kpp_phi,coeffmlp,1000,1000025,0.02765507769161912,1.6332067979998828
kpp_phi,coeffmlp,1000,1000026,0.01487543267594057,1.6332067979998828
kpp_phi,coeffmlp,1000,1000027,0.032669098288597355,1.6332067979998828
kpp_phi,coeffmlp,1000,1000028,0.010176254047596587,1.6332067979998828
kpp_phi,coeffmlp,1000,1000029,0.01218423145425843,1.6332067979998828
kpp_phi,coeffmlp,1000,1000030,0.015050208302923477,1.6332067979998828
kpp_phi,coeffmlp,1000,1000031,0.0093481857239676,1.6332067979998828
kpp_phi,coeffmlp,1000,1000032,0.008700641308556386,1.6332067979998828
kpp_phi,coeffmlp,1000,1000033,0.006505228994427604,1.6332067979998828
kpp_phi,coeffmlp,1000,1000034,0.03488644120289956,1.6332067979998828
kpp_phi,coeffmlp,1000,1000035,0.010047730028125475,1.6332067979998828
kpp_phi,coeffmlp,1000,1000036,0.011605701979678426,1.6332067979998828
kpp_phi,coeffmlp,1000,1000037,0.022715609224588117,1.6332067979998828
kpp_phi,coeffmlp,1000,1000038,0.018912146678254194,1.6332067979998828
kpp_phi,coeffmlp,1000,1000039,0.016639991083622397,1.6332067979998828
kpp_phi,coeffmlp,1000,1000040,0.01475816633157751,1.6332067979998828
kpp_phi,coeffmlp,1000,1000041,0.008745293753546428,1.6332067979998828
kpp_phi,coeffmlp,1000,1000042,0.014986723091101975,1.6332067979998828
kpp_phi,coeffmlp,1000,1000043,0.012994030129250244,1.6332067979998828
kpp_phi,coeffmlp,1000,1000044,0.013780529004722479,1.6332067979998828
kpp_phi,coeffmlp,1000,1000045,0.010948615675996445,1.6332067979998828
kpp_phi,coeffmlp,1000,1000046,0.0208778812023413,1.6332067979998828
kpp_phi,coeffmlp,1000,1000047,0.00999664244987743,1.6332067979998828
kpp_phi,coeffmlp,1000,1000048,0.022627417692865297,1.6332067979998828
kpp_phi,coeffmlp,1000,1000049,0.036722116701674114,1.6332067979998828
tan_phi,per_phi,0,1000000,0.0025402251416669144,0.08864014400009182
tan_phi,per_phi,0,1000001,0.005125266615095838,0.16927863800010529
tan_phi,per_phi,0,1000002,0.008762675102876193,0.2554215560000739
tan_phi,per_phi,0,1000003,0.0021361035488700166,0.33534285200003067
tan_phi,per_phi,0,1000004,0.004516905547242188,0.4145585019999999
tan_phi,per_phi,0,1000005,0.0027267110054694215,0.5056184200001007
tan_phi,per_phi,0,1000006,0.0035932063585169,0.607419430000009
tan_phi,per_phi,0,1000007,0.002992534397708034,0.7265757940000913
tan_phi,per_phi,0,1000008,0.00505852870773499,0.8299658720000298
tan_phi,per_phi,0,1000009,0.00337325102208246,0.9111145240000041
tan_phi,per_phi,0,1000010,0.0026886866620790375,0.9909961000000476
tan_phi,per_phi,0,1000011,0.005486777942227595,1.0705285040001036
tan_phi,per_phi,0,1000012,0.007605343340284555,1.1497233160000178
tan_phi,per_phi,0,1000013,0.005818056618172216,1.2297055260000342
tan_phi,per_phi,0,1000014,0.002767703670679455,1.308767999999982
tan_phi,per_phi,0,1000015,0.0038295938906617046,1.386929461999971
tan_phi,per_phi,0,1000016,0.0025628334995909845,1.465282176000037
tan_phi,per_phi,0,1000017,0.0024670780833372587,1.5440490619999765
tan_phi,per_phi,0,1000018,0.001866026363293096,1.622752188000013
tan_phi,per_phi,0,1000019,0.0067968486019436645,1.7015516520000529
tan_phi,per_phi,0,1000020,0.00252536257343405,1.7796104140000535
tan_phi,per_phi,0,1000021,0.0029488632739045765,1.857545184000046
tan_phi,per_phi,0,1000022,0.010925564101589466,1.9352423860000272
tan_phi,per_phi,0,1000023,0.0019102475466616635,2.0140050920000068
tan_phi,per_phi,0,1000024,0.0029859198394902183,2.0933840780000903
tan_phi,per_phi,0,1000025,0.004718131197408157,2.1714879900000232
tan_phi,per_phi,0,1000026,0.00701104173506693,2.2495435800000267
tan_phi,per_phi,0,1000027,0.00411250230841816,2.327723343999969
tan_phi,per_phi,0,1000028,0.005580619555533363,2.4056674419999764
tan_phi,per_phi,0,1000029,0.0036729108152547423,2.48340383200004
tan_phi,per_phi,0,1000030,0.002931183993207241,2.560799274000019
tan_phi,per_phi,0,1000031,0.0025794337998911437,2.6385996560000056
tan_phi,per_phi,0,1000032,0.006471633513371372,2.7166546620000736
tan_phi,per_phi,0,1000033,0.0020294216430731763,2.79544813600005
tan_phi,per_phi,0,1000034,0.0033614971746486213,2.8735550279999735
tan_phi,per_phi,0,1000035,0.003998950315274094,2.95148755000002
tan_phi,per_phi,0,1000036,0.002444469496313954,3.028968736000097
tan_phi,per_phi,0,1000037,0.005859496953161669,3.107765356000018
tan_phi,per_phi,0,1000038,0.005700977061254793,3.1860316440000314
tan_phi,per_phi,0,1000039,0.004539979507556352,3.2637289500000772
tan_phi,per_phi,0,1000040,0.0022161447836843303,3.3410731980000854
tan_phi,per_phi,0,1000041,0.0036670626108793423,3.4194145520000894
tan_phi,per_phi,0,1000042,0.0022814742447650723,3.497447711999994
tan_phi,per_phi,0,1000043,0.00312549796770566,3.5757260400000086
tan_phi,per_phi,0,1000044,0.0025666139154153014,3.6535024559999876
tan_phi,per_phi,0,1000045,0.0037395259238624232,3.731884396000096
tan_phi,per_phi,0,1000046,0.005362879479969475,3.810308753999998
tan_phi,per_phi,0,1000047,0.004322504290973572,3.887988582000107
tan_phi,per_phi,0,1000048,0.004952550285332493,3.9678522299999894
tan_phi,per_phi,0,1000049,0.009201236667452466,4.045356661999977
tan_phi,deeponet,250,1000000,0.011597250194859236,0.8504074820000096
tan_phi,deeponet,250,1000001,0.012950208777145925,0.8504074820000096
tan_phi,deeponet,250,1000002,0.02007500190162361,0.8504074820000096
tan_phi,deeponet,250,1000003,0.014591494423831928,0.8504074820000096
tan_phi,deeponet,250,1000004,0.008893061881757203,0.8504074820000096
tan_phi,deeponet,250,1000005,0.007452038808594881,0.8504074820000096
tan_phi,deeponet,250,1000006,0.01986304522979133,0.8504074820000096
tan_phi,deeponet,250,1000007,0.02308399722791166,0.8504074820000096
tan_phi,deeponet,250,1000008,0.006816111166582114,0.8504074820000096
tan_phi,deeponet,250,1000009,0.005352941203705162,0.8504074820000096
tan_phi,deeponet,250,1000010,0.007502604737402536,0.8504074820000096
tan_phi,deeponet,250,1000011,0.019055172614623243,0.8504074820000096
tan_phi,deeponet,250,1000012,0.013115026495568222,0.8504074820000096
tan_phi,deeponet,250,1000013,0.0054276797470085595,0.8504074820000096
tan_phi,deeponet,250,1000014,0.016314917118514127,0.8504074820000096
tan_phi,deeponet,250,1000015,0.012256325354414007,0.8504074820000096
tan_phi,deeponet,250,1000016,0.017763016849667954,0.8504074820000096
tan_phi,deeponet,250,1000017,0.007669188952587952,0.8504074820000096
tan_phi,deeponet,250,1000018,0.007116793461392252,0.8504074820000096
tan_phi,deeponet,250,1000019,0.007399572684253863,0.8504074820000096
tan_phi,deeponet,250,1000020,0.010476034408902416,0.8504074820000096
tan_phi,deeponet,250,1000021,0.015168881662359319,0.8504074820000096
tan_phi,deeponet,250,1000022,0.01567279788976146,0.8504074820000096
tan_phi,deeponet,250,1000023,0.0030044750968990096,0.8504074820000096
tan_phi,deeponet,250,1000024,0.007348091429207165,0.8504074820000096
tan_phi,deeponet,250,1000025,0.020865530907499773,0.8504074820000096
tan_phi,deeponet,250,1000026,0.01600418425206888,0.8504074820000096
tan_phi,deeponet,250,1000027,0.01919558262496639,0.8504074820000096
tan_phi,deeponet,250,1000028,0.009490468701088054,0.8504074820000096
tan_phi,deeponet,250,1000029,0.007479951495158197,0.8504074820000096
tan_phi,deeponet,250,1000030,0.01109317130023087,0.8504074820000096
tan_phi,deeponet,250,1000031,0.011725202357618694,0.8504074820000096
tan_phi,deeponet,250,1000032,0.010378038854340901,0.8504074820000096
tan_phi,deeponet,250,1000033,0.005962536316013636,0.8504074820000096
tan_phi,deeponet,250,1000034,0.019520766942722582,0.8504074820000096
tan_phi,deeponet,250,1000035,0.0068643543798889,0.8504074820000096
tan_phi,deeponet,250,1000036,0.008396418201523738,0.8504074820000096
tan_phi,deeponet,250,1000037,0.03045252829550994,0.8504074820000096
tan_phi,deeponet,250,1000038,0.021786101653222718,0.8504074820000096
tan_phi,deeponet,250,1000039,0.01006719372783521,0.8504074820000096
tan_phi,deeponet,250,1000040,0.011425912151540376,0.8504074820000096
tan_phi,deeponet,250,1000041,0.009885721950664695,0.8504074820000096
tan_phi,deeponet,250,1000042,0.011025233684000827,0.8504074820000096
tan_phi,deeponet,250,1000043,0.014564701972524473,0.8504074820000096
tan_phi,deeponet,250,1000044,0.009242680466354077,0.8504074820000096
tan_phi,deeponet,250,1000045,0.013962214796595476,0.8504074820000096
tan_phi,deeponet,250,1000046,0.02178149186933452,0.8504074820000096
tan_phi,deeponet,250,1000047,0.008559679081195109,0.8504074820000096
tan_phi,deeponet,250,1000048,0.023938972983865544,0.8504074820000096
tan_phi,deeponet,250,1000049,0.027785719394903954,0.8504074820000096
tan_phi,fno,250,1000000,0.0038237987218177876,1.7893864259999828
tan_phi,fno,250,1000001,0.010194024534643376,1.7893864259999828
tan_phi,fno,250,1000002,0.008501696167224775,1.7893864259999828
tan_phi,fno,250,1000003,0.005865656299964644,1.7893864259999828
tan_phi,fno,250,1000004,0.00472286369430378,1.7893864259999828
tan_phi,fno,250,1000005,0.0035012572715936636,1.7893864259999828
tan_phi,fno,250,1000006,0.012620004394945143,1.7893864259999828
tan_phi,fno,250,1000007,0.007163178708975988,1.7893864259999828
tan_phi,fno,250,1000008,0.0029267300064222727,1.7893864259999828
tan_phi,fno,250,1000009,0.004417511424962932,1.7893864259999828
tan_phi,fno,250,1000010,0.0040663023480653855,1.7893864259999828
tan_phi,fno,250,1000011,0.010894929735434418,1.7893864259999828
tan_phi,fno,250,1000012,0.00670289183773196,1.7893864259999828
tan_phi,fno,250,1000013,0.003940759251346949,1.7893864259999828
tan_phi,fno,250,1000014,0.00789785459182006,1.7893864259999828
tan_phi,fno,250,1000015,0.00392155048442223,1.7893864259999828
tan_phi,fno,250,1000016,0.007202973248597614,1.7893864259999828
tan_phi,fno,250,1000017,0.004609297453100405,1.7893864259999828
tan_phi,fno,250,1000018,0.004244295337946989,1.7893864259999828
tan_phi,fno,250,1000019,0.004963695571301059,1.7893864259999828
tan_phi,fno,250,1000020,0.005954498770887249,1.7893864259999828
tan_phi,fno,250,1000021,0.0077847738600457,1.7893864259999828
tan_phi,fno,250,1000022,0.008363328086359872,1.7893864259999828
tan_phi,fno,250,1000023,0.004684573757707255,1.7893864259999828
tan_phi,fno,250,1000024,0.004824922634532691,1.7893864259999828
tan_phi,fno,250,1000025,0.009739962369146747,1.7893864259999828
tan_phi,fno,250,1000026,0.005563392740473284,1.7893864259999828
tan_phi,fno,250,1000027,0.010721027176093587,1.7893864259999828
tan_phi,fno,250,1000028,0.005415120152331259,1.7893864259999828
tan_phi,fno,250,1000029,0.0036629928170274417,1.7893864259999828
tan_phi,fno,250,1000030,0.005602029283226577,1.7893864259999828
tan_phi,fno,250,1000031,0.0065836421302666115,1.7893864259999828
tan_phi,fno,250,1000032,0.0041047408495125445,1.7893864259999828
tan_phi,fno,250,1000033,0.0036296365972472437,1.7893864259999828
tan_phi,fno,250,1000034,0.008063835658282625,1.7893864259999828
tan_phi,fno,250,1000035,0.0044316950808026175,1.7893864259999828
tan_phi,fno,250,1000036,0.006309384303859312,1.7893864259999828
tan_phi,fno,250,1000037,0.006214758085345093,1.7893864259999828
tan_phi,fno,250,1000038,0.014273819892141618,1.7893864259999828
tan_phi,fno,250,1000039,0.007152200378588326,1.7893864259999828
tan_phi,fno,250,1000040,0.005945334328121384,1.7893864259999828
tan_phi,fno,250,1000041,0.004606657611764607,1.7893864259999828
tan_phi,fno,250,1000042,0.004595506866728369,1.7893864259999828
tan_phi,fno,250,1000043,0.005372878386581893,1.7893864259999828
tan_phi,fno,250,1000044,0.005477240516312729,1.7893864259999828
tan_phi,fno,250,1000045,0.006000577264073749,1.7893864259999828
tan_phi,fno,250,1000046,0.010665166475990742,1.7893864259999828
tan_phi,fno,250,1000047,0.007484027070666593,1.7893864259999828
tan_phi,fno,250,1000048,0.007192046751414487,1.7893864259999828
tan_phi,fno,250,1000049,0.01856687117053801,1.7893864259999828
tan_phi,attn,250,1000000,0.03963779774829655,3.90809935199999
tan_phi,attn,250,1000001,0.12214279275437118,3.90809935199999
tan_phi,attn,250,1000002,0.07305107936812054,3.90809935199999
tan_phi,attn,250,1000003,0.07116634241701741,3.90809935199999
tan_phi,attn,250,1000004,0.025995609733714606,3.90809935199999
tan_phi,attn,250,1000005,0.045455795334707595,3.90809935199999
tan_phi,attn,250,1000006,0.04471900778248125,3.90809935199999
tan_phi,attn,250,1000007,0.05265973414031545,3.90809935199999
tan_phi,attn,250,1000008,0.0339167025965527,3.90809935199999
tan_phi,attn,250,1000009,0.02209915599844767,3.90809935199999
tan_phi,attn,250,1000010,0.06064234369981998,3.90809935199999
tan_phi,attn,250,1000011,0.04400764115832912,3.90809935199999
tan_phi,attn,250,1000012,0.051196546601356495,3.90809935199999
tan_phi,attn,250,1000013,0.05023109274671562,3.90809935199999
tan_phi,attn,250,1000014,0.06600775480678323,3.90809935199999
tan_phi,attn,250,1000015,0.06842722553983877,3.90809935199999
tan_phi,attn,250,1000016,0.040547288430783084,3.90809935199999
tan_phi,attn,250,1000017,0.0583261908523766,3.90809935199999
tan_phi,attn,250,1000018,0.0398610370397981,3.90809935199999
tan_phi,attn,250,1000019,0.03944863331867536,3.90809935199999
tan_phi,attn,250,1000020,0.022989883553645254,3.90809935199999
tan_phi,attn,250,1000021,0.09596628748000773,3.90809935199999
tan_phi,attn,250,1000022,0.06668919163068664,3.90809935199999
tan_phi,attn,250,1000023,0.03483441532535426,3.90809935199999
tan_phi,attn,250,1000024,0.0368586155424602,3.90809935199999
tan_phi,attn,250,1000025,0.06259589119508241,3.90809935199999
tan_phi,attn,250,1000026,0.04210774866264955,3.90809935199999
tan_phi,attn,250,1000027,0.13516408492432844,3.90809935199999
tan_phi,attn,250,1000028,0.021532227626392553,3.90809935199999
tan_phi,attn,250,1000029,0.03744938443790529,3.90809935199999
tan_phi,attn,250,1000030,0.040168509033096995,3.90809935199999
tan_phi,attn,250,1000031,0.05536476843966373,3.90809935199999
tan_phi,attn,250,1000032,0.034034440240524266,3.90809935199999
tan_phi,attn,250,1000033,0.036014941793573736,3.90809935199999
tan_phi,attn,250,1000034,0.1007183980003706,3.90809935199999
tan_phi,attn,250,1000035,0.040900055734188215,3.90809935199999
tan_phi,attn,250,1000036,0.028132551770267928,3.90809935199999
tan_phi,attn,250,1000037,0.05009621645689628,3.90809935199999
tan_phi,attn,250,1000038,0.08020871738603653,3.90809935199999
tan_phi,attn,250,1000039,0.02855240062413408,3.90809935199999
tan_phi,attn,250,1000040,0.04381710598938422,3.90809935199999
tan_phi,attn,250,1000041,0.05164195452327942,3.90809935199999
tan_phi,attn,250,1000042,0.03978162250894847,3.90809935199999
tan_phi,attn,250,1000043,0.06639322180321762,3.90809935199999
tan_phi,attn,250,1000044,0.031494807531869916,3.90809935199999
tan_phi,attn,250,1000045,0.05675889680743899,3.90809935199999
tan_phi,attn,250,1000046,0.09474208365028933,3.90809935199999
tan_phi,attn,250,1000047,0.05971179240171041,3.90809935199999
tan_phi,attn,250,1000048,0.04703419686493979,3.90809935199999
tan_phi,attn,250,1000049,0.18608459943020272,3.90809935199999
tan_phi,coeffmlp,250,1000000,0.0054830558370075055,1.3564588340000774
tan_phi,coeffmlp,250,1000001,0.03658338429620992,1.3564588340000774
tan_phi,coeffmlp,250,1000002,0.009250731139785282,1.3564588340000774
tan_phi,coeffmlp,250,1000003,0.02537878941353379,1.3564588340000774
tan_phi,coeffmlp,250,1000004,0.0054031816909660265,1.3564588340000774
tan_phi,coeffmlp,250,1000005,0.004819365702840242,1.3564588340000774
tan_phi,coeffmlp,250,1000006,0.01583106792620528,1.3564588340000774
tan_phi,coeffmlp,250,1000007,0.010083104889257958,1.3564588340000774
tan_phi,coeffmlp,250,1000008,0.0071586126828281854,1.3564588340000774
tan_phi,coeffmlp,250,1000009,0.003999709871283441,1.3564588340000774
tan_phi,coeffmlp,250,1000010,0.007448091166803293,1.3564588340000774
tan_phi,coeffmlp,250,1000011,0.01278773037922887,1.3564588340000774
tan_phi,coeffmlp,250,1000012,0.010129520283460196,1.3564588340000774
tan_phi,coeffmlp,250,1000013,0.010147731434544064,1.3564588340000774
tan_phi,coeffmlp,250,1000014,0.0059510203159081326,1.3564588340000774
tan_phi,coeffmlp,250,1000015,0.03835635288309451,1.3564588340000774
tan_phi,coeffmlp,250,1000016,0.006854861071389131,1.3564588340000774
tan_phi,coeffmlp,250,1000017,0.005859922691108322,1.3564588340000774
tan_phi,coeffmlp,250,1000018,0.002422158870009036,1.3564588340000774
tan_phi,coeffmlp,250,1000019,0.007390210181406967,1.3564588340000774
tan_phi,coeffmlp,250,1000020,0.006891468976804946,1.3564588340000774
tan_phi,coeffmlp,250,1000021,0.008095900209043943,1.3564588340000774
tan_phi,coeffmlp,250,1000022,0.01279681401458956,1.3564588340000774
tan_phi,coeffmlp,250,1000023,0.005668325079174103,1.3564588340000774
tan_phi,coeffmlp,250,1000024,0.008980723921873237,1.3564588340000774
tan_phi,coeffmlp,250,1000025,0.03464435890420836,1.3564588340000774
tan_phi,coeffmlp,250,1000026,0.006125016864720152,1.3564588340000774
tan_phi,coeffmlp,250,1000027,0.03549528234829097,1.3564588340000774
tan_phi,coeffmlp,250,1000028,0.0041306800386563865,1.3564588340000774
tan_phi,coeffmlp,250,1000029,0.005515269363008897,1.3564588340000774
tan_phi,coeffmlp,250,1000030,0.00661554479266336,1.3564588340000774
tan_phi,coeffmlp,250,1000031,0.0052794646146199645,1.3564588340000774
tan_phi,coeffmlp,250,1000032,0.005058039639623368,1.3564588340000774
tan_phi,coeffmlp,250,1000033,0.0036497745843891657,1.3564588340000774
tan_phi,coeffmlp,250,1000034,0.046053281956618015,1.3564588340000774
tan_phi,coeffmlp,250,1000035,0.005964700703947076,1.3564588340000774
tan_phi,coeffmlp,250,1000036,0.004048832584872296,1.3564588340000774
tan_phi,coeffmlp,250,1000037,0.008027286239882586,1.3564588340000774
tan_phi,coeffmlp,250,1000038,0.01735411687683832,1.3564588340000774
tan_phi,coeffmlp,250,1000039,0.009390267291628524,1.3564588340000774
tan_phi,coeffmlp,250,1000040,0.004852168216499172,1.3564588340000774
tan_phi,coeffmlp,250,1000041,0.005611298672264247,1.3564588340000774
tan_phi,coeffmlp,250,1000042,0.008017784652641356,1.3564588340000774
tan_phi,coeffmlp,250,1000043,0.0061279424432149985,1.3564588340000774
tan_phi,coeffmlp,250,1000044,0.006107004401013315,1.3564588340000774
tan_phi,coeffmlp,250,1000045,0.008207931041588784,1.3564588340000774
tan_phi,coeffmlp,250,1000046,0.017037891086355467,1.3564588340000774
tan_phi,coeffmlp,250,1000047,0.007484035882001429,1.3564588340000774
tan_phi,coeffmlp,250,1000048,0.011637179726807674,1.3564588340000774
tan_phi,coeffmlp,250,1000049,0.03380881661845709,1.3564588340000774
tan_phi,deeponet,1000,1000000,0.0024196312031410107,0.8578140059999714
tan_phi,deeponet,1000,1000001,0.006113584405486284,0.8578140059999714
tan_phi,deeponet,1000,1000002,0.0069587554562901355,0.8578140059999714
tan_phi,deeponet,1000,1000003,0.003294365472203174,0.8578140059999714
tan_phi,deeponet,1000,1000004,0.003319731659142587,0.8578140059999714
tan_phi,deeponet,1000,1000005,0.004253167497412791,0.8578140059999714
tan_phi,deeponet,1000,1000006,0.008117150219734208,0.8578140059999714
tan_phi,deeponet,1000,1000007,0.006072760250101035,0.8578140059999714
tan_phi,deeponet,1000,1000008,0.002223292277476326,0.8578140059999714
tan_phi,deeponet,1000,1000009,0.0025762330001977063,0.8578140059999714
tan_phi,deeponet,1000,1000010,0.002980660293086783,0.8578140059999714
tan_phi,deeponet,1000,1000011,0.009186411072564623,0.8578140059999714
tan_phi,deeponet,1000,1000012,0.005650437683233284,0.8578140059999714
tan_phi,deeponet,1000,1000013,0.002294241494131432,0.8578140059999714
tan_phi,deeponet,1000,1000014,0.003350453512195198,0.8578140059999714
tan_phi,deeponet,1000,1000015,0.003915769843807713,0.8578140059999714
tan_phi,deeponet,1000,1000016,0.003272787496960924,0.8578140059999714
tan_phi,deeponet,1000,1000017,0.0023946625197492355,0.8578140059999714
tan_phi,deeponet,1000,1000018,0.002828808255342356,0.8578140059999714
tan_phi,deeponet,1000,1000019,0.00393315746723302,0.8578140059999714
tan_phi,deeponet,1000,1000020,0.0033156136318800845,0.8578140059999714
tan_phi,deeponet,1000,1000021,0.006414661214040572,0.8578140059999714
tan_phi,deeponet,1000,1000022,0.004323488510302846,0.8578140059999714
tan_phi,deeponet,1000,1000023,0.0028701637686246863,0.8578140059999714
tan_phi,deeponet,1000,1000024,0.004699980953977154,0.8578140059999714
tan_phi,deeponet,1000,1000025,0.008174551562883109,0.8578140059999714
tan_phi,deeponet,1000,1000026,0.0034623992150556986,0.8578140059999714
tan_phi,deeponet,1000,1000027,0.0068503916346730215,0.8578140059999714
tan_phi,deeponet,1000,1000028,0.004578696653871298,0.8578140059999714
tan_phi,deeponet,1000,1000029,0.0023269482541797225,0.8578140059999714
tan_phi,deeponet,1000,1000030,0.00308507793940867,0.8578140059999714
tan_phi,deeponet,1000,1000031,0.004043666334167229,0.8578140059999714
tan_phi,deeponet,1000,1000032,0.003484574810989215,0.8578140059999714
tan_phi,deeponet,1000,1000033,0.0034952312633481255,0.8578140059999714
tan_phi,deeponet,1000,1000034,0.004402797596953628,0.8578140059999714
tan_phi,deeponet,1000,1000035,0.003184009398820764,0.8578140059999714
tan_phi,deeponet,1000,1000036,0.006034951179762085,0.8578140059999714
tan_phi,deeponet,1000,1000037,0.005733395756038484,0.8578140059999714
tan_phi,deeponet,1000,1000038,0.008797996329967639,0.8578140059999714
tan_phi,deeponet,1000,1000039,0.0037850652450429896,0.8578140059999714
tan_phi,deeponet,1000,1000040,0.004769856523747436,0.8578140059999714
tan_phi,deeponet,1000,1000041,0.0048797542715362414,0.8578140059999714
tan_phi,deeponet,1000,1000042,0.004515710368267731,0.8578140059999714
tan_phi,deeponet,1000,1000043,0.0038263461371632894,0.8578140059999714
tan_phi,deeponet,1000,1000044,0.0033340228331421974,0.8578140059999714
tan_phi,deeponet,1000,1000045,0.0041532975993391315,0.8578140059999714
tan_phi,deeponet,1000,1000046,0.005600986208177221,0.8578140059999714
tan_phi,deeponet,1000,1000047,0.004797310799572276,0.8578140059999714
tan_phi,deeponet,1000,1000048,0.00674396550694941,0.8578140059999714
tan_phi,deeponet,1000,1000049,0.011319914796948289,0.8578140059999714
tan_phi,fno,1000,1000000,0.0019469909444398412,1.7991376019999734
tan_phi,fno,1000,1000001,0.005692210205400998,1.7991376019999734
tan_phi,fno,1000,1000002,0.0036460889816084556,1.7991376019999734
tan_phi,fno,1000,1000003,0.0029943645862700284,1.7991376019999734
tan_phi,fno,1000,1000004,0.002400032121791578,1.7991376019999734
tan_phi,fno,1000,1000005,0.0021925759993217473,1.7991376019999734
tan_phi,fno,1000,1000006,0.0067837748144614456,1.7991376019999734
tan_phi,fno,1000,1000007,0.0030881145785837624,1.7991376019999734
tan_phi,fno,1000,1000008,0.0014588941443180535,1.7991376019999734
tan_phi,fno,1000,1000009,0.0021931369765949885,1.7991376019999734
tan_phi,fno,1000,1000010,0.001968103504048994,1.7991376019999734
tan_phi,fno,1000,1000011,0.006302940069421077,1.7991376019999734
tan_phi,fno,1000,1000012,0.0032635383323013968,1.7991376019999734
tan_phi,fno,1000,1000013,0.0019424442609743903,1.7991376019999734
tan_phi,fno,1000,1000014,0.002773290731521638,1.7991376019999734
tan_phi,fno,1000,1000015,0.0024265476859251307,1.7991376019999734
tan_phi,fno,1000,1000016,0.003147672589454581,1.7991376019999734
tan_phi,fno,1000,1000017,0.001964590403169721,1.7991376019999734
tan_phi,fno,1000,1000018,0.0019403945522704128,1.7991376019999734
tan_phi,fno,1000,1000019,0.002303043736080285,1.7991376019999734
tan_phi,fno,1000,1000020,0.002395603659142617,1.7991376019999734
tan_phi,fno,1000,1000021,0.003624161698319097,1.7991376019999734
tan_phi,fno,1000,1000022,0.004171606531742995,1.7991376019999734
tan_phi,fno,1000,1000023,0.0023869556994588485,1.7991376019999734
tan_phi,fno,1000,1000024,0.0025520679563420167,1.7991376019999734
tan_phi,fno,1000,1000025,0.004992387821910509,1.7991376019999734
tan_phi,fno,1000,1000026,0.002594266688904702,1.7991376019999734
tan_phi,fno,1000,1000027,0.004468594618158481,1.7991376019999734
tan_phi,fno,1000,1000028,0.001974199116310504,1.7991376019999734
tan_phi,fno,1000,1000029,0.0018859390255107512,1.7991376019999734
tan_phi,fno,1000,1000030,0.0019634295153576507,1.7991376019999734
tan_phi,fno,1000,1000031,0.0029355671145798994,1.7991376019999734
tan_phi,fno,1000,1000032,0.0024399679513363594,1.7991376019999734
tan_phi,fno,1000,1000033,0.001741253807988584,1.7991376019999734
tan_phi,fno,1000,1000034,0.003010410426614598,1.7991376019999734
tan_phi,fno,1000,1000035,0.002123593858847617,1.7991376019999734
tan_phi,fno,1000,1000036,0.0026593965690703643,1.7991376019999734
tan_phi,fno,1000,1000037,0.00273997914278952,1.7991376019999734
tan_phi,fno,1000,1000038,0.006496252758297905,1.7991376019999734
tan_phi,fno,1000,1000039,0.0038831015104674525,1.7991376019999734
tan_phi,fno,1000,1000040,0.002493335324868991,1.7991376019999734
tan_phi,fno,1000,1000041,0.0025765964746074306,1.7991376019999734
tan_phi,fno,1000,1000042,0.002725971105155312,1.7991376019999734
tan_phi,fno,1000,1000043,0.0024521168801813066,1.7991376019999734
tan_phi,fno,1000,1000044,0.0032324073090962994,1.7991376019999734
tan_phi,fno,1000,1000045,0.002404146416296393,1.7991376019999734
tan_phi,fno,1000,1000046,0.0029772682228558695,1.7991376019999734
tan_phi,fno,1000,1000047,0.004072597659781981,1.7991376019999734
tan_phi,fno,1000,1000048,0.004908548660576346,1.7991376019999734
tan_phi,fno,1000,1000049,0.007989554861351136,1.7991376019999734
tan_phi,attn,1000,1000000,0.010459791998647284,3.936046939999942
tan_phi,attn,1000,1000001,0.012297836264278411,3.936046939999942
tan_phi,attn,1000,1000002,0.014403846151400767,3.936046939999942
tan_phi,attn,1000,1000003,0.012916311309935058,3.936046939999942
tan_phi,attn,1000,1000004,0.0073307427865448764,3.936046939999942
tan_phi,attn,1000,1000005,0.005019012570843194,3.936046939999942
tan_phi,attn,1000,1000006,0.013118699191019606,3.936046939999942
tan_phi,attn,1000,1000007,0.007147974750465686,3.936046939999942
tan_phi,attn,1000,1000008,0.0029085505212974806,3.936046939999942
tan_phi,attn,1000,1000009,0.004732653212036592,3.936046939999942
tan_phi,attn,1000,1000010,0.0057875779081958964,3.936046939999942
tan_phi,attn,1000,1000011,0.013038478099517851,3.936046939999942
tan_phi,attn,1000,1000012,0.010598790319096057,3.936046939999942
tan_phi,attn,1000,1000013,0.006765972395224112,3.936046939999942
tan_phi,attn,1000,1000014,0.008984596620004288,3.936046939999942
tan_phi,attn,1000,1000015,0.02511579815003095,3.936046939999942
tan_phi,attn,1000,1000016,0.006299814103535178,3.936046939999942
tan_phi,attn,1000,1000017,0.005093404647436851,3.936046939999942
tan_phi,attn,1000,1000018,0.01021274263062099,3.936046939999942
tan_phi,attn,1000,1000019,0.007901935143169553,3.936046939999942
tan_phi,attn,1000,1000020,0.004891091621553227,3.936046939999942
tan_phi,attn,1000,1000021,0.013074243504544782,3.936046939999942
tan_phi,attn,1000,1000022,0.011173434246436091,3.936046939999942
tan_phi,attn,1000,1000023,0.0060118296244519595,3.936046939999942
tan_phi,attn,1000,1000024,0.009631867182802706,3.936046939999942
tan_phi,attn,1000,1000025,0.016026934963729172,3.936046939999942
tan_phi,attn,1000,1000026,0.010305112046482781,3.936046939999942
tan_phi,attn,1000,1000027,0.021322954976035147,3.936046939999942
tan_phi,attn,1000,1000028,0.005757653839630593,3.936046939999942
tan_phi,attn,1000,1000029,0.00422115474639359,3.936046939999942
tan_phi,attn,1000,1000030,0.007174777411693434,3.936046939999942
tan_phi,attn,1000,1000031,0.02356042569925573,3.936046939999942
tan_phi,attn,1000,1000032,0.008009000893465686,3.936046939999942
tan_phi,attn,1000,1000033,0.004487690365479259,3.936046939999942
tan_phi,attn,1000,1000034,0.024111059683503546,3.936046939999942
tan_phi,attn,1000,1000035,0.005337421191046181,3.936046939999942
tan_phi,attn,1000,1000036,0.005473173485630667,3.936046939999942
tan_phi,attn,1000,1000037,0.010655375322129925,3.936046939999942
tan_phi,attn,1000,1000038,0.014063470181759378,3.936046939999942
tan_phi,attn,1000,1000039,0.008075500080230273,3.936046939999942
tan_phi,attn,1000,1000040,0.007727095922481486,3.936046939999942
tan_phi,attn,1000,1000041,0.00895864212256691,3.936046939999942
tan_phi,attn,1000,1000042,0.007772422383070423,3.936046939999942
tan_phi,attn,1000,1000043,0.008603826753027575,3.936046939999942
tan_phi,attn,1000,1000044,0.004067434975168635,3.936046939999942
tan_phi,attn,1000,1000045,0.007181139295753414,3.936046939999942
tan_phi,attn,1000,1000046,0.02516582972326877,3.936046939999942
tan_phi,attn,1000,1000047,0.008200325605316581,3.936046939999942
tan_phi,attn,1000,1000048,0.014301015511779298,3.936046939999942
tan_phi,attn,1000,1000049,0.027575038179489045,3.936046939999942
tan_phi,coeffmlp,1000,1000000,0.0022606187433059813,1.3517725639999845
tan_phi,coeffmlp,1000,1000001,0.008089866921376818,1.3517725639999845
tan_phi,coeffmlp,1000,1000002,0.005624518088550598,1.3517725639999845
tan_phi,coeffmlp,1000,1000003,0.005890072614705356,1.3517725639999845
tan_phi,coeffmlp,1000,1000004,0.003909032011098374,1.3517725639999845
tan_phi,coeffmlp,1000,1000005,0.003302743539238429,1.3517725639999845
tan_phi,coeffmlp,1000,1000006,0.008346795794250609,1.3517725639999845
tan_phi,coeffmlp,1000,1000007,0.004016824813972772,1.3517725639999845
tan_phi,coeffmlp,1000,1000008,0.0033120432607303355,1.3517725639999845
tan_phi,coeffmlp,1000,1000009,0.002233931784957771,1.3517725639999845
tan_phi,coeffmlp,1000,1000010,0.002468492933147308,1.3517725639999845
tan_phi,coeffmlp,1000,1000011,0.007858160509776389,1.3517725639999845
tan_phi,coeffmlp,1000,1000012,0.004068910875825598,1.3517725639999845
tan_phi,coeffmlp,1000,1000013,0.005439594503409151,1.3517725639999845
tan_phi,coeffmlp,1000,1000014,0.002936443857820113,1.3517725639999845
tan_phi,coeffmlp,1000,1000015,0.012058233606088887,1.3517725639999845
tan_phi,coeffmlp,1000,1000016,0.0034676776647442997,1.3517725639999845
tan_phi,coeffmlp,1000,1000017,0.0028222636888642883,1.3517725639999845
tan_phi,coeffmlp,1000,1000018,0.0018834204818719785,1.3517725639999845
tan_phi,coeffmlp,1000,1000019,0.005189228725767542,1.3517725639999845
tan_phi,coeffmlp,1000,1000020,0.002957471654153044,1.3517725639999845
tan_phi,coeffmlp,1000,1000021,0.0037575463614699495,1.3517725639999845
tan_phi,coeffmlp,1000,1000022,0.006468888596729589,1.3517725639999845
tan_phi,coeffmlp,1000,1000023,0.003701919276230514,1.3517725639999845
tan_phi,coeffmlp,1000,1000024,0.006459668435890474,1.3517725639999845
tan_phi,coeffmlp,1000,1000025,0.009915000940339293,1.3517725639999845
tan_phi,coeffmlp,1000,1000026,0.0029989452623484575,1.3517725639999845
tan_phi,coeffmlp,1000,1000027,0.012305644963428203,1.3517725639999845
tan_phi,coeffmlp,1000,1000028,0.002342205242130733,1.3517725639999845
tan_phi,coeffmlp,1000,1000029,0.003478232895243629,1.3517725639999845
tan_phi,coeffmlp,1000,1000030,0.005736761528567368,1.3517725639999845
tan_phi,coeffmlp,1000,1000031,0.00296110803817644,1.3517725639999845
tan_phi,coeffmlp,1000,1000032,0.0027421204449498975,1.3517725639999845
tan_phi,coeffmlp,1000,1000033,0.0023900493161033145,1.3517725639999845
tan_phi,coeffmlp,1000,1000034,0.01488652630503257,1.3517725639999845
tan_phi,coeffmlp,1000,1000035,0.0038964701711635672,1.3517725639999845
tan_phi,coeffmlp,1000,1000036,0.0028726674155501192,1.3517725639999845
tan_phi,coeffmlp,1000,1000037,0.004003187368072028,1.3517725639999845
tan_phi,coeffmlp,1000,1000038,0.006122663776471678,1.3517725639999845
tan_phi,coeffmlp,1000,1000039,0.004283028940879722,1.3517725639999845
tan_phi,coeffmlp,1000,1000040,0.0035541165371686403,1.3517725639999845
tan_phi,coeffmlp,1000,1000041,0.002830019362222444,1.3517725639999845
tan_phi,coeffmlp,1000,1000042,0.004396205368295762,1.3517725639999845
tan_phi,coeffmlp,1000,1000043,0.003175838369654669,1.3517725639999845
tan_phi,coeffmlp,1000,1000044,0.0037572835459929485,1.3517725639999845
tan_phi,coeffmlp,1000,1000045,0.003650460430557992,1.3517725639999845
tan_phi,coeffmlp,1000,1000046,0.009287657538282113,1.3517725639999845
tan_phi,coeffmlp,1000,1000047,0.004629125887477622,1.3517725639999845
tan_phi,coeffmlp,1000,1000048,0.005875403146826909,1.3517725639999845
tan_phi,coeffmlp,1000,1000049,0.021745433321315587,1.3517725639999845
cosine_phi,per_phi,0,1000000,0.042495073444355644,0.08123020400002133
cosine_phi,per_phi,0,1000001,0.047502182033961865,0.15586024799995357
cosine_phi,per_phi,0,1000002,0.07282000011218183,0.2296638040000107
cosine_phi,per_phi,0,1000003,0.03140894608303328,0.30360463200020604
cosine_phi,per_phi,0,1000004,0.03507318286018335,0.3787593140001991
cosine_phi,per_phi,0,1000005,0.03760836607666074,0.4570323240000289
cosine_phi,per_phi,0,1000006,0.07237172039111713,0.5310039659999893
cosine_phi,per_phi,0,1000007,0.0932790193137455,0.6047691880000639
cosine_phi,per_phi,0,1000008,0.024909765168852807,0.6828430860000663
cosine_phi,per_phi,0,1000009,0.04168533586943505,0.7865988039999502
cosine_phi,per_phi,0,1000010,0.06684989257684659,0.8887652300001355
cosine_phi,per_phi,0,1000011,0.13049303059028133,1.004567614000116
cosine_phi,per_phi,0,1000012,0.08515571758893313,1.1068077400000766
cosine_phi,per_phi,0,1000013,0.03272750895610741,1.210112740000186
cosine_phi,per_phi,0,1000014,0.02292274343696771,1.311892058000085
cosine_phi,per_phi,0,1000015,0.03030640471595685,1.399248796000029
cosine_phi,per_phi,0,1000016,0.041981553926062364,1.4760278980000294
cosine_phi,per_phi,0,1000017,0.04641107556392382,1.554438405999972
cosine_phi,per_phi,0,1000018,0.04272743887795875,1.631674403999932
cosine_phi,per_phi,0,1000019,0.034828415505172725,1.709334926000156
cosine_phi,per_phi,0,1000020,0.041216451176995905,1.786715410000179
cosine_phi,per_phi,0,1000021,0.04984650249942874,1.8648153140000068
cosine_phi,per_phi,0,1000022,0.07075262160967533,1.9504255000001285
cosine_phi,per_phi,0,1000023,0.03586444465781551,2.0331872660000228
cosine_phi,per_phi,0,1000024,0.03832958253650474,2.120299820000073
cosine_phi,per_phi,0,1000025,0.051215937122975695,2.2128885000001173
cosine_phi,per_phi,0,1000026,0.05124553113561015,2.2968148660002043
cosine_phi,per_phi,0,1000027,0.019645806506842542,2.3824315739999293
cosine_phi,per_phi,0,1000028,0.02361561166195808,2.4580505140000604
cosine_phi,per_phi,0,1000029,0.029785930175915947,2.5332309260001056
cosine_phi,per_phi,0,1000030,0.05713252099100286,2.607613576000149
cosine_phi,per_phi,0,1000031,0.03314342634753577,2.6818312920001337
cosine_phi,per_phi,0,1000032,0.028672143713598754,2.75582968600007
cosine_phi,per_phi,0,1000033,0.028969538297033345,2.8295180660000185
cosine_phi,per_phi,0,1000034,0.020405994243108874,2.9036267500001123
cosine_phi,per_phi,0,1000035,0.03874227993752528,2.977923916
cosine_phi,per_phi,0,1000036,0.028320078995790275,3.052394356000004
cosine_phi,per_phi,0,1000037,0.048700987796741604,3.127040740000084
cosine_phi,per_phi,0,1000038,0.08922557403824803,3.201308604000078
cosine_phi,per_phi,0,1000039,0.0424178169894521,3.2753359080001245
cosine_phi,per_phi,0,1000040,0.03695316836672062,3.3502872060000666
cosine_phi,per_phi,0,1000041,0.040821015421098054,3.424759030000132
cosine_phi,per_phi,0,1000042,0.0491912974053222,3.498641523999977
cosine_phi,per_phi,0,1000043,0.10397525109977834,3.5725386240001535
cosine_phi,per_phi,0,1000044,0.02440186192762828,3.6463310880001516
cosine_phi,per_phi,0,1000045,0.03599384657113741,3.720093751999957
cosine_phi,per_phi,0,1000046,0.042519663331991045,3.794169019999972
cosine_phi,per_phi,0,1000047,0.05405050618951728,3.8680728040001124
cosine_phi,per_phi,0,1000048,0.0964159116883521,3.9424244739999996
cosine_phi,per_phi,0,1000049,0.10301804896884299,4.016238860000158
cosine_phi,deeponet,250,1000000,0.0399475724541748,0.801729808000091
cosine_phi,deeponet,250,1000001,0.055873197952534974,0.801729808000091
cosine_phi,deeponet,250,1000002,0.052490867674834116,0.801729808000091
cosine_phi,deeponet,250,1000003,0.026829540859943525,0.801729808000091
cosine_phi,deeponet,250,1000004,0.031707582978055,0.801729808000091
cosine_phi,deeponet,250,1000005,0.039301934124966395,0.801729808000091
cosine_phi,deeponet,250,1000006,0.05089770630614592,0.801729808000091
cosine_phi,deeponet,250,1000007,0.05564798707477817,0.801729808000091
cosine_phi,deeponet,250,1000008,0.020120881282428026,0.801729808000091
cosine_phi,deeponet,250,1000009,0.0231263819561298,0.801729808000091
cosine_phi,deeponet,250,1000010,0.03259788402707927,0.801729808000091
cosine_phi,deeponet,250,1000011,0.060771190275830396,0.801729808000091
cosine_phi,deeponet,250,1000012,0.04334336675527222,0.801729808000091
cosine_phi,deeponet,250,1000013,0.03617006818910171,0.801729808000091
cosine_phi,deeponet,250,1000014,0.03813501633871895,0.801729808000091
cosine_phi,deeponet,250,1000015,0.03140911957098496,0.801729808000091
cosine_phi,deeponet,250,1000016,0.05041286239532329,0.801729808000091
cosine_phi,deeponet,250,1000017,0.03288409267319975,0.801729808000091
cosine_phi,deeponet,250,1000018,0.026373554777279942,0.801729808000091
cosine_phi,deeponet,250,1000019,0.02476725422098505,0.801729808000091
cosine_phi,deeponet,250,1000020,0.03056625976494432,0.801729808000091
cosine_phi,deeponet,250,1000021,0.03584356933850954,0.801729808000091
cosine_phi,deeponet,250,1000022,0.05789625107371956,0.801729808000091
cosine_phi,deeponet,250,1000023,0.020068892950426045,0.801729808000091
cosine_phi,deeponet,250,1000024,0.030232270449227834,0.801729808000091
cosine_phi,deeponet,250,1000025,0.04778107502524898,0.801729808000091
cosine_phi,deeponet,250,1000026,0.03569138035391655,0.801729808000091
cosine_phi,deeponet,250,1000027,0.06942021209814234,0.801729808000091
cosine_phi,deeponet,250,1000028,0.0365879592792145,0.801729808000091
cosine_phi,deeponet,250,1000029,0.03134948345820031,0.801729808000091
cosine_phi,deeponet,250,1000030,0.03717179574058298,0.801729808000091
cosine_phi,deeponet,250,1000031,0.027300003833832947,0.801729808000091
cosine_phi,deeponet,250,1000032,0.041862186508460825,0.801729808000091
cosine_phi,deeponet,250,1000033,0.023021984224908358,0.801729808000091
cosine_phi,deeponet,250,1000034,0.030609915448707534,0.801729808000091
cosine_phi,deeponet,250,1000035,0.04189941427017271,0.801729808000091
cosine_phi,deeponet,250,1000036,0.03291076481286046,0.801729808000091
cosine_phi,deeponet,250,1000037,0.04257416878977322,0.801729808000091
cosine_phi,deeponet,250,1000038,0.06684000777393408,0.801729808000091
cosine_phi,deeponet,250,1000039,0.02726428724766922,0.801729808000091
cosine_phi,deeponet,250,1000040,0.032958404128119075,0.801729808000091
cosine_phi,deeponet,250,1000041,0.0355679683401826,0.801729808000091
cosine_phi,deeponet,250,1000042,0.02867379812428412,0.801729808000091
cosine_phi,deeponet,250,1000043,0.04036128885777096,0.801729808000091
cosine_phi,deeponet,250,1000044,0.022182783294047295,0.801729808000091
cosine_phi,deeponet,250,1000045,0.03453401552953827,0.801729808000091
cosine_phi,deeponet,250,1000046,0.052766129353134746,0.801729808000091
cosine_phi,deeponet,250,1000047,0.06335686366616217,0.801729808000091
cosine_phi,deeponet,250,1000048,0.048513224565757705,0.801729808000091
cosine_phi,deeponet,250,1000049,0.09243922131958623,0.801729808000091
cosine_phi,fno,250,1000000,0.09614486223989945,1.695210456000059
cosine_phi,fno,250,1000001,0.0929646821507572,1.695210456000059
cosine_phi,fno,250,1000002,0.10341349308534574,1.695210456000059
cosine_phi,fno,250,1000003,0.05756954889019587,1.695210456000059
cosine_phi,fno,250,1000004,0.05846870273870371,1.695210456000059
cosine_phi,fno,250,1000005,0.06267541929881523,1.695210456000059
cosine_phi,fno,250,1000006,0.08529088747068823,1.695210456000059
cosine_phi,fno,250,1000007,0.1020741388780921,1.695210456000059
cosine_phi,fno,250,1000008,0.05172583974113662,1.695210456000059
cosine_phi,fno,250,1000009,0.08166734102535655,1.695210456000059
cosine_phi,fno,250,1000010,0.06478977757863891,1.695210456000059
cosine_phi,fno,250,1000011,0.11658589087088127,1.695210456000059
cosine_phi,fno,250,1000012,0.07742409468193226,1.695210456000059
cosine_phi,fno,250,1000013,0.05560999347028464,1.695210456000059
cosine_phi,fno,250,1000014,0.07214139442415075,1.695210456000059
cosine_phi,fno,250,1000015,0.05220579455844699,1.695210456000059
cosine_phi,fno,250,1000016,0.08535939126460367,1.695210456000059
cosine_phi,fno,250,1000017,0.06127042338101606,1.695210456000059
cosine_phi,fno,250,1000018,0.06526506341350949,1.695210456000059
cosine_phi,fno,250,1000019,0.06391956224972578,1.695210456000059
cosine_phi,fno,250,1000020,0.05661928114073274,1.695210456000059
cosine_phi,fno,250,1000021,0.077291744411032,1.695210456000059
cosine_phi,fno,250,1000022,0.10536971250367819,1.695210456000059
cosine_phi,fno,250,1000023,0.0515213230824404,1.695210456000059
cosine_phi,fno,250,1000024,0.08230299196122338,1.695210456000059
cosine_phi,fno,250,1000025,0.08496003403567463,1.695210456000059
cosine_phi,fno,250,1000026,0.0823997652239036,1.695210456000059
cosine_phi,fno,250,1000027,0.07989784849267521,1.695210456000059
cosine_phi,fno,250,1000028,0.07526060136652901,1.695210456000059
cosine_phi,fno,250,1000029,0.06278427859030067,1.695210456000059
cosine_phi,fno,250,1000030,0.06416983588810106,1.695210456000059
cosine_phi,fno,250,1000031,0.07814807021012572,1.695210456000059
cosine_phi,fno,250,1000032,0.07450059233460342,1.695210456000059
cosine_phi,fno,250,1000033,0.06289420302248702,1.695210456000059
cosine_phi,fno,250,1000034,0.0739742648809449,1.695210456000059
cosine_phi,fno,250,1000035,0.0727656992598911,1.695210456000059
cosine_phi,fno,250,1000036,0.07173572688671015,1.695210456000059
cosine_phi,fno,250,1000037,0.10009655394991998,1.695210456000059
cosine_phi,fno,250,1000038,0.12839088120066336,1.695210456000059
cosine_phi,fno,250,1000039,0.05826873172345859,1.695210456000059
cosine_phi,fno,250,1000040,0.05827981071538641,1.695210456000059
cosine_phi,fno,250,1000041,0.06021137013233303,1.695210456000059
cosine_phi,fno,250,1000042,0.06301145472191137,1.695210456000059
cosine_phi,fno,250,1000043,0.09559017768658928,1.695210456000059
cosine_phi,fno,250,1000044,0.0637978938471121,1.695210456000059
cosine_phi,fno,250,1000045,0.0793242855812685,1.695210456000059
cosine_phi,fno,250,1000046,0.10311627321337868,1.695210456000059
cosine_phi,fno,250,1000047,0.0798102996948084,1.695210456000059
cosine_phi,fno,250,1000048,0.0829823266068764,1.695210456000059
cosine_phi,fno,250,1000049,0.1217404519627446,1.695210456000059
cosine_phi,attn,250,1000000,0.04411146657063226,3.704577084000048
cosine_phi,attn,250,1000001,0.07879038874721075,3.704577084000048
cosine_phi,attn,250,1000002,0.10583858980888622,3.704577084000048
cosine_phi,attn,250,1000003,0.06097831025920769,3.704577084000048
cosine_phi,attn,250,1000004,0.03807326940434837,3.704577084000048
cosine_phi,attn,250,1000005,0.05095493996059373,3.704577084000048
cosine_phi,attn,250,1000006,0.07626312439086914,3.704577084000048
cosine_phi,attn,250,1000007,0.07172415715803067,3.704577084000048
cosine_phi,attn,250,1000008,0.030295637238321318,3.704577084000048
cosine_phi,attn,250,1000009,0.05648104179427693,3.704577084000048
cosine_phi,attn,250,1000010,0.03486234150975045,3.704577084000048
cosine_phi,attn,250,1000011,0.07288300866527125,3.704577084000048
cosine_phi,attn,250,1000012,0.05922031369571299,3.704577084000048
cosine_phi,attn,250,1000013,0.02977215481235517,3.704577084000048
cosine_phi,attn,250,1000014,0.06097148099348879,3.704577084000048
cosine_phi,attn,250,1000015,0.09475557288147969,3.704577084000048
cosine_phi,attn,250,1000016,0.05058701383612785,3.704577084000048
cosine_phi,attn,250,1000017,0.03986768221306331,3.704577084000048
cosine_phi,attn,250,1000018,0.05840352102665601,3.704577084000048
cosine_phi,attn,250,1000019,0.044457732002362624,3.704577084000048
cosine_phi,attn,250,1000020,0.03770925741165752,3.704577084000048
cosine_phi,attn,250,1000021,0.059574042274972254,3.704577084000048
cosine_phi,attn,250,1000022,0.07078767726072395,3.704577084000048
cosine_phi,attn,250,1000023,0.03585828530370037,3.704577084000048
cosine_phi,attn,250,1000024,0.0364011404735371,3.704577084000048
cosine_phi,attn,250,1000025,0.08875033347390898,3.704577084000048
cosine_phi,attn,250,1000026,0.05332672240531183,3.704577084000048
cosine_phi,attn,250,1000027,0.11989881944959449,3.704577084000048
cosine_phi,attn,250,1000028,0.036941384562381344,3.704577084000048
cosine_phi,attn,250,1000029,0.02779849584285461,3.704577084000048
cosine_phi,attn,250,1000030,0.04793140394524559,3.704577084000048
cosine_phi,attn,250,1000031,0.07447279992206186,3.704577084000048
cosine_phi,attn,250,1000032,0.04182677695448402,3.704577084000048
cosine_phi,attn,250,1000033,0.03281241490584283,3.704577084000048
cosine_phi,attn,250,1000034,0.09969836093417135,3.704577084000048
cosine_phi,attn,250,1000035,0.045769458168624245,3.704577084000048
cosine_phi,attn,250,1000036,0.04637481095989802,3.704577084000048
cosine_phi,attn,250,1000037,0.07238986690333599,3.704577084000048
cosine_phi,attn,250,1000038,0.08282963608066943,3.704577084000048
cosine_phi,attn,250,1000039,0.04441993377404879,3.704577084000048
cosine_phi,attn,250,1000040,0.0630881624732963,3.704577084000048
cosine_phi,attn,250,1000041,0.06306606145337526,3.704577084000048
cosine_phi,attn,250,1000042,0.040363545214134905,3.704577084000048
cosine_phi,attn,250,1000043,0.06653435785240264,3.704577084000048
cosine_phi,attn,250,1000044,0.05550164836829471,3.704577084000048
cosine_phi,attn,250,1000045,0.04974434977032225,3.704577084000048
cosine_phi,attn,250,1000046,0.04335485466508494,3.704577084000048
cosine_phi,attn,250,1000047,0.06175692922569117,3.704577084000048
cosine_phi,attn,250,1000048,0.062312512899194955,3.704577084000048
cosine_phi,attn,250,1000049,0.14569211304039117,3.704577084000048
cosine_phi,coeffmlp,250,1000000,0.030916925246925204,1.3328268219999153
cosine_phi,coeffmlp,250,1000001,0.07382610502351113,1.3328268219999153
cosine_phi,coeffmlp,250,1000002,0.041034599219563726,1.3328268219999153
cosine_phi,coeffmlp,250,1000003,0.09933342199840266,1.3328268219999153
cosine_phi,coeffmlp,250,1000004,0.02697276755413609,1.3328268219999153
cosine_phi,coeffmlp,250,1000005,0.03472265497974305,1.3328268219999153
cosine_phi,coeffmlp,250,1000006,0.05638222768248921,1.3328268219999153
cosine_phi,coeffmlp,250,1000007,0.048357430156288794,1.3328268219999153
cosine_phi,coeffmlp,250,1000008,0.028350093295476612,1.3328268219999153
cosine_phi,coeffmlp,250,1000009,0.020917100778885072,1.3328268219999153
cosine_phi,coeffmlp,250,1000010,0.034495002435330546,1.3328268219999153
cosine_phi,coeffmlp,250,1000011,0.07004674645754787,1.3328268219999153
cosine_phi,coeffmlp,250,1000012,0.05037073731493019,1.3328268219999153
cosine_phi,coeffmlp,250,1000013,0.041683527834884,1.3328268219999153
cosine_phi,coeffmlp,250,1000014,0.037446805088602333,1.3328268219999153
cosine_phi,coeffmlp,250,1000015,0.10061295023984346,1.3328268219999153
cosine_phi,coeffmlp,250,1000016,0.04555086856841198,1.3328268219999153
cosine_phi,coeffmlp,250,1000017,0.022464771661907475,1.3328268219999153
cosine_phi,coeffmlp,250,1000018,0.016839648502241684,1.3328268219999153
cosine_phi,coeffmlp,250,1000019,0.0449775647838357,1.3328268219999153
cosine_phi,coeffmlp,250,1000020,0.023561332002193222,1.3328268219999153
cosine_phi,coeffmlp,250,1000021,0.045602936521931633,1.3328268219999153
cosine_phi,coeffmlp,250,1000022,0.0679052986959894,1.3328268219999153
cosine_phi,coeffmlp,250,1000023,0.03282420168892321,1.3328268219999153
cosine_phi,coeffmlp,250,1000024,0.03865256080031335,1.3328268219999153
cosine_phi,coeffmlp,250,1000025,0.08079371994068361,1.3328268219999153
cosine_phi,coeffmlp,250,1000026,0.03289101307527589,1.3328268219999153
cosine_phi,coeffmlp,250,1000027,0.08031742737817192,1.3328268219999153
cosine_phi,coeffmlp,250,1000028,0.03199347286999482,1.3328268219999153
cosine_phi,coeffmlp,250,1000029,0.04456272023862222,1.3328268219999153
cosine_phi,coeffmlp,250,1000030,0.035658407083116746,1.3328268219999153
cosine_phi,coeffmlp,250,1000031,0.025543343213424715,1.3328268219999153
cosine_phi,coeffmlp,250,1000032,0.027281256494897457,1.3328268219999153
cosine_phi,coeffmlp,250,1000033,0.025941111151466786,1.3328268219999153
cosine_phi,coeffmlp,250,1000034,0.08016873637801313,1.3328268219999153
cosine_phi,coeffmlp,250,1000035,0.029341967407796578,1.3328268219999153
cosine_phi,coeffmlp,250,1000036,0.03723294983795838,1.3328268219999153
cosine_phi,coeffmlp,250,1000037,0.04546598520197474,1.3328268219999153
cosine_phi,coeffmlp,250,1000038,0.06579057934867523,1.3328268219999153
cosine_phi,coeffmlp,250,1000039,0.02950777662465945,1.3328268219999153
cosine_phi,coeffmlp,250,1000040,0.029233163578353462,1.3328268219999153
cosine_phi,coeffmlp,250,1000041,0.026482734603780114,1.3328268219999153
cosine_phi,coeffmlp,250,1000042,0.034403649281782946,1.3328268219999153
cosine_phi,coeffmlp,250,1000043,0.04404481688270435,1.3328268219999153
cosine_phi,coeffmlp,250,1000044,0.034053020123826654,1.3328268219999153
cosine_phi,coeffmlp,250,1000045,0.02771346840309581,1.3328268219999153
cosine_phi,coeffmlp,250,1000046,0.0641565673900952,1.3328268219999153
cosine_phi,coeffmlp,250,1000047,0.04710126455793459,1.3328268219999153
cosine_phi,coeffmlp,250,1000048,0.042871977596871946,1.3328268219999153
cosine_phi,coeffmlp,250,1000049,0.0966380213340089,1.3328268219999153
cosine_phi,deeponet,1000,1000000,0.01816777122583627,0.8337737659999402
cosine_phi,deeponet,1000,1000001,0.03553766890173133,0.8337737659999402
cosine_phi,deeponet,1000,1000002,0.049616245953473956,0.8337737659999402
cosine_phi,deeponet,1000,1000003,0.021930748317613047,0.8337737659999402
cosine_phi,deeponet,1000,1000004,0.02208037324421744,0.8337737659999402
cosine_phi,deeponet,1000,1000005,0.02138612061877161,0.8337737659999402
cosine_phi,deeponet,1000,1000006,0.04772782044821702,0.8337737659999402
cosine_phi,deeponet,1000,1000007,0.02468996438688781,0.8337737659999402
cosine_phi,deeponet,1000,1000008,0.015409771029529668,0.8337737659999402
cosine_phi,deeponet,1000,1000009,0.01613088914960542,0.8337737659999402
cosine_phi,deeponet,1000,1000010,0.025372630916767468,0.8337737659999402
cosine_phi,deeponet,1000,1000011,0.034721087643232916,0.8337737659999402
cosine_phi,deeponet,1000,1000012,0.04215584337096723,0.8337737659999402
cosine_phi,deeponet,1000,1000013,0.018812097857931177,0.8337737659999402
cosine_phi,deeponet,1000,1000014,0.016460119391902686,0.8337737659999402
cosine_phi,deeponet,1000,1000015,0.020263701985802737,0.8337737659999402
cosine_phi,deeponet,1000,1000016,0.022755326923125447,0.8337737659999402
cosine_phi,deeponet,1000,1000017,0.02026226986003481,0.8337737659999402
cosine_phi,deeponet,1000,1000018,0.019281642603765064,0.8337737659999402
cosine_phi,deeponet,1000,1000019,0.018938817672541568,0.8337737659999402
cosine_phi,deeponet,1000,1000020,0.01987090348920879,0.8337737659999402
cosine_phi,deeponet,1000,1000021,0.033592355921871556,0.8337737659999402
cosine_phi,deeponet,1000,1000022,0.04719750132170893,0.8337737659999402
cosine_phi,deeponet,1000,1000023,0.015559690966114004,0.8337737659999402
cosine_phi,deeponet,1000,1000024,0.0194212075047773,0.8337737659999402
cosine_phi,deeponet,1000,1000025,0.02906188466776909,0.8337737659999402
cosine_phi,deeponet,1000,1000026,0.023855855462166137,0.8337737659999402
cosine_phi,deeponet,1000,1000027,0.029585409442708998,0.8337737659999402
cosine_phi,deeponet,1000,1000028,0.030402208150685617,0.8337737659999402
cosine_phi,deeponet,1000,1000029,0.014803938916937922,0.8337737659999402
cosine_phi,deeponet,1000,1000030,0.021540074457122405,0.8337737659999402
cosine_phi,deeponet,1000,1000031,0.01754506262680862,0.8337737659999402
cosine_phi,deeponet,1000,1000032,0.02169979985629797,0.8337737659999402
cosine_phi,deeponet,1000,1000033,0.016271419564708598,0.8337737659999402
cosine_phi,deeponet,1000,1000034,0.02841271536914877,0.8337737659999402
cosine_phi,deeponet,1000,1000035,0.015809902276634882,0.8337737659999402
cosine_phi,deeponet,1000,1000036,0.027149164676690082,0.8337737659999402
cosine_phi,deeponet,1000,1000037,0.02865163565299934,0.8337737659999402
cosine_phi,deeponet,1000,1000038,0.043388305147536804,0.8337737659999402
cosine_phi,deeponet,1000,1000039,0.027434897649669974,0.8337737659999402
cosine_phi,deeponet,1000,1000040,0.019551148541662396,0.8337737659999402
cosine_phi,deeponet,1000,1000041,0.024427426508047564,0.8337737659999402
cosine_phi,deeponet,1000,1000042,0.020427073737991564,0.8337737659999402
cosine_phi,deeponet,1000,1000043,0.02777246336734208,0.8337737659999402
cosine_phi,deeponet,1000,1000044,0.02308968168878312,0.8337737659999402
cosine_phi,deeponet,1000,1000045,0.021432811439262553,0.8337737659999402
cosine_phi,deeponet,1000,1000046,0.03149363060966037,0.8337737659999402
cosine_phi,deeponet,1000,1000047,0.03143257255263761,0.8337737659999402
cosine_phi,deeponet,1000,1000048,0.03376990147543343,0.8337737659999402
cosine_phi,deeponet,1000,1000049,0.06246368306953078,0.8337737659999402
cosine_phi,fno,1000,1000000,0.0324630401426374,1.7450878440000814
cosine_phi,fno,1000,1000001,0.058707998728336735,1.7450878440000814
cosine_phi,fno,1000,1000002,0.058771229957150464,1.7450878440000814
cosine_phi,fno,1000,1000003,0.022674528874846674,1.7450878440000814
cosine_phi,fno,1000,1000004,0.025327909495711957,1.7450878440000814
cosine_phi,fno,1000,1000005,0.023977030989069677,1.7450878440000814
cosine_phi,fno,1000,1000006,0.056632782724634186,1.7450878440000814
cosine_phi,fno,1000,1000007,0.03538757317762962,1.7450878440000814
cosine_phi,fno,1000,1000008,0.015235877066950072,1.7450878440000814
cosine_phi,fno,1000,1000009,0.02224344219424959,1.7450878440000814
cosine_phi,fno,1000,1000010,0.02575907112488607,1.7450878440000814
cosine_phi,fno,1000,1000011,0.09286644643550217,1.7450878440000814
cosine_phi,fno,1000,1000012,0.052727083517119876,1.7450878440000814
cosine_phi,fno,1000,1000013,0.020775718703334896,1.7450878440000814
cosine_phi,fno,1000,1000014,0.024465447301537754,1.7450878440000814
cosine_phi,fno,1000,1000015,0.023467966661238997,1.7450878440000814
cosine_phi,fno,1000,1000016,0.04074168547191342,1.7450878440000814
cosine_phi,fno,1000,1000017,0.026978946709975915,1.7450878440000814
cosine_phi,fno,1000,1000018,0.01810866631862376,1.7450878440000814
cosine_phi,fno,1000,1000019,0.03732821383020572,1.7450878440000814
cosine_phi,fno,1000,1000020,0.020731435311894954,1.7450878440000814
cosine_phi,fno,1000,1000021,0.04877688704403725,1.7450878440000814
cosine_phi,fno,1000,1000022,0.055987418717071975,1.7450878440000814
cosine_phi,fno,1000,1000023,0.018806339445328734,1.7450878440000814
cosine_phi,fno,1000,1000024,0.027995638008156742,1.7450878440000814
cosine_phi,fno,1000,1000025,0.03880134282733546,1.7450878440000814
cosine_phi,fno,1000,1000026,0.027751981769875155,1.7450878440000814
cosine_phi,fno,1000,1000027,0.04941175615308137,1.7450878440000814
cosine_phi,fno,1000,1000028,0.02759813537289001,1.7450878440000814
cosine_phi,fno,1000,1000029,0.01887864727080278,1.7450878440000814
cosine_phi,fno,1000,1000030,0.0363410188819647,1.7450878440000814
cosine_phi,fno,1000,1000031,0.028706202449946858,1.7450878440000814
cosine_phi,fno,1000,1000032,0.02717510904786304,1.7450878440000814
cosine_phi,fno,1000,1000033,0.01848736638787211,1.7450878440000814
cosine_phi,fno,1000,1000034,0.03566089187148301,1.7450878440000814
cosine_phi,fno,1000,1000035,0.018095956914462058,1.7450878440000814
cosine_phi,fno,1000,1000036,0.02892394052633741,1.7450878440000814
cosine_phi,fno,1000,1000037,0.04929771570916944,1.7450878440000814
cosine_phi,fno,1000,1000038,0.05946778451949868,1.7450878440000814
cosine_phi,fno,1000,1000039,0.03567840007184721,1.7450878440000814
cosine_phi,fno,1000,1000040,0.030017845058386197,1.7450878440000814
cosine_phi,fno,1000,1000041,0.025240265043758977,1.7450878440000814
cosine_phi,fno,1000,1000042,0.027888030980931084,1.7450878440000814
cosine_phi,fno,1000,1000043,0.04358394024782159,1.7450878440000814
cosine_phi,fno,1000,1000044,0.02343129379438972,1.7450878440000814
cosine_phi,fno,1000,1000045,0.0376709193271584,1.7450878440000814
cosine_phi,fno,1000,1000046,0.058879742845968114,1.7450878440000814
cosine_phi,fno,1000,1000047,0.04236615817577528,1.7450878440000814
cosine_phi,fno,1000,1000048,0.059751180710148115,1.7450878440000814
cosine_phi,fno,1000,1000049,0.13127842592512742,1.7450878440000814
cosine_phi,attn,1000,1000000,0.0300394713853632,3.7319439600000623
cosine_phi,attn,1000,1000001,0.0703180681958871,3.7319439600000623
cosine_phi,attn,1000,1000002,0.05839662211105963,3.7319439600000623
cosine_phi,attn,1000,1000003,0.03049771768103894,3.7319439600000623
cosine_phi,attn,1000,1000004,0.028589954505044573,3.7319439600000623
cosine_phi,attn,1000,1000005,0.025019273161894656,3.7319439600000623
cosine_phi,attn,1000,1000006,0.04477847199680925,3.7319439600000623
cosine_phi,attn,1000,1000007,0.03937516252741629,3.7319439600000623
cosine_phi,attn,1000,1000008,0.02290763550177813,3.7319439600000623
cosine_phi,attn,1000,1000009,0.023826453637816783,3.7319439600000623
cosine_phi,attn,1000,1000010,0.030516283820167054,3.7319439600000623
cosine_phi,attn,1000,1000011,0.06680826383915604,3.7319439600000623
cosine_phi,attn,1000,1000012,0.04225755429837124,3.7319439600000623
cosine_phi,attn,1000,1000013,0.026910569658876324,3.7319439600000623
cosine_phi,attn,1000,1000014,0.0342806377301331,3.7319439600000623
cosine_phi,attn,1000,1000015,0.03666051052686628,3.7319439600000623
cosine_phi,attn,1000,1000016,0.03948721103091028,3.7319439600000623
cosine_phi,attn,1000,1000017,0.023515299607969126,3.7319439600000623
cosine_phi,attn,1000,1000018,0.032464318375693045,3.7319439600000623
cosine_phi,attn,1000,1000019,0.03267350644937043,3.7319439600000623
cosine_phi,attn,1000,1000020,0.024524669974351467,3.7319439600000623
cosine_phi,attn,1000,1000021,0.03988265491405367,3.7319439600000623
cosine_phi,attn,1000,1000022,0.044762004724978856,3.7319439600000623
cosine_phi,attn,1000,1000023,0.026115564115864985,3.7319439600000623
cosine_phi,attn,1000,1000024,0.02296059915335899,3.7319439600000623
cosine_phi,attn,1000,1000025,0.041433878673140516,3.7319439600000623
cosine_phi,attn,1000,1000026,0.032841027306287275,3.7319439600000623
cosine_phi,attn,1000,1000027,0.04456219507472355,3.7319439600000623
cosine_phi,attn,1000,1000028,0.026309219307332057,3.7319439600000623
cosine_phi,attn,1000,1000029,0.014010624704716807,3.7319439600000623
cosine_phi,attn,1000,1000030,0.02917239618522601,3.7319439600000623
cosine_phi,attn,1000,1000031,0.047232760006390984,3.7319439600000623
cosine_phi,attn,1000,1000032,0.02813650349342556,3.7319439600000623
cosine_phi,attn,1000,1000033,0.01975029942558511,3.7319439600000623
cosine_phi,attn,1000,1000034,0.02572431446597815,3.7319439600000623
cosine_phi,attn,1000,1000035,0.025550811902094038,3.7319439600000623
cosine_phi,attn,1000,1000036,0.021633376677496496,3.7319439600000623
cosine_phi,attn,1000,1000037,0.03313524927898195,3.7319439600000623
cosine_phi,attn,1000,1000038,0.061756168641455673,3.7319439600000623
cosine_phi,attn,1000,1000039,0.02736010540285319,3.7319439600000623
cosine_phi,attn,1000,1000040,0.041044986791404205,3.7319439600000623
cosine_phi,attn,1000,1000041,0.04029509144432478,3.7319439600000623
cosine_phi,attn,1000,1000042,0.03007288228079183,3.7319439600000623
cosine_phi,attn,1000,1000043,0.057309821653021724,3.7319439600000623
cosine_phi,attn,1000,1000044,0.021574444731451935,3.7319439600000623
cosine_phi,attn,1000,1000045,0.03148994311480231,3.7319439600000623
cosine_phi,attn,1000,1000046,0.05508844496023512,3.7319439600000623
cosine_phi,attn,1000,1000047,0.025536208034156807,3.7319439600000623
cosine_phi,attn,1000,1000048,0.05478923771346589,3.7319439600000623
cosine_phi,attn,1000,1000049,0.11798432751046405,3.7319439600000623
cosine_phi,coeffmlp,1000,1000000,0.019707999254819468,1.3360508320000373
cosine_phi,coeffmlp,1000,1000001,0.037324546025603644,1.3360508320000373
cosine_phi,coeffmlp,1000,1000002,0.038991346436397775,1.3360508320000373
cosine_phi,coeffmlp,1000,1000003,0.020711033376500276,1.3360508320000373
cosine_phi,coeffmlp,1000,1000004,0.0161498428475759,1.3360508320000373
cosine_phi,coeffmlp,1000,1000005,0.01687813019189942,1.3360508320000373
cosine_phi,coeffmlp,1000,1000006,0.03222020212673581,1.3360508320000373
cosine_phi,coeffmlp,1000,1000007,0.020406261597075485,1.3360508320000373
cosine_phi,coeffmlp,1000,1000008,0.011372922686163052,1.3360508320000373
cosine_phi,coeffmlp,1000,1000009,0.015074471524042255,1.3360508320000373
cosine_phi,coeffmlp,1000,1000010,0.017929757835307165,1.3360508320000373
cosine_phi,coeffmlp,1000,1000011,0.03594769647458431,1.3360508320000373
cosine_phi,coeffmlp,1000,1000012,0.023457172116984972,1.3360508320000373
cosine_phi,coeffmlp,1000,1000013,0.01614162783054709,1.3360508320000373
cosine_phi,coeffmlp,1000,1000014,0.01676413956334403,1.3360508320000373
cosine_phi,coeffmlp,1000,1000015,0.02520549600784025,1.3360508320000373
cosine_phi,coeffmlp,1000,1000016,0.01823974810359749,1.3360508320000373
cosine_phi,coeffmlp,1000,1000017,0.016590149737386026,1.3360508320000373
cosine_phi,coeffmlp,1000,1000018,0.013708892515259717,1.3360508320000373
cosine_phi,coeffmlp,1000,1000019,0.024259964604479455,1.3360508320000373
cosine_phi,coeffmlp,1000,1000020,0.015282945491628364,1.3360508320000373
cosine_phi,coeffmlp,1000,1000021,0.02386205823226952,1.3360508320000373
cosine_phi,coeffmlp,1000,1000022,0.03627793420456961,1.3360508320000373
cosine_phi,coeffmlp,1000,1000023,0.014137081231832825,1.3360508320000373
cosine_phi,coeffmlp,1000,1000024,0.01992831370983402,1.3360508320000373
cosine_phi,coeffmlp,1000,1000025,0.03034069869255308,1.3360508320000373
cosine_phi,coeffmlp,1000,1000026,0.019876412797321816,1.3360508320000373
cosine_phi,coeffmlp,1000,1000027,0.0347623165741806,1.3360508320000373
cosine_phi,coeffmlp,1000,1000028,0.016029809117873918,1.3360508320000373
cosine_phi,coeffmlp,1000,1000029,0.014233963277260885,1.3360508320000373
cosine_phi,coeffmlp,1000,1000030,0.021370762346209656,1.3360508320000373
cosine_phi,coeffmlp,1000,1000031,0.013901930706860435,1.3360508320000373
cosine_phi,coeffmlp,1000,1000032,0.020895657301074965,1.3360508320000373
cosine_phi,coeffmlp,1000,1000033,0.014606265097933677,1.3360508320000373
cosine_phi,coeffmlp,1000,1000034,0.03527705482195744,1.3360508320000373
cosine_phi,coeffmlp,1000,1000035,0.013406583955904394,1.3360508320000373
cosine_phi,coeffmlp,1000,1000036,0.01876102736426665,1.3360508320000373
cosine_phi,coeffmlp,1000,1000037,0.02337523409320983,1.3360508320000373
cosine_phi,coeffmlp,1000,1000038,0.03310009775087109,1.3360508320000373
cosine_phi,coeffmlp,1000,1000039,0.02318079778399891,1.3360508320000373
cosine_phi,coeffmlp,1000,1000040,0.017797257685703095,1.3360508320000373
cosine_phi,coeffmlp,1000,1000041,0.020181284347229086,1.3360508320000373
cosine_phi,coeffmlp,1000,1000042,0.02120508529373164,1.3360508320000373
cosine_phi,coeffmlp,1000,1000043,0.02840730014968565,1.3360508320000373
cosine_phi,coeffmlp,1000,1000044,0.019580037503061178,1.3360508320000373
cosine_phi,coeffmlp,1000,1000045,0.0184834324025364,1.3360508320000373
cosine_phi,coeffmlp,1000,1000046,0.027185130481637326,1.3360508320000373
cosine_phi,coeffmlp,1000,1000047,0.01846742020131451,1.3360508320000373
cosine_phi,coeffmlp,1000,1000048,0.031218257754980903,1.3360508320000373
cosine_phi,coeffmlp,1000,1000049,0.06585321772061575,1.3360508320000373
merton,per_phi,0,1000000,0.045558483994785064,0.08064625600003637
merton,per_phi,0,1000001,0.006512107794931424,0.15645930600003338
merton,per_phi,0,1000002,0.007570392416066647,0.23439229599985992
merton,per_phi,0,1000003,0.05048718380920285,0.3093782640001155
merton,per_phi,0,1000004,0.037522267282340815,0.38448803000006593
merton,per_phi,0,1000005,0.01318919770397392,0.45960717400012074
merton,per_phi,0,1000006,0.018169832742251205,0.5349173440001322
merton,per_phi,0,1000007,0.01181879175079515,0.6104319699999178
merton,per_phi,0,1000008,0.01040410103875662,0.6854024840000784
merton,per_phi,0,1000009,0.019528599364110423,0.760540869999968
merton,per_phi,0,1000010,0.004073166817394532,0.8357301679998637
merton,per_phi,0,1000011,0.008195319365844505,0.9106903439998859
merton,per_phi,0,1000012,0.09039187634542391,0.9851925059998757
merton,per_phi,0,1000013,0.08560955337930243,1.0596436559999711
merton,per_phi,0,1000014,0.007637064201244672,1.1354696859998512
merton,per_phi,0,1000015,0.017973403298299922,1.2098338960000548
merton,per_phi,0,1000016,0.027289421087534786,1.284756905999966
merton,per_phi,0,1000017,0.007864951510038005,1.3594713260000573
merton,per_phi,0,1000018,0.032928205031083,1.4340208339999663
merton,per_phi,0,1000019,0.056876738512335365,1.508277065999864
merton,per_phi,0,1000020,0.014497761863846681,1.5830061100001331
merton,per_phi,0,1000021,0.05830054441074505,1.6581790719999117
merton,per_phi,0,1000022,0.04318987810645388,1.7327835740000592
merton,per_phi,0,1000023,0.009854218414955254,1.8071453339999426
merton,per_phi,0,1000024,0.015380477579952128,1.8820534799998858
merton,per_phi,0,1000025,0.07900507899969994,1.956712201999908
merton,per_phi,0,1000026,0.0239521707927163,2.0312442700000246
merton,per_phi,0,1000027,0.03417708912170789,2.1104031740000937
merton,per_phi,0,1000028,0.003354687995154741,2.1848432439999304
merton,per_phi,0,1000029,0.02395730626291671,2.2591101879999043
merton,per_phi,0,1000030,0.010776519624207462,2.3334856059998854
merton,per_phi,0,1000031,0.04149735613273776,2.4073655699999654
merton,per_phi,0,1000032,0.041824155431196185,2.481497781999933
merton,per_phi,0,1000033,0.020720072819165263,2.5557989980001
merton,per_phi,0,1000034,0.010213969950840406,2.6297894939998514
merton,per_phi,0,1000035,0.019392892976675322,2.7043600779998815
merton,per_phi,0,1000036,0.031062128905308725,2.778378123999864
merton,per_phi,0,1000037,0.07202531296265628,2.852126381999988
merton,per_phi,0,1000038,0.004113347839795067,2.926076583999966
merton,per_phi,0,1000039,0.02147981038873505,3.0000983819999965
merton,per_phi,0,1000040,0.026481840573423107,3.074314097999886
merton,per_phi,0,1000041,0.008053280594822635,3.1482134860000226
merton,per_phi,0,1000042,0.03441810697577389,3.2233930679998593
merton,per_phi,0,1000043,0.02091686311754761,3.297568025999935
merton,per_phi,0,1000044,0.00796352777956522,3.371900854000123
merton,per_phi,0,1000045,0.009962089500243852,3.4460900820000098
merton,per_phi,0,1000046,0.04291477701790432,3.5200226579999434
merton,per_phi,0,1000047,0.009305832631463867,3.594118337999971
merton,per_phi,0,1000048,0.017274187964139723,3.6681021019999753
merton,per_phi,0,1000049,0.02703596671140102,3.742331372000044
merton,deeponet,250,1000000,0.019475285792245434,0.7910720160001073
merton,deeponet,250,1000001,0.018746508533067106,0.7910720160001073
merton,deeponet,250,1000002,0.003223139566545995,0.7910720160001073
merton,deeponet,250,1000003,0.02523125857995223,0.7910720160001073
merton,deeponet,250,1000004,0.01773227329578366,0.7910720160001073
merton,deeponet,250,1000005,0.008670711230272594,0.7910720160001073
merton,deeponet,250,1000006,0.007729134626725972,0.7910720160001073
merton,deeponet,250,1000007,0.01079570996741572,0.7910720160001073
merton,deeponet,250,1000008,0.02044031779644283,0.7910720160001073
merton,deeponet,250,1000009,0.013950422558975805,0.7910720160001073
merton,deeponet,250,1000010,0.01151002854335119,0.7910720160001073
merton,deeponet,250,1000011,0.0114663504227245,0.7910720160001073
merton,deeponet,250,1000012,0.021533003618214037,0.7910720160001073
merton,deeponet,250,1000013,0.017083396929479373,0.7910720160001073
merton,deeponet,250,1000014,0.003244106395660909,0.7910720160001073
merton,deeponet,250,1000015,0.0019580861311700015,0.7910720160001073
merton,deeponet,250,1000016,0.016690904188803715,0.7910720160001073
merton,deeponet,250,1000017,0.012465151419547666,0.7910720160001073
merton,deeponet,250,1000018,0.007511799878187062,0.7910720160001073
merton,deeponet,250,1000019,0.008419138952461812,0.7910720160001073
merton,deeponet,250,1000020,0.010360728245306768,0.7910720160001073
merton,deeponet,250,1000021,0.016215993710151155,0.7910720160001073
merton,deeponet,250,1000022,0.011422577511959613,0.7910720160001073
merton,deeponet,250,1000023,0.0060259917823472335,0.7910720160001073
merton,deeponet,250,1000024,0.010692456115224454,0.7910720160001073
merton,deeponet,250,1000025,0.024892147410651006,0.7910720160001073
merton,deeponet,250,1000026,0.005944996035617036,0.7910720160001073
merton,deeponet,250,1000027,0.021812692624431043,0.7910720160001073
merton,deeponet,250,1000028,0.006668106588158952,0.7910720160001073
merton,deeponet,250,1000029,0.014795857460167988,0.7910720160001073
merton,deeponet,250,1000030,0.002927665384289023,0.7910720160001073
merton,deeponet,250,1000031,0.031204618022789756,0.7910720160001073
merton,deeponet,250,1000032,0.012423174303594716,0.7910720160001073
merton,deeponet,250,1000033,0.004487810624987261,0.7910720160001073
merton,deeponet,250,1000034,0.005107116987297338,0.7910720160001073
merton,deeponet,250,1000035,0.01904515946095472,0.7910720160001073
merton,deeponet,250,1000036,0.02116846130301635,0.7910720160001073
merton,deeponet,250,1000037,0.02107234520704059,0.7910720160001073
merton,deeponet,250,1000038,0.0050414690534519,0.7910720160001073
merton,deeponet,250,1000039,0.008015187746705885,0.7910720160001073
merton,deeponet,250,1000040,0.003527764643376441,0.7910720160001073
merton,deeponet,250,1000041,0.010788473887685519,0.7910720160001073
merton,deeponet,250,1000042,0.013338805756218458,0.7910720160001073
merton,deeponet,250,1000043,0.008586067291981662,0.7910720160001073
merton,deeponet,250,1000044,0.005409211962470431,0.7910720160001073
merton,deeponet,250,1000045,0.010362488553033485,0.7910720160001073
merton,deeponet,250,1000046,0.008612634919357218,0.7910720160001073
merton,deeponet,250,1000047,0.011223249854744492,0.7910720160001073
merton,deeponet,250,1000048,0.008146178455766357,0.7910720160001073
merton,deeponet,250,1000049,0.012448756704040618,0.7910720160001073
merton,fno,250,1000000,0.045998909692450414,1.6953162560000783
merton,fno,250,1000001,0.018608066828198225,1.6953162560000783
merton,fno,250,1000002,0.01293744481537503,1.6953162560000783
merton,fno,250,1000003,0.09895044805496425,1.6953162560000783
merton,fno,250,1000004,0.024573820557027372,1.6953162560000783
merton,fno,250,1000005,0.01602842570204981,1.6953162560000783
merton,fno,250,1000006,0.043177530662634016,1.6953162560000783
merton,fno,250,1000007,0.03969769889682955,1.6953162560000783
merton,fno,250,1000008,0.018589591136931816,1.6953162560000783
merton,fno,250,1000009,0.061125910945351324,1.6953162560000783
merton,fno,250,1000010,0.01685668704746768,1.6953162560000783
merton,fno,250,1000011,0.012958907667501865,1.6953162560000783
merton,fno,250,1000012,0.09031902802903038,1.6953162560000783
merton,fno,250,1000013,0.061356600544159,1.6953162560000783
merton,fno,250,1000014,0.01291222891134251,1.6953162560000783
merton,fno,250,1000015,0.014517268123328568,1.6953162560000783
merton,fno,250,1000016,0.03577532738979163,1.6953162560000783
merton,fno,250,1000017,0.015633704373215693,1.6953162560000783
merton,fno,250,1000018,0.06391207894981717,1.6953162560000783
merton,fno,250,1000019,0.015549534777708145,1.6953162560000783
merton,fno,250,1000020,0.038481389378824345,1.6953162560000783
merton,fno,250,1000021,0.016177170890125884,1.6953162560000783
merton,fno,250,1000022,0.03522632162793306,1.6953162560000783
merton,fno,250,1000023,0.016225566767722348,1.6953162560000783
merton,fno,250,1000024,0.011256082757561788,1.6953162560000783
merton,fno,250,1000025,0.09423780840897453,1.6953162560000783
merton,fno,250,1000026,0.02101354276606333,1.6953162560000783
merton,fno,250,1000027,0.05025614593598013,1.6953162560000783
merton,fno,250,1000028,0.013340750295611365,1.6953162560000783
merton,fno,250,1000029,0.03776161345042323,1.6953162560000783
merton,fno,250,1000030,0.014168269965618353,1.6953162560000783
merton,fno,250,1000031,0.11080594113706674,1.6953162560000783
merton,fno,250,1000032,0.04735664849033741,1.6953162560000783
merton,fno,250,1000033,0.012369097140320378,1.6953162560000783
merton,fno,250,1000034,0.012946489495076643,1.6953162560000783
merton,fno,250,1000035,0.0231241753335146,1.6953162560000783
merton,fno,250,1000036,0.02314068349246451,1.6953162560000783
merton,fno,250,1000037,0.05894897423995078,1.6953162560000783
merton,fno,250,1000038,0.014084664180268054,1.6953162560000783
merton,fno,250,1000039,0.022999340358519416,1.6953162560000783
merton,fno,250,1000040,0.021340510732685617,1.6953162560000783
merton,fno,250,1000041,0.02486074272300761,1.6953162560000783
merton,fno,250,1000042,0.04478054496010173,1.6953162560000783
merton,fno,250,1000043,0.02096927209369753,1.6953162560000783
merton,fno,250,1000044,0.017138151224777055,1.6953162560000783
merton,fno,250,1000045,0.011902275257032234,1.6953162560000783
merton,fno,250,1000046,0.01629707837632084,1.6953162560000783
merton,fno,250,1000047,0.017202380854341694,1.6953162560000783
merton,fno,250,1000048,0.01899139460701694,1.6953162560000783
merton,fno,250,1000049,0.016881015839450605,1.6953162560000783
merton,attn,250,1000000,0.045762417258325264,3.6684060739999405
merton,attn,250,1000001,0.011558451074686374,3.6684060739999405
merton,attn,250,1000002,0.013898462498215114,3.6684060739999405
merton,attn,250,1000003,0.03527413238377591,3.6684060739999405
merton,attn,250,1000004,0.02220678149114091,3.6684060739999405
merton,attn,250,1000005,0.008734868810961697,3.6684060739999405
merton,attn,250,1000006,0.015631674260086912,3.6684060739999405
merton,attn,250,1000007,0.010494256093434089,3.6684060739999405
merton,attn,250,1000008,0.006167964119635518,3.6684060739999405
merton,attn,250,1000009,0.023665281749662224,3.6684060739999405
merton,attn,250,1000010,0.008450790514897603,3.6684060739999405
merton,attn,250,1000011,0.0033388114943359083,3.6684060739999405
merton,attn,250,1000012,0.03193138441176281,3.6684060739999405
merton,attn,250,1000013,0.020757742692833536,3.6684060739999405
merton,attn,250,1000014,0.003562502849018784,3.6684060739999405
merton,attn,250,1000015,0.0033973940059910303,3.6684060739999405
merton,attn,250,1000016,0.013692612452166747,3.6684060739999405
merton,attn,250,1000017,0.014068085383943687,3.6684060739999405
merton,attn,250,1000018,0.016207330092402196,3.6684060739999405
merton,attn,250,1000019,0.011034842859146271,3.6684060739999405
merton,attn,250,1000020,0.01394409429720476,3.6684060739999405
merton,attn,250,1000021,0.023577671789348064,3.6684060739999405
merton,attn,250,1000022,0.02647869050338454,3.6684060739999405
merton,attn,250,1000023,0.008543063351238639,3.6684060739999405
merton,attn,250,1000024,0.007245951930232805,3.6684060739999405
merton,attn,250,1000025,0.03122559103818624,3.6684060739999405
merton,attn,250,1000026,0.014758400930138884,3.6684060739999405
merton,attn,250,1000027,0.010563184633633985,3.6684060739999405
merton,attn,250,1000028,0.01325209248521806,3.6684060739999405
merton,attn,250,1000029,0.019621810468957904,3.6684060739999405
merton,attn,250,1000030,0.01035954387130275,3.6684060739999405
merton,attn,250,1000031,0.03960423120466345,3.6684060739999405
merton,attn,250,1000032,0.0482826685707461,3.6684060739999405
merton,attn,250,1000033,0.014914605694588502,3.6684060739999405
merton,attn,250,1000034,0.0064822691955616065,3.6684060739999405
merton,attn,250,1000035,0.013943726486276186,3.6684060739999405
merton,attn,250,1000036,0.009163574428012172,3.6684060739999405
merton,attn,250,1000037,0.03433767842350315,3.6684060739999405
merton,attn,250,1000038,0.010905391456117507,3.6684060739999405
merton,attn,250,1000039,0.013103773308584137,3.6684060739999405
merton,attn,250,1000040,0.006037114326053987,3.6684060739999405
merton,attn,250,1000041,0.012986614408360934,3.6684060739999405
merton,attn,250,1000042,0.013689230561930782,3.6684060739999405
merton,attn,250,1000043,0.016886573174512177,3.6684060739999405
merton,attn,250,1000044,0.007440453399097827,3.6684060739999405
merton,attn,250,1000045,0.0034497826481953765,3.6684060739999405
merton,attn,250,1000046,0.04112696486306588,3.6684060739999405
merton,attn,250,1000047,0.012816047114992374,3.6684060739999405
merton,attn,250,1000048,0.01594510434735382,3.6684060739999405
merton,attn,250,1000049,0.017712351454099932,3.6684060739999405
merton,coeffmlp,250,1000000,0.020690282629962392,1.3275954719999572
merton,coeffmlp,250,1000001,0.011833887213636563,1.3275954719999572
merton,coeffmlp,250,1000002,0.004542417900371953,1.3275954719999572
merton,coeffmlp,250,1000003,0.03587181135346169,1.3275954719999572
merton,coeffmlp,250,1000004,0.00677336064811773,1.3275954719999572
merton,coeffmlp,250,1000005,0.003679258385650518,1.3275954719999572
merton,coeffmlp,250,1000006,0.016276181877506398,1.3275954719999572
merton,coeffmlp,250,1000007,0.02455307363765017,1.3275954719999572
merton,coeffmlp,250,1000008,0.007150693416227541,1.3275954719999572
merton,coeffmlp,250,1000009,0.03395478554592808,1.3275954719999572
merton,coeffmlp,250,1000010,0.0027694620146579787,1.3275954719999572
merton,coeffmlp,250,1000011,0.003346153489935539,1.3275954719999572
merton,coeffmlp,250,1000012,0.03453587841218824,1.3275954719999572
merton,coeffmlp,250,1000013,0.019798190491367478,1.3275954719999572
merton,coeffmlp,250,1000014,0.004656310328823594,1.3275954719999572
merton,coeffmlp,250,1000015,0.0027304252476296137,1.3275954719999572
merton,coeffmlp,250,1000016,0.01243856880553245,1.3275954719999572
merton,coeffmlp,250,1000017,0.014173578697669767,1.3275954719999572
merton,coeffmlp,250,1000018,0.03632652242054529,1.3275954719999572
merton,coeffmlp,250,1000019,0.007298878589759392,1.3275954719999572
merton,coeffmlp,250,1000020,0.02301618874883891,1.3275954719999572
merton,coeffmlp,250,1000021,0.005595247100453959,1.3275954719999572
merton,coeffmlp,250,1000022,0.012728851892761229,1.3275954719999572
merton,coeffmlp,250,1000023,0.013316583449936826,1.3275954719999572
merton,coeffmlp,250,1000024,0.0038416218641861045,1.3275954719999572
merton,coeffmlp,250,1000025,0.0339386213820875,1.3275954719999572
merton,coeffmlp,250,1000026,0.01021854134234089,1.3275954719999572
merton,coeffmlp,250,1000027,0.01803529192929189,1.3275954719999572
merton,coeffmlp,250,1000028,0.010629522212122773,1.3275954719999572
merton,coeffmlp,250,1000029,0.02197238993887213,1.3275954719999572
merton,coeffmlp,250,1000030,0.0027936131462942006,1.3275954719999572
merton,coeffmlp,250,1000031,0.03511009832159095,1.3275954719999572
merton,coeffmlp,250,1000032,0.007075240503655995,1.3275954719999572
merton,coeffmlp,250,1000033,0.0027521208105203026,1.3275954719999572
merton,coeffmlp,250,1000034,0.005644027396479182,1.3275954719999572
merton,coeffmlp,250,1000035,0.005811178823077575,1.3275954719999572
merton,coeffmlp,250,1000036,0.00723228756744123,1.3275954719999572
merton,coeffmlp,250,1000037,0.021119481411805585,1.3275954719999572
merton,coeffmlp,250,1000038,0.0027908061027810843,1.3275954719999572
merton,coeffmlp,250,1000039,0.005113179696912101,1.3275954719999572
merton,coeffmlp,250,1000040,0.0039000832746659167,1.3275954719999572
merton,coeffmlp,250,1000041,0.007348032416170204,1.3275954719999572
merton,coeffmlp,250,1000042,0.038004850449063696,1.3275954719999572
merton,coeffmlp,250,1000043,0.007242060763205859,1.3275954719999572
merton,coeffmlp,250,1000044,0.007475461384937472,1.3275954719999572
merton,coeffmlp,250,1000045,0.0028355292866183114,1.3275954719999572
merton,coeffmlp,250,1000046,0.006298719831553946,1.3275954719999572
merton,coeffmlp,250,1000047,0.007780136689964666,1.3275954719999572
merton,coeffmlp,250,1000048,0.004377753457848327,1.3275954719999572
merton,coeffmlp,250,1000049,0.004334345787604762,1.3275954719999572
merton,deeponet,1000,1000000,0.011841347149679542,0.8390299279999454
merton,deeponet,1000,1000001,0.013256297177716467,0.8390299279999454
merton,deeponet,1000,1000002,0.002315174974943453,0.8390299279999454
merton,deeponet,1000,1000003,0.012432031503515259,0.8390299279999454
merton,deeponet,1000,1000004,0.008057363072514987,0.8390299279999454
merton,deeponet,1000,1000005,0.003985145915211324,0.8390299279999454
merton,deeponet,1000,1000006,0.0058251620263734954,0.8390299279999454
merton,deeponet,1000,1000007,0.0076658216985387205,0.8390299279999454
merton,deeponet,1000,1000008,0.02055905427082419,0.8390299279999454
merton,deeponet,1000,1000009,0.006566641467197462,0.8390299279999454
merton,deeponet,1000,1000010,0.004282121456988258,0.8390299279999454
merton,deeponet,1000,1000011,0.005680691614686713,0.8390299279999454
merton,deeponet,1000,1000012,0.018429211131096145,0.8390299279999454
merton,deeponet,1000,1000013,0.013144211749660654,0.8390299279999454
merton,deeponet,1000,1000014,0.007598286974308677,0.8390299279999454
merton,deeponet,1000,1000015,0.002705962589913968,0.8390299279999454
merton,deeponet,1000,1000016,0.025623021496489148,0.8390299279999454
merton,deeponet,1000,1000017,0.011948288267015373,0.8390299279999454
merton,deeponet,1000,1000018,0.005409689552512013,0.8390299279999454
merton,deeponet,1000,1000019,0.0027334560019406824,0.8390299279999454
merton,deeponet,1000,1000020,0.009033128819067204,0.8390299279999454
merton,deeponet,1000,1000021,0.018221641540904478,0.8390299279999454
merton,deeponet,1000,1000022,0.007269487373689794,0.8390299279999454
merton,deeponet,1000,1000023,0.002660701064496248,0.8390299279999454
merton,deeponet,1000,1000024,0.009729700288612869,0.8390299279999454
merton,deeponet,1000,1000025,0.013854087114725756,0.8390299279999454
merton,deeponet,1000,1000026,0.005374879604810037,0.8390299279999454
merton,deeponet,1000,1000027,0.016176764629744506,0.8390299279999454
merton,deeponet,1000,1000028,0.009153007754646753,0.8390299279999454
merton,deeponet,1000,1000029,0.02641032194376633,0.8390299279999454
merton,deeponet,1000,1000030,0.0021305682858452444,0.8390299279999454
merton,deeponet,1000,1000031,0.014280845392119821,0.8390299279999454
merton,deeponet,1000,1000032,0.018773118619606243,0.8390299279999454
merton,deeponet,1000,1000033,0.005370843745030789,0.8390299279999454
merton,deeponet,1000,1000034,0.005240073769704692,0.8390299279999454
merton,deeponet,1000,1000035,0.002568013315469337,0.8390299279999454
merton,deeponet,1000,1000036,0.016889364826792874,0.8390299279999454
merton,deeponet,1000,1000037,0.015930139051806944,0.8390299279999454
merton,deeponet,1000,1000038,0.002241836242773823,0.8390299279999454
merton,deeponet,1000,1000039,0.008943103414249202,0.8390299279999454
merton,deeponet,1000,1000040,0.0010389674152960079,0.8390299279999454
merton,deeponet,1000,1000041,0.014030192293229687,0.8390299279999454
merton,deeponet,1000,1000042,0.014486686966091393,0.8390299279999454
merton,deeponet,1000,1000043,0.008066909655698014,0.8390299279999454
merton,deeponet,1000,1000044,0.005093602757676327,0.8390299279999454
merton,deeponet,1000,1000045,0.004502263744236687,0.8390299279999454
merton,deeponet,1000,1000046,0.008349205733611816,0.8390299279999454
merton,deeponet,1000,1000047,0.006250735315082518,0.8390299279999454
merton,deeponet,1000,1000048,0.009435869633375265,0.8390299279999454
merton,deeponet,1000,1000049,0.010933647476132544,0.8390299279999454
merton,fno,1000,1000000,0.021805388604636565,1.7407886200002394
merton,fno,1000,1000001,0.008791195274516167,1.7407886200002394
merton,fno,1000,1000002,0.017077223200146555,1.7407886200002394
merton,fno,1000,1000003,0.041296736482415705,1.7407886200002394
merton,fno,1000,1000004,0.017944539548865445,1.7407886200002394
merton,fno,1000,1000005,0.008796020540424915,1.7407886200002394
merton,fno,1000,1000006,0.01994172582918005,1.7407886200002394
merton,fno,1000,1000007,0.016775940617021996,1.7407886200002394
merton,fno,1000,1000008,0.012198003687638242,1.7407886200002394
merton,fno,1000,1000009,0.018293069590327143,1.7407886200002394
merton,fno,1000,1000010,0.010188603813745688,1.7407886200002394
merton,fno,1000,1000011,0.008940187875240585,1.7407886200002394
merton,fno,1000,1000012,0.03817980535523728,1.7407886200002394
merton,fno,1000,1000013,0.028181418798620787,1.7407886200002394
merton,fno,1000,1000014,0.00841150462795148,1.7407886200002394
merton,fno,1000,1000015,0.008803197307527048,1.7407886200002394
merton,fno,1000,1000016,0.022296107972935696,1.7407886200002394
merton,fno,1000,1000017,0.011154077534764092,1.7407886200002394
merton,fno,1000,1000018,0.025253079409602985,1.7407886200002394
merton,fno,1000,1000019,0.0077747721081738285,1.7407886200002394
merton,fno,1000,1000020,0.015649551920196864,1.7407886200002394
merton,fno,1000,1000021,0.010658510432997051,1.7407886200002394
merton,fno,1000,1000022,0.016028425230357492,1.7407886200002394
merton,fno,1000,1000023,0.008044427679683766,1.7407886200002394
merton,fno,1000,1000024,0.008854870099977248,1.7407886200002394
merton,fno,1000,1000025,0.041635134208337206,1.7407886200002394
merton,fno,1000,1000026,0.008547499137463888,1.7407886200002394
merton,fno,1000,1000027,0.030698414380005406,1.7407886200002394
merton,fno,1000,1000028,0.009078652606594354,1.7407886200002394
merton,fno,1000,1000029,0.02362597726219699,1.7407886200002394
merton,fno,1000,1000030,0.008640694855821309,1.7407886200002394
merton,fno,1000,1000031,0.04753672211381601,1.7407886200002394
merton,fno,1000,1000032,0.027123440835294083,1.7407886200002394
merton,fno,1000,1000033,0.009337046051754765,1.7407886200002394
merton,fno,1000,1000034,0.010123576538478915,1.7407886200002394
merton,fno,1000,1000035,0.013243090644606824,1.7407886200002394
merton,fno,1000,1000036,0.01994845616936475,1.7407886200002394
merton,fno,1000,1000037,0.027796441155033866,1.7407886200002394
merton,fno,1000,1000038,0.00869922261216194,1.7407886200002394
merton,fno,1000,1000039,0.012403006179570478,1.7407886200002394
merton,fno,1000,1000040,0.010366650765241698,1.7407886200002394
merton,fno,1000,1000041,0.012563044589576366,1.7407886200002394
merton,fno,1000,1000042,0.028801248570812763,1.7407886200002394
merton,fno,1000,1000043,0.009617550799606892,1.7407886200002394
merton,fno,1000,1000044,0.010423397884519509,1.7407886200002394
merton,fno,1000,1000045,0.00819599596959524,1.7407886200002394
merton,fno,1000,1000046,0.011183453668136901,1.7407886200002394
merton,fno,1000,1000047,0.008121895968411121,1.7407886200002394
merton,fno,1000,1000048,0.014946969613134235,1.7407886200002394
merton,fno,1000,1000049,0.009314644365643701,1.7407886200002394
merton,attn,1000,1000000,0.013100826221307081,3.7206932860001687
merton,attn,1000,1000001,0.0021839138792690235,3.7206932860001687
merton,attn,1000,1000002,0.002236153305281791,3.7206932860001687
merton,attn,1000,1000003,0.014946705363472276,3.7206932860001687
merton,attn,1000,1000004,0.011354860094925073,3.7206932860001687
merton,attn,1000,1000005,0.0040469521588362214,3.7206932860001687
merton,attn,1000,1000006,0.006311601360532189,3.7206932860001687
merton,attn,1000,1000007,0.007313692089703452,3.7206932860001687
merton,attn,1000,1000008,0.0019253913673869982,3.7206932860001687
merton,attn,1000,1000009,0.009755079796490106,3.7206932860001687
merton,attn,1000,1000010,0.0039064569146064435,3.7206932860001687
merton,attn,1000,1000011,0.0038250143399344524,3.7206932860001687
merton,attn,1000,1000012,0.022239534455152147,3.7206932860001687
merton,attn,1000,1000013,0.006964118513279178,3.7206932860001687
merton,attn,1000,1000014,0.0029163835949338568,3.7206932860001687
merton,attn,1000,1000015,0.0045648394924412096,3.7206932860001687
merton,attn,1000,1000016,0.007942288918187925,3.7206932860001687
merton,attn,1000,1000017,0.002983920930117096,3.7206932860001687
merton,attn,1000,1000018,0.009956724163394565,3.7206932860001687
merton,attn,1000,1000019,0.0031001853689525257,3.7206932860001687
merton,attn,1000,1000020,0.00427024062801949,3.7206932860001687
merton,attn,1000,1000021,0.0025031007495067976,3.7206932860001687
merton,attn,1000,1000022,0.008014278742199982,3.7206932860001687
merton,attn,1000,1000023,0.002990266685181133,3.7206932860001687
merton,attn,1000,1000024,0.0020082983745073864,3.7206932860001687
merton,attn,1000,1000025,0.010586413066169855,3.7206932860001687
merton,attn,1000,1000026,0.0038204859878297,3.7206932860001687
merton,attn,1000,1000027,0.006672666535569843,3.7206932860001687
merton,attn,1000,1000028,0.0035368434640044065,3.7206932860001687
merton,attn,1000,1000029,0.016172410983786054,3.7206932860001687
merton,attn,1000,1000030,0.00748374331800414,3.7206932860001687
merton,attn,1000,1000031,0.019076068007934304,3.7206932860001687
merton,attn,1000,1000032,0.013441141845181474,3.7206932860001687
merton,attn,1000,1000033,0.0024873217688038637,3.7206932860001687
merton,attn,1000,1000034,0.0025856811765433384,3.7206932860001687
merton,attn,1000,1000035,0.0059588585493924266,3.7206932860001687
merton,attn,1000,1000036,0.003146100748923374,3.7206932860001687
merton,attn,1000,1000037,0.01559589796421621,3.7206932860001687
merton,attn,1000,1000038,0.008768694571970185,3.7206932860001687
merton,attn,1000,1000039,0.0034772137830832036,3.7206932860001687
merton,attn,1000,1000040,0.0027100316024024672,3.7206932860001687
merton,attn,1000,1000041,0.004069742630452883,3.7206932860001687
merton,attn,1000,1000042,0.01666155719008981,3.7206932860001687
merton,attn,1000,1000043,0.007012808222633318,3.7206932860001687
merton,attn,1000,1000044,0.003832968616724127,3.7206932860001687
merton,attn,1000,1000045,0.003913210625555598,3.7206932860001687
merton,attn,1000,1000046,0.007695514166668554,3.7206932860001687
merton,attn,1000,1000047,0.004869451149470377,3.7206932860001687
merton,attn,1000,1000048,0.0073730108147760905,3.7206932860001687
merton,attn,1000,1000049,0.0035930078061314655,3.7206932860001687
merton,coeffmlp,1000,1000000,0.008663978947092183,1.3454037119998248
merton,coeffmlp,1000,1000001,0.005013992215256109,1.3454037119998248
merton,coeffmlp,1000,1000002,0.0023632367348091535,1.3454037119998248
merton,coeffmlp,1000,1000003,0.009272985312570441,1.3454037119998248
merton,coeffmlp,1000,1000004,0.012631274194413625,1.3454037119998248
merton,coeffmlp,1000,1000005,0.0018233104922543368,1.3454037119998248
merton,coeffmlp,1000,1000006,0.006716355312591447,1.3454037119998248
merton,coeffmlp,1000,1000007,0.010456804124529427,1.3454037119998248
merton,coeffmlp,1000,1000008,0.0047988574374063404,1.3454037119998248
merton,coeffmlp,1000,1000009,0.007877613171057302,1.3454037119998248
merton,coeffmlp,1000,1000010,0.003299455049124828,1.3454037119998248
merton,coeffmlp,1000,1000011,0.002475707937033519,1.3454037119998248
merton,coeffmlp,1000,1000012,0.014718551198037904,1.3454037119998248
merton,coeffmlp,1000,1000013,0.010165763683432439,1.3454037119998248
merton,coeffmlp,1000,1000014,0.0017474442142646287,1.3454037119998248
merton,coeffmlp,1000,1000015,0.003547966090133326,1.3454037119998248
merton,coeffmlp,1000,1000016,0.008377142452513269,1.3454037119998248
merton,coeffmlp,1000,1000017,0.008028717056298967,1.3454037119998248
merton,coeffmlp,1000,1000018,0.0077718969283441805,1.3454037119998248
merton,coeffmlp,1000,1000019,0.0014385493091474927,1.3454037119998248
merton,coeffmlp,1000,1000020,0.004636921431841341,1.3454037119998248
merton,coeffmlp,1000,1000021,0.005755514879857742,1.3454037119998248
merton,coeffmlp,1000,1000022,0.009546272802532119,1.3454037119998248
merton,coeffmlp,1000,1000023,0.002560441457626636,1.3454037119998248
merton,coeffmlp,1000,1000024,0.0036376369377764052,1.3454037119998248
merton,coeffmlp,1000,1000025,0.008958496966739084,1.3454037119998248
merton,coeffmlp,1000,1000026,0.0032511458263930165,1.3454037119998248
merton,coeffmlp,1000,1000027,0.013444308309161277,1.3454037119998248
merton,coeffmlp,1000,1000028,0.0053779529753436835,1.3454037119998248
merton,coeffmlp,1000,1000029,0.017952514912758052,1.3454037119998248
merton,coeffmlp,1000,1000030,0.003310395162370367,1.3454037119998248
merton,coeffmlp,1000,1000031,0.022512328024864227,1.3454037119998248
merton,coeffmlp,1000,1000032,0.017772440434417117,1.3454037119998248
merton,coeffmlp,1000,1000033,0.003531760444738626,1.3454037119998248
merton,coeffmlp,1000,1000034,0.0026981069345920383,1.3454037119998248
merton,coeffmlp,1000,1000035,0.005858642938429192,1.3454037119998248
merton,coeffmlp,1000,1000036,0.013187653859342115,1.3454037119998248
merton,coeffmlp,1000,1000037,0.019407121165928746,1.3454037119998248
merton,coeffmlp,1000,1000038,0.0041105758505154905,1.3454037119998248
merton,coeffmlp,1000,1000039,0.006871948936162365,1.3454037119998248
merton,coeffmlp,1000,1000040,0.0030258544424690537,1.3454037119998248
merton,coeffmlp,1000,1000041,0.005196061102015331,1.3454037119998248
merton,coeffmlp,1000,1000042,0.009984930512529475,1.3454037119998248
merton,coeffmlp,1000,1000043,0.002615552934821418,1.3454037119998248
merton,coeffmlp,1000,1000044,0.0032804776161202906,1.3454037119998248
merton,coeffmlp,1000,1000045,0.002651714740400239,1.3454037119998248
merton,coeffmlp,1000,1000046,0.005580225378501463,1.3454037119998248
merton,coeffmlp,1000,1000047,0.0029141758231465455,1.3454037119998248
merton,coeffmlp,1000,1000048,0.006112359682911522,1.3454037119998248
merton,coeffmlp,1000,1000049,0.004131169476448973,1.3454037119998248
heat_phi,deeponet_nocond,250,1000000,0.004248204101506323,0.8162147199999891
heat_phi,deeponet_nocond,250,1000001,0.005316951381368171,0.8162147199999891
heat_phi,deeponet_nocond,250,1000002,0.008394663335041515,0.8162147199999891
heat_phi,deeponet_nocond,250,1000003,0.008141660087672383,0.8162147199999891
heat_phi,deeponet_nocond,250,1000004,0.008860828258910918,0.8162147199999891
heat_phi,deeponet_nocond,250,1000005,0.0027706571859368086,0.8162147199999891
heat_phi,deeponet_nocond,250,1000006,0.014667066956773351,0.8162147199999891
heat_phi,deeponet_nocond,250,1000007,0.004614010386994901,0.8162147199999891
heat_phi,deeponet_nocond,250,1000008,0.0036863552710700745,0.8162147199999891
heat_phi,deeponet_nocond,250,1000009,0.00352423027239103,0.8162147199999891
heat_phi,deeponet_nocond,250,1000010,0.0021145209189934087,0.8162147199999891
heat_phi,deeponet_nocond,250,1000011,0.010389804329321368,0.8162147199999891
heat_phi,deeponet_nocond,250,1000012,0.00552782396736245,0.8162147199999891
heat_phi,deeponet_nocond,250,1000013,0.0032152747837175385,0.8162147199999891
heat_phi,deeponet_nocond,250,1000014,0.004684297892739622,0.8162147199999891
heat_phi,deeponet_nocond,250,1000015,0.004211144205402,0.8162147199999891
heat_phi,deeponet_nocond,250,1000016,0.008115582296010353,0.8162147199999891
heat_phi,deeponet_nocond,250,1000017,0.004046473809350431,0.8162147199999891
heat_phi,deeponet_nocond,250,1000018,0.002692813839829072,0.8162147199999891
heat_phi,deeponet_nocond,250,1000019,0.0018079040527301663,0.8162147199999891
heat_phi,deeponet_nocond,250,1000020,0.008511100987387334,0.8162147199999891
heat_phi,deeponet_nocond,250,1000021,0.0060862994957569345,0.8162147199999891
heat_phi,deeponet_nocond,250,1000022,0.01244193037288665,0.8162147199999891
heat_phi,deeponet_nocond,250,1000023,0.004564954324338243,0.8162147199999891
heat_phi,deeponet_nocond,250,1000024,0.00275179516315783,0.8162147199999891
heat_phi,deeponet_nocond,250,1000025,0.008275531136758168,0.8162147199999891
heat_phi,deeponet_nocond,250,1000026,0.005772432062360991,0.8162147199999891
heat_phi,deeponet_nocond,250,1000027,0.010078726699851319,0.8162147199999891
heat_phi,deeponet_nocond,250,1000028,0.008098673712341565,0.8162147199999891
heat_phi,deeponet_nocond,250,1000029,0.005114582795526962,0.8162147199999891
heat_phi,deeponet_nocond,250,1000030,0.00517942698706709,0.8162147199999891
heat_phi,deeponet_nocond,250,1000031,0.0038109319518527824,0.8162147199999891
heat_phi,deeponet_nocond,250,1000032,0.003592763638769862,0.8162147199999891
heat_phi,deeponet_nocond,250,1000033,0.005243732050334609,0.8162147199999891
heat_phi,deeponet_nocond,250,1000034,0.00478996975067817,0.8162147199999891
heat_phi,deeponet_nocond,250,1000035,0.003652755976100482,0.8162147199999891
heat_phi,deeponet_nocond,250,1000036,0.00887276502005963,0.8162147199999891
heat_phi,deeponet_nocond,250,1000037,0.010332415514035064,0.8162147199999891
heat_phi,deeponet_nocond,250,1000038,0.013558579525539193,0.8162147199999891
heat_phi,deeponet_nocond,250,1000039,0.005677896671207685,0.8162147199999891
heat_phi,deeponet_nocond,250,1000040,0.004808288409900115,0.8162147199999891
heat_phi,deeponet_nocond,250,1000041,0.009753142226881511,0.8162147199999891
heat_phi,deeponet_nocond,250,1000042,0.0035494234425187464,0.8162147199999891
heat_phi,deeponet_nocond,250,1000043,0.006785949294821725,0.8162147199999891
heat_phi,deeponet_nocond,250,1000044,0.008255265921582657,0.8162147199999891
heat_phi,deeponet_nocond,250,1000045,0.009629683408192197,0.8162147199999891
heat_phi,deeponet_nocond,250,1000046,0.010039368737311295,0.8162147199999891
heat_phi,deeponet_nocond,250,1000047,0.013680015368964162,0.8162147199999891
heat_phi,deeponet_nocond,250,1000048,0.01227345334578319,0.8162147199999891
heat_phi,deeponet_nocond,250,1000049,0.018821565333209785,0.8162147199999891
heat_phi,fno_nocond,250,1000000,0.0012754849261529862,1.7283123159999376
heat_phi,fno_nocond,250,1000001,0.0024015441183579053,1.7283123159999376
heat_phi,fno_nocond,250,1000002,0.003043359202499037,1.7283123159999376
heat_phi,fno_nocond,250,1000003,0.0015629783045918884,1.7283123159999376
heat_phi,fno_nocond,250,1000004,0.0015858164981477042,1.7283123159999376
heat_phi,fno_nocond,250,1000005,0.0010419090249062448,1.7283123159999376
heat_phi,fno_nocond,250,1000006,0.0035631247871491713,1.7283123159999376
heat_phi,fno_nocond,250,1000007,0.002209071974535219,1.7283123159999376
heat_phi,fno_nocond,250,1000008,0.0009933795505259566,1.7283123159999376
heat_phi,fno_nocond,250,1000009,0.0012305285255689003,1.7283123159999376
heat_phi,fno_nocond,250,1000010,0.0014308386255664652,1.7283123159999376
heat_phi,fno_nocond,250,1000011,0.0037835758664385663,1.7283123159999376
heat_phi,fno_nocond,250,1000012,0.002497698864434671,1.7283123159999376
heat_phi,fno_nocond,250,1000013,0.0012528598981515825,1.7283123159999376
heat_phi,fno_nocond,250,1000014,0.0017786598637554102,1.7283123159999376
heat_phi,fno_nocond,250,1000015,0.0013763522195532527,1.7283123159999376
heat_phi,fno_nocond,250,1000016,0.001621124423292153,1.7283123159999376
heat_phi,fno_nocond,250,1000017,0.0014786370996927541,1.7283123159999376
heat_phi,fno_nocond,250,1000018,0.0012278007668457497,1.7283123159999376
heat_phi,fno_nocond,250,1000019,0.0014150986642927528,1.7283123159999376
heat_phi,fno_nocond,250,1000020,0.001552702533189857,1.7283123159999376
heat_phi,fno_nocond,250,1000021,0.0020132172663084387,1.7283123159999376
heat_phi,fno_nocond,250,1000022,0.0018598348140101606,1.7283123159999376
heat_phi,fno_nocond,250,1000023,0.0014037723574126927,1.7283123159999376
heat_phi,fno_nocond,250,1000024,0.001198935587851256,1.7283123159999376
heat_phi,fno_nocond,250,1000025,0.0028333110544439444,1.7283123159999376
heat_phi,fno_nocond,250,1000026,0.0013195105966866134,1.7283123159999376
heat_phi,fno_nocond,250,1000027,0.0016576021195065546,1.7283123159999376
heat_phi,fno_nocond,250,1000028,0.0014073506370555703,1.7283123159999376
heat_phi,fno_nocond,250,1000029,0.0013032557337356587,1.7283123159999376
heat_phi,fno_nocond,250,1000030,0.0013588728737212994,1.7283123159999376
heat_phi,fno_nocond,250,1000031,0.0014193372903183465,1.7283123159999376
heat_phi,fno_nocond,250,1000032,0.001381664023421426,1.7283123159999376
heat_phi,fno_nocond,250,1000033,0.0011914354631500951,1.7283123159999376
heat_phi,fno_nocond,250,1000034,0.001824235644350865,1.7283123159999376
heat_phi,fno_nocond,250,1000035,0.000937584783308302,1.7283123159999376
heat_phi,fno_nocond,250,1000036,0.0019795258457943657,1.7283123159999376
heat_phi,fno_nocond,250,1000037,0.002339963713898433,1.7283123159999376
heat_phi,fno_nocond,250,1000038,0.0032179266590910724,1.7283123159999376
heat_phi,fno_nocond,250,1000039,0.002561223374649089,1.7283123159999376
heat_phi,fno_nocond,250,1000040,0.0018500899968788814,1.7283123159999376
heat_phi,fno_nocond,250,1000041,0.0014504322516207249,1.7283123159999376
heat_phi,fno_nocond,250,1000042,0.0017497872726890584,1.7283123159999376
heat_phi,fno_nocond,250,1000043,0.0014757801867020825,1.7283123159999376
heat_phi,fno_nocond,250,1000044,0.001962317622807025,1.7283123159999376
heat_phi,fno_nocond,250,1000045,0.0017853822007216156,1.7283123159999376
heat_phi,fno_nocond,250,1000046,0.0025233202100374812,1.7283123159999376
heat_phi,fno_nocond,250,1000047,0.002256426447125483,1.7283123159999376
heat_phi,fno_nocond,250,1000048,0.0029336567021631117,1.7283123159999376
heat_phi,fno_nocond,250,1000049,0.0041835230664062275,1.7283123159999376
heat_phi,attn_nocond,250,1000000,0.0019876287571104954,3.739195355999982
heat_phi,attn_nocond,250,1000001,0.0015532745232906063,3.739195355999982
heat_phi,attn_nocond,250,1000002,0.0030277378355044,3.739195355999982
heat_phi,attn_nocond,250,1000003,0.001978570711914806,3.739195355999982
heat_phi,attn_nocond,250,1000004,0.001496689651695527,3.739195355999982
heat_phi,attn_nocond,250,1000005,0.0015612209502107808,3.739195355999982
heat_phi,attn_nocond,250,1000006,0.0029281158984232353,3.739195355999982
heat_phi,attn_nocond,250,1000007,0.001945625387775426,3.739195355999982
heat_phi,attn_nocond,250,1000008,0.0015365607297163734,3.739195355999982
heat_phi,attn_nocond,250,1000009,0.0012987138726051983,3.739195355999982
heat_phi,attn_nocond,250,1000010,0.0015572663702954916,3.739195355999982
heat_phi,attn_nocond,250,1000011,0.0047446119885036575,3.739195355999982
heat_phi,attn_nocond,250,1000012,0.0020210212118377383,3.739195355999982
heat_phi,attn_nocond,250,1000013,0.001447246716618166,3.739195355999982
heat_phi,attn_nocond,250,1000014,0.0024324436072127096,3.739195355999982
heat_phi,attn_nocond,250,1000015,0.0013290682605995774,3.739195355999982
heat_phi,attn_nocond,250,1000016,0.0022585975587283806,3.739195355999982
heat_phi,attn_nocond,250,1000017,0.0013688813175938047,3.739195355999982
heat_phi,attn_nocond,250,1000018,0.002351961748584769,3.739195355999982
heat_phi,attn_nocond,250,1000019,0.0019541847340004623,3.739195355999982
heat_phi,attn_nocond,250,1000020,0.0019444585040434908,3.739195355999982
heat_phi,attn_nocond,250,1000021,0.002598971958626498,3.739195355999982
heat_phi,attn_nocond,250,1000022,0.003796281211857898,3.739195355999982
heat_phi,attn_nocond,250,1000023,0.0014564148354251378,3.739195355999982
heat_phi,attn_nocond,250,1000024,0.0012507949393885294,3.739195355999982
heat_phi,attn_nocond,250,1000025,0.00169507579299726,3.739195355999982
heat_phi,attn_nocond,250,1000026,0.001929926142400092,3.739195355999982
heat_phi,attn_nocond,250,1000027,0.0024050475551117903,3.739195355999982
heat_phi,attn_nocond,250,1000028,0.0023003011143178527,3.739195355999982
heat_phi,attn_nocond,250,1000029,0.0015357520971446836,3.739195355999982
heat_phi,attn_nocond,250,1000030,0.0017165464971289263,3.739195355999982
heat_phi,attn_nocond,250,1000031,0.0035818383715238377,3.739195355999982
heat_phi,attn_nocond,250,1000032,0.0016543073055854732,3.739195355999982
heat_phi,attn_nocond,250,1000033,0.0014249390620034938,3.739195355999982
heat_phi,attn_nocond,250,1000034,0.003248797019702681,3.739195355999982
heat_phi,attn_nocond,250,1000035,0.0014794734209044769,3.739195355999982
heat_phi,attn_nocond,250,1000036,0.001863992362377726,3.739195355999982
heat_phi,attn_nocond,250,1000037,0.0021132377601802326,3.739195355999982
heat_phi,attn_nocond,250,1000038,0.005266996263333153,3.739195355999982
heat_phi,attn_nocond,250,1000039,0.0016193349824205577,3.739195355999982
heat_phi,attn_nocond,250,1000040,0.0017843190830631706,3.739195355999982
heat_phi,attn_nocond,250,1000041,0.0033943028237645024,3.739195355999982
heat_phi,attn_nocond,250,1000042,0.0023677686401201463,3.739195355999982
heat_phi,attn_nocond,250,1000043,0.001959181436309632,3.739195355999982
heat_phi,attn_nocond,250,1000044,0.0018493258823433112,3.739195355999982
heat_phi,attn_nocond,250,1000045,0.002553214311169063,3.739195355999982
heat_phi,attn_nocond,250,1000046,0.0028526781882786366,3.739195355999982
heat_phi,attn_nocond,250,1000047,0.0024101970245971665,3.739195355999982
heat_phi,attn_nocond,250,1000048,0.0033126565249733033,3.739195355999982
heat_phi,attn_nocond,250,1000049,0.006257407125958203,3.739195355999982
heat_phi,deeponet_nocond,1000,1000000,0.0017327485533738436,0.8803694059999543
heat_phi,deeponet_nocond,1000,1000001,0.002057480611521008,0.8803694059999543
heat_phi,deeponet_nocond,1000,1000002,0.002787835013980882,0.8803694059999543
heat_phi,deeponet_nocond,1000,1000003,0.0012319785953392522,0.8803694059999543
heat_phi,deeponet_nocond,1000,1000004,0.0011983790900467152,0.8803694059999543
heat_phi,deeponet_nocond,1000,1000005,0.0013188959943686276,0.8803694059999543
heat_phi,deeponet_nocond,1000,1000006,0.002926936941947668,0.8803694059999543
heat_phi,deeponet_nocond,1000,1000007,0.001651437798966205,0.8803694059999543
heat_phi,deeponet_nocond,1000,1000008,0.0007427089679033756,0.8803694059999543
heat_phi,deeponet_nocond,1000,1000009,0.0014359218773978162,0.8803694059999543
heat_phi,deeponet_nocond,1000,1000010,0.0009835075836776635,0.8803694059999543
heat_phi,deeponet_nocond,1000,1000011,0.003162164011600642,0.8803694059999543
heat_phi,deeponet_nocond,1000,1000012,0.002368382845061325,0.8803694059999543
heat_phi,deeponet_nocond,1000,1000013,0.000977036767080221,0.8803694059999543
heat_phi,deeponet_nocond,1000,1000014,0.0010460806691422883,0.8803694059999543
heat_phi,deeponet_nocond,1000,1000015,0.0011224802592004893,0.8803694059999543
heat_phi,deeponet_nocond,1000,1000016,0.0016105094063415377,0.8803694059999543
heat_phi,deeponet_nocond,1000,1000017,0.0009998467341958005,0.8803694059999543
heat_phi,deeponet_nocond,1000,1000018,0.0013381743270044475,0.8803694059999543
heat_phi,deeponet_nocond,1000,1000019,0.001510525611761756,0.8803694059999543
heat_phi,deeponet_nocond,1000,1000020,0.0013093889421843324,0.8803694059999543
heat_phi,deeponet_nocond,1000,1000021,0.0019549764080637423,0.8803694059999543
heat_phi,deeponet_nocond,1000,1000022,0.00273195307801777,0.8803694059999543
heat_phi,deeponet_nocond,1000,1000023,0.0011010778860892044,0.8803694059999543
heat_phi,deeponet_nocond,1000,1000024,0.0012580070327246422,0.8803694059999543
heat_phi,deeponet_nocond,1000,1000025,0.0031035927753883647,0.8803694059999543
heat_phi,deeponet_nocond,1000,1000026,0.0012811296584720937,0.8803694059999543
heat_phi,deeponet_nocond,1000,1000027,0.0018533904462076935,0.8803694059999543
heat_phi,deeponet_nocond,1000,1000028,0.0013164840912482224,0.8803694059999543
heat_phi,deeponet_nocond,1000,1000029,0.0007329371087674709,0.8803694059999543
heat_phi,deeponet_nocond,1000,1000030,0.0017914075584035479,0.8803694059999543
heat_phi,deeponet_nocond,1000,1000031,0.0017477074117962462,0.8803694059999543
heat_phi,deeponet_nocond,1000,1000032,0.0016842535901218458,0.8803694059999543
heat_phi,deeponet_nocond,1000,1000033,0.001445839926463544,0.8803694059999543
heat_phi,deeponet_nocond,1000,1000034,0.001196469592638497,0.8803694059999543
heat_phi,deeponet_nocond,1000,1000035,0.0009265956513490214,0.8803694059999543
heat_phi,deeponet_nocond,1000,1000036,0.002246704648710418,0.8803694059999543
heat_phi,deeponet_nocond,1000,1000037,0.0031411228865336044,0.8803694059999543
heat_phi,deeponet_nocond,1000,1000038,0.003533438605509311,0.8803694059999543
heat_phi,deeponet_nocond,1000,1000039,0.0021368665699978747,0.8803694059999543
heat_phi,deeponet_nocond,1000,1000040,0.0018785052732282006,0.8803694059999543
heat_phi,deeponet_nocond,1000,1000041,0.0017607492048706175,0.8803694059999543
heat_phi,deeponet_nocond,1000,1000042,0.0021620181925886156,0.8803694059999543
heat_phi,deeponet_nocond,1000,1000043,0.0016630410432402797,0.8803694059999543
heat_phi,deeponet_nocond,1000,1000044,0.002334958163802118,0.8803694059999543
heat_phi,deeponet_nocond,1000,1000045,0.0017369333687790463,0.8803694059999543
heat_phi,deeponet_nocond,1000,1000046,0.002969120290165016,0.8803694059999543
heat_phi,deeponet_nocond,1000,1000047,0.0027431409610301667,0.8803694059999543
heat_phi,deeponet_nocond,1000,1000048,0.004869905876364703,0.8803694059999543
heat_phi,deeponet_nocond,1000,1000049,0.007703297856776279,0.8803694059999543
heat_phi,fno_nocond,1000,1000000,0.0007028287458270272,1.7686131720000413
heat_phi,fno_nocond,1000,1000001,0.001106584339689516,1.7686131720000413
heat_phi,fno_nocond,1000,1000002,0.0011779864002117355,1.7686131720000413
heat_phi,fno_nocond,1000,1000003,0.0006153651897608029,1.7686131720000413
heat_phi,fno_nocond,1000,1000004,0.0009521075162855022,1.7686131720000413
heat_phi,fno_nocond,1000,1000005,0.0006532093625132623,1.7686131720000413
heat_phi,fno_nocond,1000,1000006,0.001747671810168094,1.7686131720000413
heat_phi,fno_nocond,1000,1000007,0.0008540154752261521,1.7686131720000413
heat_phi,fno_nocond,1000,1000008,0.0004936028257718318,1.7686131720000413
heat_phi,fno_nocond,1000,1000009,0.000694681043980479,1.7686131720000413
heat_phi,fno_nocond,1000,1000010,0.0007278422379745621,1.7686131720000413
heat_phi,fno_nocond,1000,1000011,0.0016144149596066606,1.7686131720000413
heat_phi,fno_nocond,1000,1000012,0.000862663025941992,1.7686131720000413
heat_phi,fno_nocond,1000,1000013,0.00068905051594457,1.7686131720000413
heat_phi,fno_nocond,1000,1000014,0.0007400979138900186,1.7686131720000413
heat_phi,fno_nocond,1000,1000015,0.000670371485243994,1.7686131720000413
heat_phi,fno_nocond,1000,1000016,0.0008636935817677608,1.7686131720000413
heat_phi,fno_nocond,1000,1000017,0.0007918145050671045,1.7686131720000413
heat_phi,fno_nocond,1000,1000018,0.0005480400531596299,1.7686131720000413
heat_phi,fno_nocond,1000,1000019,0.000933570387279296,1.7686131720000413
heat_phi,fno_nocond,1000,1000020,0.0007317603620766335,1.7686131720000413
heat_phi,fno_nocond,1000,1000021,0.0009725139473351418,1.7686131720000413
heat_phi,fno_nocond,1000,1000022,0.000956482129639463,1.7686131720000413
heat_phi,fno_nocond,1000,1000023,0.0007946337577180753,1.7686131720000413
heat_phi,fno_nocond,1000,1000024,0.0008062311833969153,1.7686131720000413
heat_phi,fno_nocond,1000,1000025,0.001112850194366015,1.7686131720000413
heat_phi,fno_nocond,1000,1000026,0.0009505011999349238,1.7686131720000413
heat_phi,fno_nocond,1000,1000027,0.0007385292370462506,1.7686131720000413
heat_phi,fno_nocond,1000,1000028,0.0007942445005335988,1.7686131720000413
heat_phi,fno_nocond,1000,1000029,0.0007130664456741928,1.7686131720000413
heat_phi,fno_nocond,1000,1000030,0.0006249332972332902,1.7686131720000413
heat_phi,fno_nocond,1000,1000031,0.0007079803383972043,1.7686131720000413
heat_phi,fno_nocond,1000,1000032,0.0008182084253851909,1.7686131720000413
heat_phi,fno_nocond,1000,1000033,0.0007536985430549974,1.7686131720000413
heat_phi,fno_nocond,1000,1000034,0.00066743102422337,1.7686131720000413
heat_phi,fno_nocond,1000,1000035,0.0008687570919521505,1.7686131720000413
heat_phi,fno_nocond,1000,1000036,0.0006471376384841604,1.7686131720000413
heat_phi,fno_nocond,1000,1000037,0.0008942644522111991,1.7686131720000413
heat_phi,fno_nocond,1000,1000038,0.0016459881714382578,1.7686131720000413
heat_phi,fno_nocond,1000,1000039,0.0012742478279348616,1.7686131720000413
heat_phi,fno_nocond,1000,1000040,0.0008285183025122073,1.7686131720000413
heat_phi,fno_nocond,1000,1000041,0.0007473332156873991,1.7686131720000413
heat_phi,fno_nocond,1000,1000042,0.0006998154212588594,1.7686131720000413
heat_phi,fno_nocond,1000,1000043,0.0010163654427665367,1.7686131720000413
heat_phi,fno_nocond,1000,1000044,0.0007450089509495372,1.7686131720000413
heat_phi,fno_nocond,1000,1000045,0.0008897917097447192,1.7686131720000413
heat_phi,fno_nocond,1000,1000046,0.0009501744318700859,1.7686131720000413
heat_phi,fno_nocond,1000,1000047,0.0010196552475235483,1.7686131720000413
heat_phi,fno_nocond,1000,1000048,0.0014457972196555752,1.7686131720000413
heat_phi,fno_nocond,1000,1000049,0.0021883548711866966,1.7686131720000413
heat_phi,attn_nocond,1000,1000000,0.001029119003876606,3.7499249920001603
heat_phi,attn_nocond,1000,1000001,0.001674011728397118,3.7499249920001603
heat_phi,attn_nocond,1000,1000002,0.001313088672271029,3.7499249920001603
heat_phi,attn_nocond,1000,1000003,0.0012780335270292406,3.7499249920001603
heat_phi,attn_nocond,1000,1000004,0.0012124584261002033,3.7499249920001603
heat_phi,attn_nocond,1000,1000005,0.0010868959405129866,3.7499249920001603
heat_phi,attn_nocond,1000,1000006,0.0013072022884766696,3.7499249920001603
heat_phi,attn_nocond,1000,1000007,0.0011064922983774904,3.7499249920001603
heat_phi,attn_nocond,1000,1000008,0.000905039507504835,3.7499249920001603
heat_phi,attn_nocond,1000,1000009,0.0007543046516935682,3.7499249920001603
heat_phi,attn_nocond,1000,1000010,0.0009546877521599437,3.7499249920001603
heat_phi,attn_nocond,1000,1000011,0.0018809571102103716,3.7499249920001603
heat_phi,attn_nocond,1000,1000012,0.00102226944956688,3.7499249920001603
heat_phi,attn_nocond,1000,1000013,0.0006792924218170655,3.7499249920001603
heat_phi,attn_nocond,1000,1000014,0.0011437868292705964,3.7499249920001603
heat_phi,attn_nocond,1000,1000015,0.0006237268056204215,3.7499249920001603
heat_phi,attn_nocond,1000,1000016,0.0015486332601366054,3.7499249920001603
heat_phi,attn_nocond,1000,1000017,0.0008425938375931246,3.7499249920001603
heat_phi,attn_nocond,1000,1000018,0.001515009325743908,3.7499249920001603
heat_phi,attn_nocond,1000,1000019,0.0012553500308498287,3.7499249920001603
heat_phi,attn_nocond,1000,1000020,0.0006329695628550101,3.7499249920001603
heat_phi,attn_nocond,1000,1000021,0.0012795202986941045,3.7499249920001603
heat_phi,attn_nocond,1000,1000022,0.001756172021211491,3.7499249920001603
heat_phi,attn_nocond,1000,1000023,0.0009423517062793022,3.7499249920001603
heat_phi,attn_nocond,1000,1000024,0.0011120134190776882,3.7499249920001603
heat_phi,attn_nocond,1000,1000025,0.0013563732697646684,3.7499249920001603
heat_phi,attn_nocond,1000,1000026,0.0015175551102061227,3.7499249920001603
heat_phi,attn_nocond,1000,1000027,0.0007430254826661648,3.7499249920001603
heat_phi,attn_nocond,1000,1000028,0.0007985309522541593,3.7499249920001603
heat_phi,attn_nocond,1000,1000029,0.0008047789409888911,3.7499249920001603
heat_phi,attn_nocond,1000,1000030,0.0013845973642598835,3.7499249920001603
heat_phi,attn_nocond,1000,1000031,0.0014515290701874537,3.7499249920001603
heat_phi,attn_nocond,1000,1000032,0.0010316493831284538,3.7499249920001603
heat_phi,attn_nocond,1000,1000033,0.001321708950455107,3.7499249920001603
heat_phi,attn_nocond,1000,1000034,0.0013131490034198115,3.7499249920001603
heat_phi,attn_nocond,1000,1000035,0.0008294412046557215,3.7499249920001603
heat_phi,attn_nocond,1000,1000036,0.0014012674516601451,3.7499249920001603
heat_phi,attn_nocond,1000,1000037,0.0011758352579133203,3.7499249920001603
heat_phi,attn_nocond,1000,1000038,0.0017603526373683542,3.7499249920001603
heat_phi,attn_nocond,1000,1000039,0.0014465519806743602,3.7499249920001603
heat_phi,attn_nocond,1000,1000040,0.0014148677059989373,3.7499249920001603
heat_phi,attn_nocond,1000,1000041,0.0013977579906533533,3.7499249920001603
heat_phi,attn_nocond,1000,1000042,0.0009545310094396181,3.7499249920001603
heat_phi,attn_nocond,1000,1000043,0.0018639497515644669,3.7499249920001603
heat_phi,attn_nocond,1000,1000044,0.0010997257181519433,3.7499249920001603
heat_phi,attn_nocond,1000,1000045,0.001180614972123805,3.7499249920001603
heat_phi,attn_nocond,1000,1000046,0.0013108114024364375,3.7499249920001603
heat_phi,attn_nocond,1000,1000047,0.0012216794585421004,3.7499249920001603
heat_phi,attn_nocond,1000,1000048,0.001634170539557571,3.7499249920001603
heat_phi,attn_nocond,1000,1000049,0.002896755468587498,3.7499249920001603
ac_phi,deeponet_nocond,250,1000000,0.011303895615281934,0.8773955900000874
ac_phi,deeponet_nocond,250,1000001,0.01852788296884881,0.8773955900000874
ac_phi,deeponet_nocond,250,1000002,0.03721297681491253,0.8773955900000874
ac_phi,deeponet_nocond,250,1000003,0.02798475584149097,0.8773955900000874
ac_phi,deeponet_nocond,250,1000004,0.019343844566563316,0.8773955900000874
ac_phi,deeponet_nocond,250,1000005,0.010145678766550197,0.8773955900000874
ac_phi,deeponet_nocond,250,1000006,0.02681022320168863,0.8773955900000874
ac_phi,deeponet_nocond,250,1000007,0.030693142342755206,0.8773955900000874
ac_phi,deeponet_nocond,250,1000008,0.012004461584629502,0.8773955900000874
ac_phi,deeponet_nocond,250,1000009,0.01314422291811242,0.8773955900000874
ac_phi,deeponet_nocond,250,1000010,0.015033255402954903,0.8773955900000874
ac_phi,deeponet_nocond,250,1000011,0.03364247994867797,0.8773955900000874
ac_phi,deeponet_nocond,250,1000012,0.0245395522366074,0.8773955900000874
ac_phi,deeponet_nocond,250,1000013,0.013382041008884368,0.8773955900000874
ac_phi,deeponet_nocond,250,1000014,0.017907097683897106,0.8773955900000874
ac_phi,deeponet_nocond,250,1000015,0.011643203155759292,0.8773955900000874
ac_phi,deeponet_nocond,250,1000016,0.026394751592007944,0.8773955900000874
ac_phi,deeponet_nocond,250,1000017,0.015416442661731993,0.8773955900000874
ac_phi,deeponet_nocond,250,1000018,0.011453947934077405,0.8773955900000874
ac_phi,deeponet_nocond,250,1000019,0.011659039146090818,0.8773955900000874
ac_phi,deeponet_nocond,250,1000020,0.032195117202440914,0.8773955900000874
ac_phi,deeponet_nocond,250,1000021,0.01622280885179014,0.8773955900000874
ac_phi,deeponet_nocond,250,1000022,0.02172224419296189,0.8773955900000874
ac_phi,deeponet_nocond,250,1000023,0.012166806097320623,0.8773955900000874
ac_phi,deeponet_nocond,250,1000024,0.013051022349656943,0.8773955900000874
ac_phi,deeponet_nocond,250,1000025,0.024950287794545462,0.8773955900000874
ac_phi,deeponet_nocond,250,1000026,0.013332645489147981,0.8773955900000874
ac_phi,deeponet_nocond,250,1000027,0.019590201609822375,0.8773955900000874
ac_phi,deeponet_nocond,250,1000028,0.0197396206005882,0.8773955900000874
ac_phi,deeponet_nocond,250,1000029,0.017398769701180712,0.8773955900000874
ac_phi,deeponet_nocond,250,1000030,0.01061593098173314,0.8773955900000874
ac_phi,deeponet_nocond,250,1000031,0.015197519544949944,0.8773955900000874
ac_phi,deeponet_nocond,250,1000032,0.01606845594960455,0.8773955900000874
ac_phi,deeponet_nocond,250,1000033,0.01485521336783463,0.8773955900000874
ac_phi,deeponet_nocond,250,1000034,0.019381054349449985,0.8773955900000874
ac_phi,deeponet_nocond,250,1000035,0.01521676676933718,0.8773955900000874
ac_phi,deeponet_nocond,250,1000036,0.02079639139624371,0.8773955900000874
ac_phi,deeponet_nocond,250,1000037,0.028600666815037232,0.8773955900000874
ac_phi,deeponet_nocond,250,1000038,0.029850598241394518,0.8773955900000874
ac_phi,deeponet_nocond,250,1000039,0.011526768522657929,0.8773955900000874
ac_phi,deeponet_nocond,250,1000040,0.024848061717263073,0.8773955900000874
ac_phi,deeponet_nocond,250,1000041,0.018343780872119016,0.8773955900000874
ac_phi,deeponet_nocond,250,1000042,0.024267172161388084,0.8773955900000874
ac_phi,deeponet_nocond,250,1000043,0.022139079299093804,0.8773955900000874
ac_phi,deeponet_nocond,250,1000044,0.02023651792051422,0.8773955900000874
ac_phi,deeponet_nocond,250,1000045,0.023404051497063535,0.8773955900000874
ac_phi,deeponet_nocond,250,1000046,0.029698653668862436,0.8773955900000874
ac_phi,deeponet_nocond,250,1000047,0.02704139551303825,0.8773955900000874
ac_phi,deeponet_nocond,250,1000048,0.018319214009032168,0.8773955900000874
ac_phi,deeponet_nocond,250,1000049,0.03643779413300599,0.8773955900000874
ac_phi,fno_nocond,250,1000000,0.00910373409264569,1.769879549999896
ac_phi,fno_nocond,250,1000001,0.01294785057622493,1.769879549999896
ac_phi,fno_nocond,250,1000002,0.022787379977832877,1.769879549999896
ac_phi,fno_nocond,250,1000003,0.0104426046397264,1.769879549999896
ac_phi,fno_nocond,250,1000004,0.014722161930344556,1.769879549999896
ac_phi,fno_nocond,250,1000005,0.009024053228517475,1.769879549999896
ac_phi,fno_nocond,250,1000006,0.021760896159673627,1.769879549999896
ac_phi,fno_nocond,250,1000007,0.019357396672038302,1.769879549999896
ac_phi,fno_nocond,250,1000008,0.010041544191729828,1.769879549999896
ac_phi,fno_nocond,250,1000009,0.011972579015557901,1.769879549999896
ac_phi,fno_nocond,250,1000010,0.009824103621554975,1.769879549999896
ac_phi,fno_nocond,250,1000011,0.026113143748359276,1.769879549999896
ac_phi,fno_nocond,250,1000012,0.028786380724116597,1.769879549999896
ac_phi,fno_nocond,250,1000013,0.008069040134595168,1.769879549999896
ac_phi,fno_nocond,250,1000014,0.013714662103132836,1.769879549999896
ac_phi,fno_nocond,250,1000015,0.009772575213107005,1.769879549999896
ac_phi,fno_nocond,250,1000016,0.015744565525567925,1.769879549999896
ac_phi,fno_nocond,250,1000017,0.012327651735457005,1.769879549999896
ac_phi,fno_nocond,250,1000018,0.012082936861682183,1.769879549999896
ac_phi,fno_nocond,250,1000019,0.01884827498227797,1.769879549999896
ac_phi,fno_nocond,250,1000020,0.0153504494947987,1.769879549999896
ac_phi,fno_nocond,250,1000021,0.01816923865997146,1.769879549999896
ac_phi,fno_nocond,250,1000022,0.015941664359711387,1.769879549999896
ac_phi,fno_nocond,250,1000023,0.011408542765693634,1.769879549999896
ac_phi,fno_nocond,250,1000024,0.013278930390057838,1.769879549999896
ac_phi,fno_nocond,250,1000025,0.02061147036607737,1.769879549999896
ac_phi,fno_nocond,250,1000026,0.013441191878616553,1.769879549999896
ac_phi,fno_nocond,250,1000027,0.025592028483120356,1.769879549999896
ac_phi,fno_nocond,250,1000028,0.012451146088971798,1.769879549999896
ac_phi,fno_nocond,250,1000029,0.009427977342788158,1.769879549999896
ac_phi,fno_nocond,250,1000030,0.011857523808200697,1.769879549999896
ac_phi,fno_nocond,250,1000031,0.01220488151115438,1.769879549999896
ac_phi,fno_nocond,250,1000032,0.012527632366747914,1.769879549999896
ac_phi,fno_nocond,250,1000033,0.00980276840223318,1.769879549999896
ac_phi,fno_nocond,250,1000034,0.014875251498546422,1.769879549999896
ac_phi,fno_nocond,250,1000035,0.012271977204005568,1.769879549999896
ac_phi,fno_nocond,250,1000036,0.012125362124484833,1.769879549999896
ac_phi,fno_nocond,250,1000037,0.017546315180178445,1.769879549999896
ac_phi,fno_nocond,250,1000038,0.03177291098305211,1.769879549999896
ac_phi,fno_nocond,250,1000039,0.016666698174998707,1.769879549999896
ac_phi,fno_nocond,250,1000040,0.01711283879810527,1.769879549999896
ac_phi,fno_nocond,250,1000041,0.011637697690710129,1.769879549999896
ac_phi,fno_nocond,250,1000042,0.013174621893903164,1.769879549999896
ac_phi,fno_nocond,250,1000043,0.02459675373368438,1.769879549999896
ac_phi,fno_nocond,250,1000044,0.015134342163012153,1.769879549999896
ac_phi,fno_nocond,250,1000045,0.018482895000910073,1.769879549999896
ac_phi,fno_nocond,250,1000046,0.02677866279562716,1.769879549999896
ac_phi,fno_nocond,250,1000047,0.02400839355854142,1.769879549999896
ac_phi,fno_nocond,250,1000048,0.023685532998020953,1.769879549999896
ac_phi,fno_nocond,250,1000049,0.03392915823272968,1.769879549999896
ac_phi,attn_nocond,250,1000000,0.006185806833596828,3.7610037119998014
ac_phi,attn_nocond,250,1000001,0.010780629944170408,3.7610037119998014
ac_phi,attn_nocond,250,1000002,0.010239609827330028,3.7610037119998014
ac_phi,attn_nocond,250,1000003,0.00984672288369772,3.7610037119998014
ac_phi,attn_nocond,250,1000004,0.007100382822875063,3.7610037119998014
ac_phi,attn_nocond,250,1000005,0.006299637409801128,3.7610037119998014
ac_phi,attn_nocond,250,1000006,0.013284032127659707,3.7610037119998014
ac_phi,attn_nocond,250,1000007,0.012587642624936692,3.7610037119998014
ac_phi,attn_nocond,250,1000008,0.003976602051843972,3.7610037119998014
ac_phi,attn_nocond,250,1000009,0.013462088354709911,3.7610037119998014
ac_phi,attn_nocond,250,1000010,0.005886574990717084,3.7610037119998014
ac_phi,attn_nocond,250,1000011,0.009624780794759922,3.7610037119998014
ac_phi,attn_nocond,250,1000012,0.013294508582410177,3.7610037119998014
ac_phi,attn_nocond,250,1000013,0.003409248982625081,3.7610037119998014
ac_phi,attn_nocond,250,1000014,0.00789519543822799,3.7610037119998014
ac_phi,attn_nocond,250,1000015,0.007289244244743622,3.7610037119998014
ac_phi,attn_nocond,250,1000016,0.007227817209169515,3.7610037119998014
ac_phi,attn_nocond,250,1000017,0.0062641156173312345,3.7610037119998014
ac_phi,attn_nocond,250,1000018,0.013758119961870999,3.7610037119998014
ac_phi,attn_nocond,250,1000019,0.006469350881281141,3.7610037119998014
ac_phi,attn_nocond,250,1000020,0.008774222067888028,3.7610037119998014
ac_phi,attn_nocond,250,1000021,0.010841570245921653,3.7610037119998014
ac_phi,attn_nocond,250,1000022,0.015230146780757516,3.7610037119998014
ac_phi,attn_nocond,250,1000023,0.007755990961806787,3.7610037119998014
ac_phi,attn_nocond,250,1000024,0.010499765900920305,3.7610037119998014
ac_phi,attn_nocond,250,1000025,0.01858629987942793,3.7610037119998014
ac_phi,attn_nocond,250,1000026,0.0064960992835835394,3.7610037119998014
ac_phi,attn_nocond,250,1000027,0.012161265633262794,3.7610037119998014
ac_phi,attn_nocond,250,1000028,0.00715030711953273,3.7610037119998014
ac_phi,attn_nocond,250,1000029,0.005446542020679593,3.7610037119998014
ac_phi,attn_nocond,250,1000030,0.0046767445118308945,3.7610037119998014
ac_phi,attn_nocond,250,1000031,0.007305295950809448,3.7610037119998014
ac_phi,attn_nocond,250,1000032,0.00835256323712764,3.7610037119998014
ac_phi,attn_nocond,250,1000033,0.006514366012308794,3.7610037119998014
ac_phi,attn_nocond,250,1000034,0.011985913652346539,3.7610037119998014
ac_phi,attn_nocond,250,1000035,0.017114130735013135,3.7610037119998014
ac_phi,attn_nocond,250,1000036,0.007310742566704567,3.7610037119998014
ac_phi,attn_nocond,250,1000037,0.007343368996740496,3.7610037119998014
ac_phi,attn_nocond,250,1000038,0.01382376297506784,3.7610037119998014
ac_phi,attn_nocond,250,1000039,0.010187298489990369,3.7610037119998014
ac_phi,attn_nocond,250,1000040,0.008215335956440434,3.7610037119998014
ac_phi,attn_nocond,250,1000041,0.008220083511622515,3.7610037119998014
ac_phi,attn_nocond,250,1000042,0.010627250559083036,3.7610037119998014
ac_phi,attn_nocond,250,1000043,0.015709079415220754,3.7610037119998014
ac_phi,attn_nocond,250,1000044,0.007028850975167306,3.7610037119998014
ac_phi,attn_nocond,250,1000045,0.014742986684444839,3.7610037119998014
ac_phi,attn_nocond,250,1000046,0.011081079932512703,3.7610037119998014
ac_phi,attn_nocond,250,1000047,0.01682144205573579,3.7610037119998014
ac_phi,attn_nocond,250,1000048,0.0112672002991171,3.7610037119998014
ac_phi,attn_nocond,250,1000049,0.014289941409321768,3.7610037119998014
ac_phi,deeponet_nocond,1000,1000000,0.010731637963287018,0.8871837320001214
ac_phi,deeponet_nocond,1000,1000001,0.01275215656979113,0.8871837320001214
ac_phi,deeponet_nocond,1000,1000002,0.012589063568139238,0.8871837320001214
ac_phi,deeponet_nocond,1000,1000003,0.006216820191353846,0.8871837320001214
ac_phi,deeponet_nocond,1000,1000004,0.010801320823902068,0.8871837320001214
ac_phi,deeponet_nocond,1000,1000005,0.008757918549970238,0.8871837320001214
ac_phi,deeponet_nocond,1000,1000006,0.015307181460697145,0.8871837320001214
ac_phi,deeponet_nocond,1000,1000007,0.01231242031869446,0.8871837320001214
ac_phi,deeponet_nocond,1000,1000008,0.006424192028781539,0.8871837320001214
ac_phi,deeponet_nocond,1000,1000009,0.007653702739471537,0.8871837320001214
ac_phi,deeponet_nocond,1000,1000010,0.01103501041720844,0.8871837320001214
ac_phi,deeponet_nocond,1000,1000011,0.01428042495068907,0.8871837320001214
ac_phi,deeponet_nocond,1000,1000012,0.009418690352242305,0.8871837320001214
ac_phi,deeponet_nocond,1000,1000013,0.010403437329287902,0.8871837320001214
ac_phi,deeponet_nocond,1000,1000014,0.006260119159348206,0.8871837320001214
ac_phi,deeponet_nocond,1000,1000015,0.00596244751454833,0.8871837320001214
ac_phi,deeponet_nocond,1000,1000016,0.009394524160981289,0.8871837320001214
ac_phi,deeponet_nocond,1000,1000017,0.0066723567103253965,0.8871837320001214
ac_phi,deeponet_nocond,1000,1000018,0.007027620256401673,0.8871837320001214
ac_phi,deeponet_nocond,1000,1000019,0.008362584116328975,0.8871837320001214
ac_phi,deeponet_nocond,1000,1000020,0.009066221738226006,0.8871837320001214
ac_phi,deeponet_nocond,1000,1000021,0.0063386089023666015,0.8871837320001214
ac_phi,deeponet_nocond,1000,1000022,0.01063025987304916,0.8871837320001214
ac_phi,deeponet_nocond,1000,1000023,0.009779881304295123,0.8871837320001214
ac_phi,deeponet_nocond,1000,1000024,0.009849157934500835,0.8871837320001214
ac_phi,deeponet_nocond,1000,1000025,0.013126992960104283,0.8871837320001214
ac_phi,deeponet_nocond,1000,1000026,0.010986458024681112,0.8871837320001214
ac_phi,deeponet_nocond,1000,1000027,0.00810585850251716,0.8871837320001214
ac_phi,deeponet_nocond,1000,1000028,0.012607870280795004,0.8871837320001214
ac_phi,deeponet_nocond,1000,1000029,0.005865092609283588,0.8871837320001214
ac_phi,deeponet_nocond,1000,1000030,0.011183577138632186,0.8871837320001214
ac_phi,deeponet_nocond,1000,1000031,0.007773612481496309,0.8871837320001214
ac_phi,deeponet_nocond,1000,1000032,0.010913274017274778,0.8871837320001214
ac_phi,deeponet_nocond,1000,1000033,0.00967432639891372,0.8871837320001214
ac_phi,deeponet_nocond,1000,1000034,0.008226169352575866,0.8871837320001214
ac_phi,deeponet_nocond,1000,1000035,0.008715803697496412,0.8871837320001214
ac_phi,deeponet_nocond,1000,1000036,0.008616240917665685,0.8871837320001214
ac_phi,deeponet_nocond,1000,1000037,0.01401810781689043,0.8871837320001214
ac_phi,deeponet_nocond,1000,1000038,0.01420808825295946,0.8871837320001214
ac_phi,deeponet_nocond,1000,1000039,0.011752852012348386,0.8871837320001214
ac_phi,deeponet_nocond,1000,1000040,0.009107500433402149,0.8871837320001214
ac_phi,deeponet_nocond,1000,1000041,0.010265824469900145,0.8871837320001214
ac_phi,deeponet_nocond,1000,1000042,0.00810556853648521,0.8871837320001214
ac_phi,deeponet_nocond,1000,1000043,0.010583540502566649,0.8871837320001214
ac_phi,deeponet_nocond,1000,1000044,0.008100533976073625,0.8871837320001214
ac_phi,deeponet_nocond,1000,1000045,0.009652710142846499,0.8871837320001214
ac_phi,deeponet_nocond,1000,1000046,0.009275014655141524,0.8871837320001214
ac_phi,deeponet_nocond,1000,1000047,0.012485329855180437,0.8871837320001214
ac_phi,deeponet_nocond,1000,1000048,0.015217252257589495,0.8871837320001214
ac_phi,deeponet_nocond,1000,1000049,0.01634472581188753,0.8871837320001214
ac_phi,fno_nocond,1000,1000000,0.004250424697957398,1.8135877620000975
ac_phi,fno_nocond,1000,1000001,0.006911536785093203,1.8135877620000975
ac_phi,fno_nocond,1000,1000002,0.010848118225920174,1.8135877620000975
ac_phi,fno_nocond,1000,1000003,0.004177577778218343,1.8135877620000975
ac_phi,fno_nocond,1000,1000004,0.0054608904890466525,1.8135877620000975
ac_phi,fno_nocond,1000,1000005,0.003432066408548027,1.8135877620000975
ac_phi,fno_nocond,1000,1000006,0.009476174721884712,1.8135877620000975
ac_phi,fno_nocond,1000,1000007,0.007329192984887714,1.8135877620000975
ac_phi,fno_nocond,1000,1000008,0.00270025648784859,1.8135877620000975
ac_phi,fno_nocond,1000,1000009,0.0036274277343133,1.8135877620000975
ac_phi,fno_nocond,1000,1000010,0.003105078206636298,1.8135877620000975
ac_phi,fno_nocond,1000,1000011,0.010548670148411488,1.8135877620000975
ac_phi,fno_nocond,1000,1000012,0.006538617378110581,1.8135877620000975
ac_phi,fno_nocond,1000,1000013,0.003893168911193305,1.8135877620000975
ac_phi,fno_nocond,1000,1000014,0.00414244062552864,1.8135877620000975
ac_phi,fno_nocond,1000,1000015,0.005602443712443935,1.8135877620000975
ac_phi,fno_nocond,1000,1000016,0.0046398983120684726,1.8135877620000975
ac_phi,fno_nocond,1000,1000017,0.003611900205741545,1.8135877620000975
ac_phi,fno_nocond,1000,1000018,0.004321765957604552,1.8135877620000975
ac_phi,fno_nocond,1000,1000019,0.005020785576734128,1.8135877620000975
ac_phi,fno_nocond,1000,1000020,0.005201883901394229,1.8135877620000975
ac_phi,fno_nocond,1000,1000021,0.00720095988770899,1.8135877620000975
ac_phi,fno_nocond,1000,1000022,0.007791851453846138,1.8135877620000975
ac_phi,fno_nocond,1000,1000023,0.004279727396774848,1.8135877620000975
ac_phi,fno_nocond,1000,1000024,0.005415997973111747,1.8135877620000975
ac_phi,fno_nocond,1000,1000025,0.00819223334519964,1.8135877620000975
ac_phi,fno_nocond,1000,1000026,0.005515649855715953,1.8135877620000975
ac_phi,fno_nocond,1000,1000027,0.0065284299997730045,1.8135877620000975
ac_phi,fno_nocond,1000,1000028,0.004570557495116169,1.8135877620000975
ac_phi,fno_nocond,1000,1000029,0.003636831828229338,1.8135877620000975
ac_phi,fno_nocond,1000,1000030,0.004552716213349847,1.8135877620000975
ac_phi,fno_nocond,1000,1000031,0.004616326798266306,1.8135877620000975
ac_phi,fno_nocond,1000,1000032,0.004076470514840888,1.8135877620000975
ac_phi,fno_nocond,1000,1000033,0.0034834284702617785,1.8135877620000975
ac_phi,fno_nocond,1000,1000034,0.004798106688118734,1.8135877620000975
ac_phi,fno_nocond,1000,1000035,0.0037386683717527854,1.8135877620000975
ac_phi,fno_nocond,1000,1000036,0.0050297769865035764,1.8135877620000975
ac_phi,fno_nocond,1000,1000037,0.007192658884964536,1.8135877620000975
ac_phi,fno_nocond,1000,1000038,0.013075229445445655,1.8135877620000975
ac_phi,fno_nocond,1000,1000039,0.007182778209142884,1.8135877620000975
ac_phi,fno_nocond,1000,1000040,0.006135726332792149,1.8135877620000975
ac_phi,fno_nocond,1000,1000041,0.004769827951337715,1.8135877620000975
ac_phi,fno_nocond,1000,1000042,0.004998689873811915,1.8135877620000975
ac_phi,fno_nocond,1000,1000043,0.008013803179979604,1.8135877620000975
ac_phi,fno_nocond,1000,1000044,0.005725868547460727,1.8135877620000975
ac_phi,fno_nocond,1000,1000045,0.005771092194011231,1.8135877620000975
ac_phi,fno_nocond,1000,1000046,0.006849666144988998,1.8135877620000975
ac_phi,fno_nocond,1000,1000047,0.007403185956449702,1.8135877620000975
ac_phi,fno_nocond,1000,1000048,0.007943112122428823,1.8135877620000975
ac_phi,fno_nocond,1000,1000049,0.017300387863467732,1.8135877620000975
ac_phi,attn_nocond,1000,1000000,0.00441670890099231,3.7821106460000737
ac_phi,attn_nocond,1000,1000001,0.007421021479957653,3.7821106460000737
ac_phi,attn_nocond,1000,1000002,0.00446940219788214,3.7821106460000737
ac_phi,attn_nocond,1000,1000003,0.0030618069417926415,3.7821106460000737
ac_phi,attn_nocond,1000,1000004,0.0036788494256720407,3.7821106460000737
ac_phi,attn_nocond,1000,1000005,0.003511194404092234,3.7821106460000737
ac_phi,attn_nocond,1000,1000006,0.004564396832108342,3.7821106460000737
ac_phi,attn_nocond,1000,1000007,0.0052370034761647245,3.7821106460000737
ac_phi,attn_nocond,1000,1000008,0.00308119065246352,3.7821106460000737
ac_phi,attn_nocond,1000,1000009,0.002757492319889572,3.7821106460000737
ac_phi,attn_nocond,1000,1000010,0.0025665740769325054,3.7821106460000737
ac_phi,attn_nocond,1000,1000011,0.004957717364943348,3.7821106460000737
ac_phi,attn_nocond,1000,1000012,0.004705644839107062,3.7821106460000737
ac_phi,attn_nocond,1000,1000013,0.00414876984446391,3.7821106460000737
ac_phi,attn_nocond,1000,1000014,0.0040471661601105095,3.7821106460000737
ac_phi,attn_nocond,1000,1000015,0.007181383035764537,3.7821106460000737
ac_phi,attn_nocond,1000,1000016,0.004408075052328874,3.7821106460000737
ac_phi,attn_nocond,1000,1000017,0.003013997457879764,3.7821106460000737
ac_phi,attn_nocond,1000,1000018,0.006721708048113985,3.7821106460000737
ac_phi,attn_nocond,1000,1000019,0.004481706815243792,3.7821106460000737
ac_phi,attn_nocond,1000,1000020,0.002949225856709428,3.7821106460000737
ac_phi,attn_nocond,1000,1000021,0.004468938267181162,3.7821106460000737
ac_phi,attn_nocond,1000,1000022,0.005327120753479513,3.7821106460000737
ac_phi,attn_nocond,1000,1000023,0.0027501041878338975,3.7821106460000737
ac_phi,attn_nocond,1000,1000024,0.004598138374883568,3.7821106460000737
ac_phi,attn_nocond,1000,1000025,0.007553010067648718,3.7821106460000737
ac_phi,attn_nocond,1000,1000026,0.0026924649802466134,3.7821106460000737
ac_phi,attn_nocond,1000,1000027,0.0036129216850360976,3.7821106460000737
ac_phi,attn_nocond,1000,1000028,0.009241656975697305,3.7821106460000737
ac_phi,attn_nocond,1000,1000029,0.002124181335284283,3.7821106460000737
ac_phi,attn_nocond,1000,1000030,0.0031501703435779555,3.7821106460000737
ac_phi,attn_nocond,1000,1000031,0.005459811533464991,3.7821106460000737
ac_phi,attn_nocond,1000,1000032,0.004769217718676052,3.7821106460000737
ac_phi,attn_nocond,1000,1000033,0.002877209126893029,3.7821106460000737
ac_phi,attn_nocond,1000,1000034,0.0021447949353947866,3.7821106460000737
ac_phi,attn_nocond,1000,1000035,0.005495378841310448,3.7821106460000737
ac_phi,attn_nocond,1000,1000036,0.005798905989015367,3.7821106460000737
ac_phi,attn_nocond,1000,1000037,0.00491853291411296,3.7821106460000737
ac_phi,attn_nocond,1000,1000038,0.007825904018789347,3.7821106460000737
ac_phi,attn_nocond,1000,1000039,0.004475996423445762,3.7821106460000737
ac_phi,attn_nocond,1000,1000040,0.009008813164009854,3.7821106460000737
ac_phi,attn_nocond,1000,1000041,0.0038126382108503373,3.7821106460000737
ac_phi,attn_nocond,1000,1000042,0.0039005318596749597,3.7821106460000737
ac_phi,attn_nocond,1000,1000043,0.004262728613579947,3.7821106460000737
ac_phi,attn_nocond,1000,1000044,0.007775365673770918,3.7821106460000737
ac_phi,attn_nocond,1000,1000045,0.0038302498217890786,3.7821106460000737
ac_phi,attn_nocond,1000,1000046,0.003961171028264325,3.7821106460000737
ac_phi,attn_nocond,1000,1000047,0.0053488373398569355,3.7821106460000737
ac_phi,attn_nocond,1000,1000048,0.00577456869711913,3.7821106460000737
ac_phi,attn_nocond,1000,1000049,0.007906288577752106,3.7821106460000737
kpp_phi,deeponet_nocond,250,1000000,0.0347376277203098,0.9125952259998303
kpp_phi,deeponet_nocond,250,1000001,0.040306183262692856,0.9125952259998303
kpp_phi,deeponet_nocond,250,1000002,0.08265065137640568,0.9125952259998303
kpp_phi,deeponet_nocond,250,1000003,0.040909766971844216,0.9125952259998303
kpp_phi,deeponet_nocond,250,1000004,0.032090315400046227,0.9125952259998303
kpp_phi,deeponet_nocond,250,1000005,0.02878379857197179,0.9125952259998303
kpp_phi,deeponet_nocond,250,1000006,0.058839286246634155,0.9125952259998303
kpp_phi,deeponet_nocond,250,1000007,0.03147896534116699,0.9125952259998303
kpp_phi,deeponet_nocond,250,1000008,0.01931716525497668,0.9125952259998303
kpp_phi,deeponet_nocond,250,1000009,0.023381709656156324,0.9125952259998303
kpp_phi,deeponet_nocond,250,1000010,0.03262722378777823,0.9125952259998303
kpp_phi,deeponet_nocond,250,1000011,0.041830116125860704,0.9125952259998303
kpp_phi,deeponet_nocond,250,1000012,0.048345308981243104,0.9125952259998303
kpp_phi,deeponet_nocond,250,1000013,0.02991758796028505,0.9125952259998303
kpp_phi,deeponet_nocond,250,1000014,0.0309916452996278,0.9125952259998303
kpp_phi,deeponet_nocond,250,1000015,0.037008698475260504,0.9125952259998303
kpp_phi,deeponet_nocond,250,1000016,0.05523412119312298,0.9125952259998303
kpp_phi,deeponet_nocond,250,1000017,0.032440190775500505,0.9125952259998303
kpp_phi,deeponet_nocond,250,1000018,0.022570397642649058,0.9125952259998303
kpp_phi,deeponet_nocond,250,1000019,0.033088350385179786,0.9125952259998303
kpp_phi,deeponet_nocond,250,1000020,0.044143100687148905,0.9125952259998303
kpp_phi,deeponet_nocond,250,1000021,0.025197977247241477,0.9125952259998303
kpp_phi,deeponet_nocond,250,1000022,0.0299565387485396,0.9125952259998303
kpp_phi,deeponet_nocond,250,1000023,0.026061940499665183,0.9125952259998303
kpp_phi,deeponet_nocond,250,1000024,0.029922149561770858,0.9125952259998303
kpp_phi,deeponet_nocond,250,1000025,0.08820616747377631,0.9125952259998303
kpp_phi,deeponet_nocond,250,1000026,0.03234535624634714,0.9125952259998303
kpp_phi,deeponet_nocond,250,1000027,0.04893555072179224,0.9125952259998303
kpp_phi,deeponet_nocond,250,1000028,0.030478557498257258,0.9125952259998303
kpp_phi,deeponet_nocond,250,1000029,0.02610605731767469,0.9125952259998303
kpp_phi,deeponet_nocond,250,1000030,0.03173653550193016,0.9125952259998303
kpp_phi,deeponet_nocond,250,1000031,0.03249276509854188,0.9125952259998303
kpp_phi,deeponet_nocond,250,1000032,0.027797804842874464,0.9125952259998303
kpp_phi,deeponet_nocond,250,1000033,0.01977493889272923,0.9125952259998303
kpp_phi,deeponet_nocond,250,1000034,0.04018526922881573,0.9125952259998303
kpp_phi,deeponet_nocond,250,1000035,0.03827973323050356,0.9125952259998303
kpp_phi,deeponet_nocond,250,1000036,0.0321150662477459,0.9125952259998303
kpp_phi,deeponet_nocond,250,1000037,0.05120137430849084,0.9125952259998303
kpp_phi,deeponet_nocond,250,1000038,0.06601812793371502,0.9125952259998303
kpp_phi,deeponet_nocond,250,1000039,0.04858772189994194,0.9125952259998303
kpp_phi,deeponet_nocond,250,1000040,0.046403637509906344,0.9125952259998303
kpp_phi,deeponet_nocond,250,1000041,0.033386307903739455,0.9125952259998303
kpp_phi,deeponet_nocond,250,1000042,0.03526304166273795,0.9125952259998303
kpp_phi,deeponet_nocond,250,1000043,0.04582845029116854,0.9125952259998303
kpp_phi,deeponet_nocond,250,1000044,0.03386360482791513,0.9125952259998303
kpp_phi,deeponet_nocond,250,1000045,0.05620712319268302,0.9125952259998303
kpp_phi,deeponet_nocond,250,1000046,0.027487783874347617,0.9125952259998303
kpp_phi,deeponet_nocond,250,1000047,0.02949729753940614,0.9125952259998303
kpp_phi,deeponet_nocond,250,1000048,0.07404670538627886,0.9125952259998303
kpp_phi,deeponet_nocond,250,1000049,0.07544998542650276,0.9125952259998303
kpp_phi,fno_nocond,250,1000000,0.026689541304816773,1.7994793999998364
kpp_phi,fno_nocond,250,1000001,0.048801152051227384,1.7994793999998364
kpp_phi,fno_nocond,250,1000002,0.04072155904497571,1.7994793999998364
kpp_phi,fno_nocond,250,1000003,0.05437940518211722,1.7994793999998364
kpp_phi,fno_nocond,250,1000004,0.03808871182999734,1.7994793999998364
kpp_phi,fno_nocond,250,1000005,0.038462661862704466,1.7994793999998364
kpp_phi,fno_nocond,250,1000006,0.04068757888840306,1.7994793999998364
kpp_phi,fno_nocond,250,1000007,0.044181918666110556,1.7994793999998364
kpp_phi,fno_nocond,250,1000008,0.02354231720115135,1.7994793999998364
kpp_phi,fno_nocond,250,1000009,0.02941623793373325,1.7994793999998364
kpp_phi,fno_nocond,250,1000010,0.028001161050467214,1.7994793999998364
kpp_phi,fno_nocond,250,1000011,0.0436472713063736,1.7994793999998364
kpp_phi,fno_nocond,250,1000012,0.05257256882997574,1.7994793999998364
kpp_phi,fno_nocond,250,1000013,0.03515403698880578,1.7994793999998364
kpp_phi,fno_nocond,250,1000014,0.0309814063643542,1.7994793999998364
kpp_phi,fno_nocond,250,1000015,0.0440144681604499,1.7994793999998364
kpp_phi,fno_nocond,250,1000016,0.047475531685949264,1.7994793999998364
kpp_phi,fno_nocond,250,1000017,0.02413674085189361,1.7994793999998364
kpp_phi,fno_nocond,250,1000018,0.024295757748292793,1.7994793999998364
kpp_phi,fno_nocond,250,1000019,0.04279072510744991,1.7994793999998364
kpp_phi,fno_nocond,250,1000020,0.022201507725152846,1.7994793999998364
kpp_phi,fno_nocond,250,1000021,0.030172434378790032,1.7994793999998364
kpp_phi,fno_nocond,250,1000022,0.03354851940142975,1.7994793999998364
kpp_phi,fno_nocond,250,1000023,0.018542343669554186,1.7994793999998364
kpp_phi,fno_nocond,250,1000024,0.03189274642993918,1.7994793999998364
kpp_phi,fno_nocond,250,1000025,0.05028471164569944,1.7994793999998364
kpp_phi,fno_nocond,250,1000026,0.03224141733513467,1.7994793999998364
kpp_phi,fno_nocond,250,1000027,0.05902430448210347,1.7994793999998364
kpp_phi,fno_nocond,250,1000028,0.03935644121691623,1.7994793999998364
kpp_phi,fno_nocond,250,1000029,0.022425615096687678,1.7994793999998364
kpp_phi,fno_nocond,250,1000030,0.025398323337532256,1.7994793999998364
kpp_phi,fno_nocond,250,1000031,0.02204171876352061,1.7994793999998364
kpp_phi,fno_nocond,250,1000032,0.03802233803121994,1.7994793999998364
kpp_phi,fno_nocond,250,1000033,0.026818128386797126,1.7994793999998364
kpp_phi,fno_nocond,250,1000034,0.045135300649271244,1.7994793999998364
kpp_phi,fno_nocond,250,1000035,0.04911361238971025,1.7994793999998364
kpp_phi,fno_nocond,250,1000036,0.046444123234053884,1.7994793999998364
kpp_phi,fno_nocond,250,1000037,0.05082092507220712,1.7994793999998364
kpp_phi,fno_nocond,250,1000038,0.03985785930755484,1.7994793999998364
kpp_phi,fno_nocond,250,1000039,0.04456705164030687,1.7994793999998364
kpp_phi,fno_nocond,250,1000040,0.02914110688364477,1.7994793999998364
kpp_phi,fno_nocond,250,1000041,0.025485703027252497,1.7994793999998364
kpp_phi,fno_nocond,250,1000042,0.05436753936939458,1.7994793999998364
kpp_phi,fno_nocond,250,1000043,0.033509939404882394,1.7994793999998364
kpp_phi,fno_nocond,250,1000044,0.030026958480775922,1.7994793999998364
kpp_phi,fno_nocond,250,1000045,0.04454145671226789,1.7994793999998364
kpp_phi,fno_nocond,250,1000046,0.038707515007526054,1.7994793999998364
kpp_phi,fno_nocond,250,1000047,0.0338684684617838,1.7994793999998364
kpp_phi,fno_nocond,250,1000048,0.04260776643073089,1.7994793999998364
kpp_phi,fno_nocond,250,1000049,0.06201612927830252,1.7994793999998364
kpp_phi,attn_nocond,250,1000000,0.028863481836971423,3.7735339860001114
kpp_phi,attn_nocond,250,1000001,0.032686683527849716,3.7735339860001114
kpp_phi,attn_nocond,250,1000002,0.032363062132945604,3.7735339860001114
kpp_phi,attn_nocond,250,1000003,0.018586973519844435,3.7735339860001114
kpp_phi,attn_nocond,250,1000004,0.0165201209467679,3.7735339860001114
kpp_phi,attn_nocond,250,1000005,0.029851765767556722,3.7735339860001114
kpp_phi,attn_nocond,250,1000006,0.017579622589348344,3.7735339860001114
kpp_phi,attn_nocond,250,1000007,0.024674146671464964,3.7735339860001114
kpp_phi,attn_nocond,250,1000008,0.01280729818763621,3.7735339860001114
kpp_phi,attn_nocond,250,1000009,0.01851263537432258,3.7735339860001114
kpp_phi,attn_nocond,250,1000010,0.012054095775471157,3.7735339860001114
kpp_phi,attn_nocond,250,1000011,0.03493121255063285,3.7735339860001114
kpp_phi,attn_nocond,250,1000012,0.025689987895158004,3.7735339860001114
kpp_phi,attn_nocond,250,1000013,0.022420242372858522,3.7735339860001114
kpp_phi,attn_nocond,250,1000014,0.019945821609939372,3.7735339860001114
kpp_phi,attn_nocond,250,1000015,0.025632421380283876,3.7735339860001114
kpp_phi,attn_nocond,250,1000016,0.04564088915040021,3.7735339860001114
kpp_phi,attn_nocond,250,1000017,0.01085703467524523,3.7735339860001114
kpp_phi,attn_nocond,250,1000018,0.0416560785811709,3.7735339860001114
kpp_phi,attn_nocond,250,1000019,0.03936324771861155,3.7735339860001114
kpp_phi,attn_nocond,250,1000020,0.018615807951312836,3.7735339860001114
kpp_phi,attn_nocond,250,1000021,0.02303969141086911,3.7735339860001114
kpp_phi,attn_nocond,250,1000022,0.01752224437752064,3.7735339860001114
kpp_phi,attn_nocond,250,1000023,0.01632451210733811,3.7735339860001114
kpp_phi,attn_nocond,250,1000024,0.024931955986329628,3.7735339860001114
kpp_phi,attn_nocond,250,1000025,0.04156974314121397,3.7735339860001114
kpp_phi,attn_nocond,250,1000026,0.029871066296226344,3.7735339860001114
kpp_phi,attn_nocond,250,1000027,0.023377453585983952,3.7735339860001114
kpp_phi,attn_nocond,250,1000028,0.019683344966338716,3.7735339860001114
kpp_phi,attn_nocond,250,1000029,0.01218195105267741,3.7735339860001114
kpp_phi,attn_nocond,250,1000030,0.0226840687334466,3.7735339860001114
kpp_phi,attn_nocond,250,1000031,0.018822553080981887,3.7735339860001114
kpp_phi,attn_nocond,250,1000032,0.016471825121264157,3.7735339860001114
kpp_phi,attn_nocond,250,1000033,0.02125478909993455,3.7735339860001114
kpp_phi,attn_nocond,250,1000034,0.028951934637408545,3.7735339860001114
kpp_phi,attn_nocond,250,1000035,0.030564855681870548,3.7735339860001114
kpp_phi,attn_nocond,250,1000036,0.02240117900377609,3.7735339860001114
kpp_phi,attn_nocond,250,1000037,0.03376124338800401,3.7735339860001114
kpp_phi,attn_nocond,250,1000038,0.03377324697828737,3.7735339860001114
kpp_phi,attn_nocond,250,1000039,0.03737855321588605,3.7735339860001114
kpp_phi,attn_nocond,250,1000040,0.012707050273208979,3.7735339860001114
kpp_phi,attn_nocond,250,1000041,0.01966191587901333,3.7735339860001114
kpp_phi,attn_nocond,250,1000042,0.027632633421756,3.7735339860001114
kpp_phi,attn_nocond,250,1000043,0.03608661064936635,3.7735339860001114
kpp_phi,attn_nocond,250,1000044,0.04112286729244387,3.7735339860001114
kpp_phi,attn_nocond,250,1000045,0.035652027188618915,3.7735339860001114
kpp_phi,attn_nocond,250,1000046,0.03043207748475349,3.7735339860001114
kpp_phi,attn_nocond,250,1000047,0.02285379821914145,3.7735339860001114
kpp_phi,attn_nocond,250,1000048,0.041686959079715605,3.7735339860001114
kpp_phi,attn_nocond,250,1000049,0.04513959070246086,3.7735339860001114
kpp_phi,deeponet_nocond,1000,1000000,0.016213691104223747,0.9109549080001307
kpp_phi,deeponet_nocond,1000,1000001,0.026711244667289098,0.9109549080001307
kpp_phi,deeponet_nocond,1000,1000002,0.04116701121787318,0.9109549080001307
kpp_phi,deeponet_nocond,1000,1000003,0.020749656666781198,0.9109549080001307
kpp_phi,deeponet_nocond,1000,1000004,0.019610259867120533,0.9109549080001307
kpp_phi,deeponet_nocond,1000,1000005,0.015578481269681262,0.9109549080001307
kpp_phi,deeponet_nocond,1000,1000006,0.03863501874673007,0.9109549080001307
kpp_phi,deeponet_nocond,1000,1000007,0.02174091715375669,0.9109549080001307
kpp_phi,deeponet_nocond,1000,1000008,0.008261383116588344,0.9109549080001307
kpp_phi,deeponet_nocond,1000,1000009,0.015312550445555257,0.9109549080001307
kpp_phi,deeponet_nocond,1000,1000010,0.01575895091477978,0.9109549080001307
kpp_phi,deeponet_nocond,1000,1000011,0.039748484539694325,0.9109549080001307
kpp_phi,deeponet_nocond,1000,1000012,0.018749614019429196,0.9109549080001307
kpp_phi,deeponet_nocond,1000,1000013,0.016978614979481783,0.9109549080001307
kpp_phi,deeponet_nocond,1000,1000014,0.012141464824667337,0.9109549080001307
kpp_phi,deeponet_nocond,1000,1000015,0.01754015086062549,0.9109549080001307
kpp_phi,deeponet_nocond,1000,1000016,0.018321889860051704,0.9109549080001307
kpp_phi,deeponet_nocond,1000,1000017,0.016999424571453457,0.9109549080001307
kpp_phi,deeponet_nocond,1000,1000018,0.014396222470492232,0.9109549080001307
kpp_phi,deeponet_nocond,1000,1000019,0.02333856997542991,0.9109549080001307
kpp_phi,deeponet_nocond,1000,1000020,0.01835867770239444,0.9109549080001307
kpp_phi,deeponet_nocond,1000,1000021,0.020622312374858422,0.9109549080001307
kpp_phi,deeponet_nocond,1000,1000022,0.01570948878363469,0.9109549080001307
kpp_phi,deeponet_nocond,1000,1000023,0.012934493668092939,0.9109549080001307
kpp_phi,deeponet_nocond,1000,1000024,0.03011602156965472,0.9109549080001307
kpp_phi,deeponet_nocond,1000,1000025,0.0321045593501496,0.9109549080001307
kpp_phi,deeponet_nocond,1000,1000026,0.02113788642431907,0.9109549080001307
kpp_phi,deeponet_nocond,1000,1000027,0.02695903732921001,0.9109549080001307
kpp_phi,deeponet_nocond,1000,1000028,0.014900451344709267,0.9109549080001307
kpp_phi,deeponet_nocond,1000,1000029,0.012016149180398564,0.9109549080001307
kpp_phi,deeponet_nocond,1000,1000030,0.02920985290200364,0.9109549080001307
kpp_phi,deeponet_nocond,1000,1000031,0.015282949887271335,0.9109549080001307
kpp_phi,deeponet_nocond,1000,1000032,0.017063533482426178,0.9109549080001307
kpp_phi,deeponet_nocond,1000,1000033,0.009738947027277348,0.9109549080001307
kpp_phi,deeponet_nocond,1000,1000034,0.011970341074755775,0.9109549080001307
kpp_phi,deeponet_nocond,1000,1000035,0.014247859811308711,0.9109549080001307
kpp_phi,deeponet_nocond,1000,1000036,0.01938110765720329,0.9109549080001307
kpp_phi,deeponet_nocond,1000,1000037,0.041632472961680315,0.9109549080001307
kpp_phi,deeponet_nocond,1000,1000038,0.0361106279113587,0.9109549080001307
kpp_phi,deeponet_nocond,1000,1000039,0.038800785987241675,0.9109549080001307
kpp_phi,deeponet_nocond,1000,1000040,0.025046528853215566,0.9109549080001307
kpp_phi,deeponet_nocond,1000,1000041,0.014600416940026147,0.9109549080001307
kpp_phi,deeponet_nocond,1000,1000042,0.012177429593104193,0.9109549080001307
kpp_phi,deeponet_nocond,1000,1000043,0.03045114231540244,0.9109549080001307
kpp_phi,deeponet_nocond,1000,1000044,0.024090297733178563,0.9109549080001307
kpp_phi,deeponet_nocond,1000,1000045,0.02254064337371173,0.9109549080001307
kpp_phi,deeponet_nocond,1000,1000046,0.024371383366349447,0.9109549080001307
kpp_phi,deeponet_nocond,1000,1000047,0.027750165725285363,0.9109549080001307
kpp_phi,deeponet_nocond,1000,1000048,0.031471233955119075,0.9109549080001307
kpp_phi,deeponet_nocond,1000,1000049,0.03611246064637585,0.9109549080001307
kpp_phi,fno_nocond,1000,1000000,0.015233683188479038,1.7762898519998997
kpp_phi,fno_nocond,1000,1000001,0.03932317925996901,1.7762898519998997
kpp_phi,fno_nocond,1000,1000002,0.032258711547458165,1.7762898519998997
kpp_phi,fno_nocond,1000,1000003,0.025657798096025208,1.7762898519998997
kpp_phi,fno_nocond,1000,1000004,0.022470998248604605,1.7762898519998997
kpp_phi,fno_nocond,1000,1000005,0.030091882311837143,1.7762898519998997
kpp_phi,fno_nocond,1000,1000006,0.03553129899259908,1.7762898519998997
kpp_phi,fno_nocond,1000,1000007,0.020052362820136338,1.7762898519998997
kpp_phi,fno_nocond,1000,1000008,0.01106227576634797,1.7762898519998997
kpp_phi,fno_nocond,1000,1000009,0.032717005535099285,1.7762898519998997
kpp_phi,fno_nocond,1000,1000010,0.01817506618067818,1.7762898519998997
kpp_phi,fno_nocond,1000,1000011,0.041519985747572256,1.7762898519998997
kpp_phi,fno_nocond,1000,1000012,0.021597554083668934,1.7762898519998997
kpp_phi,fno_nocond,1000,1000013,0.025876702389828553,1.7762898519998997
kpp_phi,fno_nocond,1000,1000014,0.014817647134629955,1.7762898519998997
kpp_phi,fno_nocond,1000,1000015,0.023354918458932485,1.7762898519998997
kpp_phi,fno_nocond,1000,1000016,0.023135089590398054,1.7762898519998997
kpp_phi,fno_nocond,1000,1000017,0.01945150413504164,1.7762898519998997
kpp_phi,fno_nocond,1000,1000018,0.01095476463095833,1.7762898519998997
kpp_phi,fno_nocond,1000,1000019,0.0412283398336165,1.7762898519998997
kpp_phi,fno_nocond,1000,1000020,0.014948376457184961,1.7762898519998997
kpp_phi,fno_nocond,1000,1000021,0.027060348778750798,1.7762898519998997
kpp_phi,fno_nocond,1000,1000022,0.015248157322713627,1.7762898519998997
kpp_phi,fno_nocond,1000,1000023,0.019373612531601882,1.7762898519998997
kpp_phi,fno_nocond,1000,1000024,0.021640111221602438,1.7762898519998997
kpp_phi,fno_nocond,1000,1000025,0.06860784474670915,1.7762898519998997
kpp_phi,fno_nocond,1000,1000026,0.047382249756128175,1.7762898519998997
kpp_phi,fno_nocond,1000,1000027,0.02257461812685016,1.7762898519998997
kpp_phi,fno_nocond,1000,1000028,0.018660295645689808,1.7762898519998997
kpp_phi,fno_nocond,1000,1000029,0.013494587541444798,1.7762898519998997
kpp_phi,fno_nocond,1000,1000030,0.02266115034696032,1.7762898519998997
kpp_phi,fno_nocond,1000,1000031,0.012883591039292276,1.7762898519998997
kpp_phi,fno_nocond,1000,1000032,0.012899119603036401,1.7762898519998997
kpp_phi,fno_nocond,1000,1000033,0.013525334184563817,1.7762898519998997
kpp_phi,fno_nocond,1000,1000034,0.014740388250878651,1.7762898519998997
kpp_phi,fno_nocond,1000,1000035,0.02316553482955301,1.7762898519998997
kpp_phi,fno_nocond,1000,1000036,0.023460054492906196,1.7762898519998997
kpp_phi,fno_nocond,1000,1000037,0.025058700550671553,1.7762898519998997
kpp_phi,fno_nocond,1000,1000038,0.02639516474779693,1.7762898519998997
kpp_phi,fno_nocond,1000,1000039,0.041140137267450076,1.7762898519998997
kpp_phi,fno_nocond,1000,1000040,0.01933130943002136,1.7762898519998997
kpp_phi,fno_nocond,1000,1000041,0.012495354525212193,1.7762898519998997
kpp_phi,fno_nocond,1000,1000042,0.039276962230522544,1.7762898519998997
kpp_phi,fno_nocond,1000,1000043,0.02821886208028334,1.7762898519998997
kpp_phi,fno_nocond,1000,1000044,0.049048073891910314,1.7762898519998997
kpp_phi,fno_nocond,1000,1000045,0.030535486410529673,1.7762898519998997
kpp_phi,fno_nocond,1000,1000046,0.017170291257269894,1.7762898519998997
kpp_phi,fno_nocond,1000,1000047,0.024107784884665178,1.7762898519998997
kpp_phi,fno_nocond,1000,1000048,0.027867934390577737,1.7762898519998997
kpp_phi,fno_nocond,1000,1000049,0.04292296051986639,1.7762898519998997
kpp_phi,attn_nocond,1000,1000000,0.011806048864182073,3.762946643999894
kpp_phi,attn_nocond,1000,1000001,0.015312320552472865,3.762946643999894
kpp_phi,attn_nocond,1000,1000002,0.013476466399529693,3.762946643999894
kpp_phi,attn_nocond,1000,1000003,0.01245064429506081,3.762946643999894
kpp_phi,attn_nocond,1000,1000004,0.016201853690116414,3.762946643999894
kpp_phi,attn_nocond,1000,1000005,0.01160612001364621,3.762946643999894
kpp_phi,attn_nocond,1000,1000006,0.016529097378132847,3.762946643999894
kpp_phi,attn_nocond,1000,1000007,0.010785959616962423,3.762946643999894
kpp_phi,attn_nocond,1000,1000008,0.005913982097920864,3.762946643999894
kpp_phi,attn_nocond,1000,1000009,0.01323953181817701,3.762946643999894
kpp_phi,attn_nocond,1000,1000010,0.01136842105953521,3.762946643999894
kpp_phi,attn_nocond,1000,1000011,0.011747057240634901,3.762946643999894
kpp_phi,attn_nocond,1000,1000012,0.01740336047491154,3.762946643999894
kpp_phi,attn_nocond,1000,1000013,0.0085929659331567,3.762946643999894
kpp_phi,attn_nocond,1000,1000014,0.006745143438689574,3.762946643999894
kpp_phi,attn_nocond,1000,1000015,0.021942971743292742,3.762946643999894
kpp_phi,attn_nocond,1000,1000016,0.014658506259742023,3.762946643999894
kpp_phi,attn_nocond,1000,1000017,0.011419645008335923,3.762946643999894
kpp_phi,attn_nocond,1000,1000018,0.018818559247489607,3.762946643999894
kpp_phi,attn_nocond,1000,1000019,0.013962221004352883,3.762946643999894
kpp_phi,attn_nocond,1000,1000020,0.00915446257688764,3.762946643999894
kpp_phi,attn_nocond,1000,1000021,0.010580498471845745,3.762946643999894
kpp_phi,attn_nocond,1000,1000022,0.011068306078212532,3.762946643999894
kpp_phi,attn_nocond,1000,1000023,0.008606120371878839,3.762946643999894
kpp_phi,attn_nocond,1000,1000024,0.01824602007608323,3.762946643999894
kpp_phi,attn_nocond,1000,1000025,0.018572747856212823,3.762946643999894
kpp_phi,attn_nocond,1000,1000026,0.010233520385280533,3.762946643999894
kpp_phi,attn_nocond,1000,1000027,0.014190330490569879,3.762946643999894
kpp_phi,attn_nocond,1000,1000028,0.007736892144060098,3.762946643999894
kpp_phi,attn_nocond,1000,1000029,0.006569739217188496,3.762946643999894
kpp_phi,attn_nocond,1000,1000030,0.009325136891549304,3.762946643999894
kpp_phi,attn_nocond,1000,1000031,0.009426666603443453,3.762946643999894
kpp_phi,attn_nocond,1000,1000032,0.007951037316927702,3.762946643999894
kpp_phi,attn_nocond,1000,1000033,0.007003333176392625,3.762946643999894
kpp_phi,attn_nocond,1000,1000034,0.005035087869311625,3.762946643999894
kpp_phi,attn_nocond,1000,1000035,0.010259173728681643,3.762946643999894
kpp_phi,attn_nocond,1000,1000036,0.016246556470943804,3.762946643999894
kpp_phi,attn_nocond,1000,1000037,0.022182121372423334,3.762946643999894
kpp_phi,attn_nocond,1000,1000038,0.016099806585926007,3.762946643999894
kpp_phi,attn_nocond,1000,1000039,0.012628995325090276,3.762946643999894
kpp_phi,attn_nocond,1000,1000040,0.014602037558260858,3.762946643999894
kpp_phi,attn_nocond,1000,1000041,0.010707666561331694,3.762946643999894
kpp_phi,attn_nocond,1000,1000042,0.013049897013558236,3.762946643999894
kpp_phi,attn_nocond,1000,1000043,0.01303583124827602,3.762946643999894
kpp_phi,attn_nocond,1000,1000044,0.00942611150248742,3.762946643999894
kpp_phi,attn_nocond,1000,1000045,0.011654657604165758,3.762946643999894
kpp_phi,attn_nocond,1000,1000046,0.011736297228942497,3.762946643999894
kpp_phi,attn_nocond,1000,1000047,0.010248524058647335,3.762946643999894
kpp_phi,attn_nocond,1000,1000048,0.01682212020382325,3.762946643999894
kpp_phi,attn_nocond,1000,1000049,0.019551582604570777,3.762946643999894
tan_phi,deeponet_nocond,250,1000000,0.004393779252194955,0.8822331220001797
tan_phi,deeponet_nocond,250,1000001,0.015675279617006814,0.8822331220001797
tan_phi,deeponet_nocond,250,1000002,0.013231068014183157,0.8822331220001797
tan_phi,deeponet_nocond,250,1000003,0.008991440497609,0.8822331220001797
tan_phi,deeponet_nocond,250,1000004,0.009844131597700695,0.8822331220001797
tan_phi,deeponet_nocond,250,1000005,0.006367339597926943,0.8822331220001797
tan_phi,deeponet_nocond,250,1000006,0.021985392350510564,0.8822331220001797
tan_phi,deeponet_nocond,250,1000007,0.008719962931828527,0.8822331220001797
tan_phi,deeponet_nocond,250,1000008,0.0055291114296243315,0.8822331220001797
tan_phi,deeponet_nocond,250,1000009,0.0057354510285032405,0.8822331220001797
tan_phi,deeponet_nocond,250,1000010,0.004892812403887259,0.8822331220001797
tan_phi,deeponet_nocond,250,1000011,0.01673257174683221,0.8822331220001797
tan_phi,deeponet_nocond,250,1000012,0.009585740944942156,0.8822331220001797
tan_phi,deeponet_nocond,250,1000013,0.006380324146540009,0.8822331220001797
tan_phi,deeponet_nocond,250,1000014,0.006371393532165828,0.8822331220001797
tan_phi,deeponet_nocond,250,1000015,0.006304612510405129,0.8822331220001797
tan_phi,deeponet_nocond,250,1000016,0.008929002214203242,0.8822331220001797
tan_phi,deeponet_nocond,250,1000017,0.007167847400224793,0.8822331220001797
tan_phi,deeponet_nocond,250,1000018,0.005303631789830941,0.8822331220001797
tan_phi,deeponet_nocond,250,1000019,0.005635807220170639,0.8822331220001797
tan_phi,deeponet_nocond,250,1000020,0.01093609228576365,0.8822331220001797
tan_phi,deeponet_nocond,250,1000021,0.005008835911138062,0.8822331220001797
tan_phi,deeponet_nocond,250,1000022,0.010070020113857122,0.8822331220001797
tan_phi,deeponet_nocond,250,1000023,0.005468446764589242,0.8822331220001797
tan_phi,deeponet_nocond,250,1000024,0.004278768504641824,0.8822331220001797
tan_phi,deeponet_nocond,250,1000025,0.02118242587270431,0.8822331220001797
tan_phi,deeponet_nocond,250,1000026,0.005775269280927069,0.8822331220001797
tan_phi,deeponet_nocond,250,1000027,0.015039879884719075,0.8822331220001797
tan_phi,deeponet_nocond,250,1000028,0.010935898517231004,0.8822331220001797
tan_phi,deeponet_nocond,250,1000029,0.006419865238536021,0.8822331220001797
tan_phi,deeponet_nocond,250,1000030,0.004023242162064958,0.8822331220001797
tan_phi,deeponet_nocond,250,1000031,0.008129800943473727,0.8822331220001797
tan_phi,deeponet_nocond,250,1000032,0.008298535265575602,0.8822331220001797
tan_phi,deeponet_nocond,250,1000033,0.005100755195111642,0.8822331220001797
tan_phi,deeponet_nocond,250,1000034,0.010552121665522583,0.8822331220001797
tan_phi,deeponet_nocond,250,1000035,0.007338686935622366,0.8822331220001797
tan_phi,deeponet_nocond,250,1000036,0.00964751685432622,0.8822331220001797
tan_phi,deeponet_nocond,250,1000037,0.014384379827644539,0.8822331220001797
tan_phi,deeponet_nocond,250,1000038,0.01182124061246993,0.8822331220001797
tan_phi,deeponet_nocond,250,1000039,0.0058591896695147794,0.8822331220001797
tan_phi,deeponet_nocond,250,1000040,0.013821733104766908,0.8822331220001797
tan_phi,deeponet_nocond,250,1000041,0.009777375451524916,0.8822331220001797
tan_phi,deeponet_nocond,250,1000042,0.007621153522652745,0.8822331220001797
tan_phi,deeponet_nocond,250,1000043,0.009984488407858977,0.8822331220001797
tan_phi,deeponet_nocond,250,1000044,0.010524538479625386,0.8822331220001797
tan_phi,deeponet_nocond,250,1000045,0.009427837935248111,0.8822331220001797
tan_phi,deeponet_nocond,250,1000046,0.006972212428700912,0.8822331220001797
tan_phi,deeponet_nocond,250,1000047,0.010050736827902541,0.8822331220001797
tan_phi,deeponet_nocond,250,1000048,0.012412017205123969,0.8822331220001797
tan_phi,deeponet_nocond,250,1000049,0.024203225040315614,0.8822331220001797
tan_phi,fno_nocond,250,1000000,0.005171507649826177,1.7635740960002295
tan_phi,fno_nocond,250,1000001,0.007842149667394717,1.7635740960002295
tan_phi,fno_nocond,250,1000002,0.009833607757355938,1.7635740960002295
tan_phi,fno_nocond,250,1000003,0.0060921895798140635,1.7635740960002295
tan_phi,fno_nocond,250,1000004,0.0064309542469406155,1.7635740960002295
tan_phi,fno_nocond,250,1000005,0.004654100278219843,1.7635740960002295
tan_phi,fno_nocond,250,1000006,0.013607605348619689,1.7635740960002295
tan_phi,fno_nocond,250,1000007,0.007795134817497768,1.7635740960002295
tan_phi,fno_nocond,250,1000008,0.003538508852175337,1.7635740960002295
tan_phi,fno_nocond,250,1000009,0.006181285532003043,1.7635740960002295
tan_phi,fno_nocond,250,1000010,0.006208142418000644,1.7635740960002295
tan_phi,fno_nocond,250,1000011,0.0162619519164155,1.7635740960002295
tan_phi,fno_nocond,250,1000012,0.008623869172721682,1.7635740960002295
tan_phi,fno_nocond,250,1000013,0.0049459336634579635,1.7635740960002295
tan_phi,fno_nocond,250,1000014,0.00817884049323902,1.7635740960002295
tan_phi,fno_nocond,250,1000015,0.0035081817122535343,1.7635740960002295
tan_phi,fno_nocond,250,1000016,0.007652971376786833,1.7635740960002295
tan_phi,fno_nocond,250,1000017,0.0058800832756524535,1.7635740960002295
tan_phi,fno_nocond,250,1000018,0.004672546380248432,1.7635740960002295
tan_phi,fno_nocond,250,1000019,0.0075614750898816115,1.7635740960002295
tan_phi,fno_nocond,250,1000020,0.007889896908047703,1.7635740960002295
tan_phi,fno_nocond,250,1000021,0.011367522165637146,1.7635740960002295
tan_phi,fno_nocond,250,1000022,0.010741172442708441,1.7635740960002295
tan_phi,fno_nocond,250,1000023,0.006296248575711924,1.7635740960002295
tan_phi,fno_nocond,250,1000024,0.005937119155000984,1.7635740960002295
tan_phi,fno_nocond,250,1000025,0.01087675362869845,1.7635740960002295
tan_phi,fno_nocond,250,1000026,0.006249510242408211,1.7635740960002295
tan_phi,fno_nocond,250,1000027,0.009130413610788026,1.7635740960002295
tan_phi,fno_nocond,250,1000028,0.007682743782078844,1.7635740960002295
tan_phi,fno_nocond,250,1000029,0.004627962085173904,1.7635740960002295
tan_phi,fno_nocond,250,1000030,0.005633023369312005,1.7635740960002295
tan_phi,fno_nocond,250,1000031,0.007664001083210731,1.7635740960002295
tan_phi,fno_nocond,250,1000032,0.006594658580438187,1.7635740960002295
tan_phi,fno_nocond,250,1000033,0.004855968672989881,1.7635740960002295
tan_phi,fno_nocond,250,1000034,0.007519441595506196,1.7635740960002295
tan_phi,fno_nocond,250,1000035,0.004447451113768877,1.7635740960002295
tan_phi,fno_nocond,250,1000036,0.009211449449750454,1.7635740960002295
tan_phi,fno_nocond,250,1000037,0.008716922827240839,1.7635740960002295
tan_phi,fno_nocond,250,1000038,0.015133668393747583,1.7635740960002295
tan_phi,fno_nocond,250,1000039,0.007032110021851638,1.7635740960002295
tan_phi,fno_nocond,250,1000040,0.007670849788026768,1.7635740960002295
tan_phi,fno_nocond,250,1000041,0.005387207047221383,1.7635740960002295
tan_phi,fno_nocond,250,1000042,0.007466402125419651,1.7635740960002295
tan_phi,fno_nocond,250,1000043,0.007645544993788709,1.7635740960002295
tan_phi,fno_nocond,250,1000044,0.006002646289122877,1.7635740960002295
tan_phi,fno_nocond,250,1000045,0.007443735069232867,1.7635740960002295
tan_phi,fno_nocond,250,1000046,0.009580354836197631,1.7635740960002295
tan_phi,fno_nocond,250,1000047,0.00847858464206449,1.7635740960002295
tan_phi,fno_nocond,250,1000048,0.011030977937563594,1.7635740960002295
tan_phi,fno_nocond,250,1000049,0.02084004067640505,1.7635740960002295
tan_phi,attn_nocond,250,1000000,0.004647157081739598,3.780742735999811
tan_phi,attn_nocond,250,1000001,0.00379806173489312,3.780742735999811
tan_phi,attn_nocond,250,1000002,0.008268761168704819,3.780742735999811
tan_phi,attn_nocond,250,1000003,0.003803109917147411,3.780742735999811
tan_phi,attn_nocond,250,1000004,0.0030323530398156232,3.780742735999811
tan_phi,attn_nocond,250,1000005,0.003623701434440993,3.780742735999811
tan_phi,attn_nocond,250,1000006,0.006785852513692213,3.780742735999811
tan_phi,attn_nocond,250,1000007,0.004355978313677387,3.780742735999811
tan_phi,attn_nocond,250,1000008,0.0021831131208156214,3.780742735999811
tan_phi,attn_nocond,250,1000009,0.0025994948551082077,3.780742735999811
tan_phi,attn_nocond,250,1000010,0.003211997919363318,3.780742735999811
tan_phi,attn_nocond,250,1000011,0.007038628679866946,3.780742735999811
tan_phi,attn_nocond,250,1000012,0.005095449815841234,3.780742735999811
tan_phi,attn_nocond,250,1000013,0.0026867233018117416,3.780742735999811
tan_phi,attn_nocond,250,1000014,0.00446643942536353,3.780742735999811
tan_phi,attn_nocond,250,1000015,0.0027955171169170246,3.780742735999811
tan_phi,attn_nocond,250,1000016,0.004607140052362291,3.780742735999811
tan_phi,attn_nocond,250,1000017,0.00346355072998481,3.780742735999811
tan_phi,attn_nocond,250,1000018,0.0050750063601435295,3.780742735999811
tan_phi,attn_nocond,250,1000019,0.0035484177174521896,3.780742735999811
tan_phi,attn_nocond,250,1000020,0.0037442761486452553,3.780742735999811
tan_phi,attn_nocond,250,1000021,0.006598528053399048,3.780742735999811
tan_phi,attn_nocond,250,1000022,0.00852325603371017,3.780742735999811
tan_phi,attn_nocond,250,1000023,0.003175194820909536,3.780742735999811
tan_phi,attn_nocond,250,1000024,0.004878941674117083,3.780742735999811
tan_phi,attn_nocond,250,1000025,0.005563698295052806,3.780742735999811
tan_phi,attn_nocond,250,1000026,0.00474648673068884,3.780742735999811
tan_phi,attn_nocond,250,1000027,0.0036538805209775137,3.780742735999811
tan_phi,attn_nocond,250,1000028,0.0028049046220314107,3.780742735999811
tan_phi,attn_nocond,250,1000029,0.0027595301102948293,3.780742735999811
tan_phi,attn_nocond,250,1000030,0.004037094566485734,3.780742735999811
tan_phi,attn_nocond,250,1000031,0.004222401746735671,3.780742735999811
tan_phi,attn_nocond,250,1000032,0.005193478467816531,3.780742735999811
tan_phi,attn_nocond,250,1000033,0.004106769679572556,3.780742735999811
tan_phi,attn_nocond,250,1000034,0.004440862883117073,3.780742735999811
tan_phi,attn_nocond,250,1000035,0.0029619129251600624,3.780742735999811
tan_phi,attn_nocond,250,1000036,0.0035194931762761073,3.780742735999811
tan_phi,attn_nocond,250,1000037,0.004312807325127501,3.780742735999811
tan_phi,attn_nocond,250,1000038,0.0076352671791852615,3.780742735999811
tan_phi,attn_nocond,250,1000039,0.00431470649486597,3.780742735999811
tan_phi,attn_nocond,250,1000040,0.003345145029309637,3.780742735999811
tan_phi,attn_nocond,250,1000041,0.004134363695418021,3.780742735999811
tan_phi,attn_nocond,250,1000042,0.005813313093333075,3.780742735999811
tan_phi,attn_nocond,250,1000043,0.004265329766106265,3.780742735999811
tan_phi,attn_nocond,250,1000044,0.004551052124172106,3.780742735999811
tan_phi,attn_nocond,250,1000045,0.005303402563950949,3.780742735999811
tan_phi,attn_nocond,250,1000046,0.005056848762631552,3.780742735999811
tan_phi,attn_nocond,250,1000047,0.00525514158016187,3.780742735999811
tan_phi,attn_nocond,250,1000048,0.005466835525117125,3.780742735999811
tan_phi,attn_nocond,250,1000049,0.015041131831521804,3.780742735999811
tan_phi,deeponet_nocond,1000,1000000,0.002688267626127294,0.885952576000127
tan_phi,deeponet_nocond,1000,1000001,0.003895248872624358,0.885952576000127
tan_phi,deeponet_nocond,1000,1000002,0.005691028083949575,0.885952576000127
tan_phi,deeponet_nocond,1000,1000003,0.002242606404520384,0.885952576000127
tan_phi,deeponet_nocond,1000,1000004,0.0029630443449063077,0.885952576000127
tan_phi,deeponet_nocond,1000,1000005,0.003007384887780536,0.885952576000127
tan_phi,deeponet_nocond,1000,1000006,0.006916001991601235,0.885952576000127
tan_phi,deeponet_nocond,1000,1000007,0.0041469139437230965,0.885952576000127
tan_phi,deeponet_nocond,1000,1000008,0.002018097646893102,0.885952576000127
tan_phi,deeponet_nocond,1000,1000009,0.002626996931517796,0.885952576000127
tan_phi,deeponet_nocond,1000,1000010,0.0020669732639887048,0.885952576000127
tan_phi,deeponet_nocond,1000,1000011,0.0076767809302271724,0.885952576000127
tan_phi,deeponet_nocond,1000,1000012,0.0030577204704636944,0.885952576000127
tan_phi,deeponet_nocond,1000,1000013,0.002058511134169729,0.885952576000127
tan_phi,deeponet_nocond,1000,1000014,0.0026810517169939315,0.885952576000127
tan_phi,deeponet_nocond,1000,1000015,0.002572789989849009,0.885952576000127
tan_phi,deeponet_nocond,1000,1000016,0.003960863849252833,0.885952576000127
tan_phi,deeponet_nocond,1000,1000017,0.0033299416296537483,0.885952576000127
tan_phi,deeponet_nocond,1000,1000018,0.0028405871674533996,0.885952576000127
tan_phi,deeponet_nocond,1000,1000019,0.0025451675595810058,0.885952576000127
tan_phi,deeponet_nocond,1000,1000020,0.0026910271277401218,0.885952576000127
tan_phi,deeponet_nocond,1000,1000021,0.0033301530315294732,0.885952576000127
tan_phi,deeponet_nocond,1000,1000022,0.006151857704040171,0.885952576000127
tan_phi,deeponet_nocond,1000,1000023,0.0029648354417290495,0.885952576000127
tan_phi,deeponet_nocond,1000,1000024,0.0032100295569560157,0.885952576000127
tan_phi,deeponet_nocond,1000,1000025,0.005427309603187588,0.885952576000127
tan_phi,deeponet_nocond,1000,1000026,0.002906324862281204,0.885952576000127
tan_phi,deeponet_nocond,1000,1000027,0.004227231140996262,0.885952576000127
tan_phi,deeponet_nocond,1000,1000028,0.0031931241822733716,0.885952576000127
tan_phi,deeponet_nocond,1000,1000029,0.0030749773178667256,0.885952576000127
tan_phi,deeponet_nocond,1000,1000030,0.002263222587243644,0.885952576000127
tan_phi,deeponet_nocond,1000,1000031,0.0024274685245086296,0.885952576000127
tan_phi,deeponet_nocond,1000,1000032,0.0028572429687833013,0.885952576000127
tan_phi,deeponet_nocond,1000,1000033,0.0025885822877593037,0.885952576000127
tan_phi,deeponet_nocond,1000,1000034,0.0025963132359352,0.885952576000127
tan_phi,deeponet_nocond,1000,1000035,0.0023068150482955783,0.885952576000127
tan_phi,deeponet_nocond,1000,1000036,0.0030314294493881794,0.885952576000127
tan_phi,deeponet_nocond,1000,1000037,0.005448991794945861,0.885952576000127
tan_phi,deeponet_nocond,1000,1000038,0.007271984785783449,0.885952576000127
tan_phi,deeponet_nocond,1000,1000039,0.004486565805090608,0.885952576000127
tan_phi,deeponet_nocond,1000,1000040,0.00533116229700977,0.885952576000127
tan_phi,deeponet_nocond,1000,1000041,0.0038864526763094853,0.885952576000127
tan_phi,deeponet_nocond,1000,1000042,0.0032663831047735933,0.885952576000127
tan_phi,deeponet_nocond,1000,1000043,0.003811952700380828,0.885952576000127
tan_phi,deeponet_nocond,1000,1000044,0.0044629026861158026,0.885952576000127
tan_phi,deeponet_nocond,1000,1000045,0.003216311567868538,0.885952576000127
tan_phi,deeponet_nocond,1000,1000046,0.004519508452011618,0.885952576000127
tan_phi,deeponet_nocond,1000,1000047,0.005738592012500515,0.885952576000127
tan_phi,deeponet_nocond,1000,1000048,0.00723167951620482,0.885952576000127
tan_phi,deeponet_nocond,1000,1000049,0.014737774299412686,0.885952576000127
tan_phi,fno_nocond,1000,1000000,0.0024413646089556317,1.7738635839999188
tan_phi,fno_nocond,1000,1000001,0.004202231372784204,1.7738635839999188
tan_phi,fno_nocond,1000,1000002,0.005046905943407477,1.7738635839999188
tan_phi,fno_nocond,1000,1000003,0.0022731592288503678,1.7738635839999188
tan_phi,fno_nocond,1000,1000004,0.003255538077898,1.7738635839999188
tan_phi,fno_nocond,1000,1000005,0.002663171493254426,1.7738635839999188
tan_phi,fno_nocond,1000,1000006,0.008439909197697633,1.7738635839999188
tan_phi,fno_nocond,1000,1000007,0.003612590985533203,1.7738635839999188
tan_phi,fno_nocond,1000,1000008,0.0018459112162969422,1.7738635839999188
tan_phi,fno_nocond,1000,1000009,0.0027297404326513163,1.7738635839999188
tan_phi,fno_nocond,1000,1000010,0.002561926494981743,1.7738635839999188
tan_phi,fno_nocond,1000,1000011,0.006847527489753846,1.7738635839999188
tan_phi,fno_nocond,1000,1000012,0.00422437572759271,1.7738635839999188
tan_phi,fno_nocond,1000,1000013,0.002603984750642457,1.7738635839999188
tan_phi,fno_nocond,1000,1000014,0.0030675520061386905,1.7738635839999188
tan_phi,fno_nocond,1000,1000015,0.002410815411825082,1.7738635839999188
tan_phi,fno_nocond,1000,1000016,0.003993926299367026,1.7738635839999188
tan_phi,fno_nocond,1000,1000017,0.0025932837917446074,1.7738635839999188
tan_phi,fno_nocond,1000,1000018,0.002469703388306981,1.7738635839999188
tan_phi,fno_nocond,1000,1000019,0.0026952506656746714,1.7738635839999188
tan_phi,fno_nocond,1000,1000020,0.0035928277746923015,1.7738635839999188
tan_phi,fno_nocond,1000,1000021,0.004093702804120131,1.7738635839999188
tan_phi,fno_nocond,1000,1000022,0.005462867007584424,1.7738635839999188
tan_phi,fno_nocond,1000,1000023,0.0024358086984451947,1.7738635839999188
tan_phi,fno_nocond,1000,1000024,0.0030543126978720223,1.7738635839999188
tan_phi,fno_nocond,1000,1000025,0.006030330108071147,1.7738635839999188
tan_phi,fno_nocond,1000,1000026,0.003382050201319753,1.7738635839999188
tan_phi,fno_nocond,1000,1000027,0.003964698040625571,1.7738635839999188
tan_phi,fno_nocond,1000,1000028,0.0030793911405786515,1.7738635839999188
tan_phi,fno_nocond,1000,1000029,0.0023256171425945385,1.7738635839999188
tan_phi,fno_nocond,1000,1000030,0.002880651721421729,1.7738635839999188
tan_phi,fno_nocond,1000,1000031,0.0036972067097963703,1.7738635839999188
tan_phi,fno_nocond,1000,1000032,0.0031273637632898846,1.7738635839999188
tan_phi,fno_nocond,1000,1000033,0.0018438961053968501,1.7738635839999188
tan_phi,fno_nocond,1000,1000034,0.002650750126090346,1.7738635839999188
tan_phi,fno_nocond,1000,1000035,0.0021651796773717053,1.7738635839999188
tan_phi,fno_nocond,1000,1000036,0.0036787684324255617,1.7738635839999188
tan_phi,fno_nocond,1000,1000037,0.004372734209765021,1.7738635839999188
tan_phi,fno_nocond,1000,1000038,0.008104855416131079,1.7738635839999188
tan_phi,fno_nocond,1000,1000039,0.003943312889753733,1.7738635839999188
tan_phi,fno_nocond,1000,1000040,0.0030984602908389215,1.7738635839999188
tan_phi,fno_nocond,1000,1000041,0.002537296464523705,1.7738635839999188
tan_phi,fno_nocond,1000,1000042,0.0027358568933050264,1.7738635839999188
tan_phi,fno_nocond,1000,1000043,0.003126673871961937,1.7738635839999188
tan_phi,fno_nocond,1000,1000044,0.003543696812399635,1.7738635839999188
tan_phi,fno_nocond,1000,1000045,0.00273871235474227,1.7738635839999188
tan_phi,fno_nocond,1000,1000046,0.004066045151769731,1.7738635839999188
tan_phi,fno_nocond,1000,1000047,0.006168799812975196,1.7738635839999188
tan_phi,fno_nocond,1000,1000048,0.006196740346610775,1.7738635839999188
tan_phi,fno_nocond,1000,1000049,0.010628317690757347,1.7738635839999188
tan_phi,attn_nocond,1000,1000000,0.001955473630431685,3.7661113140001543
tan_phi,attn_nocond,1000,1000001,0.0033150340744602064,3.7661113140001543
tan_phi,attn_nocond,1000,1000002,0.0038919330932107145,3.7661113140001543
tan_phi,attn_nocond,1000,1000003,0.0019310508526586532,3.7661113140001543
tan_phi,attn_nocond,1000,1000004,0.0025471917422602804,3.7661113140001543
tan_phi,attn_nocond,1000,1000005,0.002172936186689224,3.7661113140001543
tan_phi,attn_nocond,1000,1000006,0.004493930837450265,3.7661113140001543
tan_phi,attn_nocond,1000,1000007,0.0028526010534660902,3.7661113140001543
tan_phi,attn_nocond,1000,1000008,0.0020511988961034277,3.7661113140001543
tan_phi,attn_nocond,1000,1000009,0.0020190051646447028,3.7661113140001543
tan_phi,attn_nocond,1000,1000010,0.0022159753710993962,3.7661113140001543
tan_phi,attn_nocond,1000,1000011,0.005471868028048918,3.7661113140001543
tan_phi,attn_nocond,1000,1000012,0.0029348411279578926,3.7661113140001543
tan_phi,attn_nocond,1000,1000013,0.002238330325207668,3.7661113140001543
tan_phi,attn_nocond,1000,1000014,0.002665589171462533,3.7661113140001543
tan_phi,attn_nocond,1000,1000015,0.002130064628332646,3.7661113140001543
tan_phi,attn_nocond,1000,1000016,0.0024459052200920214,3.7661113140001543
tan_phi,attn_nocond,1000,1000017,0.0024787008304140608,3.7661113140001543
tan_phi,attn_nocond,1000,1000018,0.0035832430220940517,3.7661113140001543
tan_phi,attn_nocond,1000,1000019,0.00196737090412013,3.7661113140001543
tan_phi,attn_nocond,1000,1000020,0.0024202288368814764,3.7661113140001543
tan_phi,attn_nocond,1000,1000021,0.0035090614832304235,3.7661113140001543
tan_phi,attn_nocond,1000,1000022,0.004638290654648536,3.7661113140001543
tan_phi,attn_nocond,1000,1000023,0.0023604774971561194,3.7661113140001543
tan_phi,attn_nocond,1000,1000024,0.00254586049266408,3.7661113140001543
tan_phi,attn_nocond,1000,1000025,0.003445085308120837,3.7661113140001543
tan_phi,attn_nocond,1000,1000026,0.0028523766681451813,3.7661113140001543
tan_phi,attn_nocond,1000,1000027,0.00225826158820306,3.7661113140001543
tan_phi,attn_nocond,1000,1000028,0.0027133390255488624,3.7661113140001543
tan_phi,attn_nocond,1000,1000029,0.0022912351200963126,3.7661113140001543
tan_phi,attn_nocond,1000,1000030,0.002637058899779566,3.7661113140001543
tan_phi,attn_nocond,1000,1000031,0.0027921299219501984,3.7661113140001543
tan_phi,attn_nocond,1000,1000032,0.0023448737169759876,3.7661113140001543
tan_phi,attn_nocond,1000,1000033,0.002152117934275835,3.7661113140001543
tan_phi,attn_nocond,1000,1000034,0.0023126300215122767,3.7661113140001543
tan_phi,attn_nocond,1000,1000035,0.002154498677668697,3.7661113140001543
tan_phi,attn_nocond,1000,1000036,0.002375665303985223,3.7661113140001543
tan_phi,attn_nocond,1000,1000037,0.00305514673874709,3.7661113140001543
tan_phi,attn_nocond,1000,1000038,0.0037306182983124422,3.7661113140001543
tan_phi,attn_nocond,1000,1000039,0.0035586305617452824,3.7661113140001543
tan_phi,attn_nocond,1000,1000040,0.0027805374437871455,3.7661113140001543
tan_phi,attn_nocond,1000,1000041,0.002524347536711516,3.7661113140001543
tan_phi,attn_nocond,1000,1000042,0.0027738238180009763,3.7661113140001543
tan_phi,attn_nocond,1000,1000043,0.00329218980107554,3.7661113140001543
tan_phi,attn_nocond,1000,1000044,0.0027714802776105515,3.7661113140001543
tan_phi,attn_nocond,1000,1000045,0.0026037827978494022,3.7661113140001543
tan_phi,attn_nocond,1000,1000046,0.0027179804685404747,3.7661113140001543
tan_phi,attn_nocond,1000,1000047,0.0036565199261971216,3.7661113140001543
tan_phi,attn_nocond,1000,1000048,0.00429533649830508,3.7661113140001543
tan_phi,attn_nocond,1000,1000049,0.00657859615423768,3.7661113140001543
cosine_phi,deeponet_nocond,250,1000000,0.03979399214479182,0.8764854939997895
cosine_phi,deeponet_nocond,250,1000001,0.040998354019951735,0.8764854939997895
cosine_phi,deeponet_nocond,250,1000002,0.07110262401819947,0.8764854939997895
cosine_phi,deeponet_nocond,250,1000003,0.04388688951460535,0.8764854939997895
cosine_phi,deeponet_nocond,250,1000004,0.04166061603126187,0.8764854939997895
cosine_phi,deeponet_nocond,250,1000005,0.04040799027052614,0.8764854939997895
cosine_phi,deeponet_nocond,250,1000006,0.03741144102472857,0.8764854939997895
cosine_phi,deeponet_nocond,250,1000007,0.051347930861228325,0.8764854939997895
cosine_phi,deeponet_nocond,250,1000008,0.029055744683324343,0.8764854939997895
cosine_phi,deeponet_nocond,250,1000009,0.01793820079716227,0.8764854939997895
cosine_phi,deeponet_nocond,250,1000010,0.03181979642776349,0.8764854939997895
cosine_phi,deeponet_nocond,250,1000011,0.06029553073366419,0.8764854939997895
cosine_phi,deeponet_nocond,250,1000012,0.046822128830784016,0.8764854939997895
cosine_phi,deeponet_nocond,250,1000013,0.02660317494704769,0.8764854939997895
cosine_phi,deeponet_nocond,250,1000014,0.040804367403513,0.8764854939997895
cosine_phi,deeponet_nocond,250,1000015,0.019317222744798745,0.8764854939997895
cosine_phi,deeponet_nocond,250,1000016,0.06390536602092976,0.8764854939997895
cosine_phi,deeponet_nocond,250,1000017,0.026131741571890722,0.8764854939997895
cosine_phi,deeponet_nocond,250,1000018,0.021680628743518292,0.8764854939997895
cosine_phi,deeponet_nocond,250,1000019,0.03386248117471666,0.8764854939997895
cosine_phi,deeponet_nocond,250,1000020,0.03510190514772688,0.8764854939997895
cosine_phi,deeponet_nocond,250,1000021,0.032106310736976215,0.8764854939997895
cosine_phi,deeponet_nocond,250,1000022,0.059751308579058665,0.8764854939997895
cosine_phi,deeponet_nocond,250,1000023,0.02772613578970218,0.8764854939997895
cosine_phi,deeponet_nocond,250,1000024,0.025471501674043256,0.8764854939997895
cosine_phi,deeponet_nocond,250,1000025,0.0525737847312876,0.8764854939997895
cosine_phi,deeponet_nocond,250,1000026,0.0319552897327087,0.8764854939997895
cosine_phi,deeponet_nocond,250,1000027,0.03035151931156226,0.8764854939997895
cosine_phi,deeponet_nocond,250,1000028,0.02945304689750829,0.8764854939997895
cosine_phi,deeponet_nocond,250,1000029,0.025158101706522204,0.8764854939997895
cosine_phi,deeponet_nocond,250,1000030,0.03428146117764337,0.8764854939997895
cosine_phi,deeponet_nocond,250,1000031,0.025291884930434706,0.8764854939997895
cosine_phi,deeponet_nocond,250,1000032,0.037898320838036015,0.8764854939997895
cosine_phi,deeponet_nocond,250,1000033,0.02742772401580892,0.8764854939997895
cosine_phi,deeponet_nocond,250,1000034,0.019671750775722602,0.8764854939997895
cosine_phi,deeponet_nocond,250,1000035,0.026637742355792273,0.8764854939997895
cosine_phi,deeponet_nocond,250,1000036,0.032588229675295,0.8764854939997895
cosine_phi,deeponet_nocond,250,1000037,0.060927773970367034,0.8764854939997895
cosine_phi,deeponet_nocond,250,1000038,0.06522053775614181,0.8764854939997895
cosine_phi,deeponet_nocond,250,1000039,0.03721510244762005,0.8764854939997895
cosine_phi,deeponet_nocond,250,1000040,0.02688664597698086,0.8764854939997895
cosine_phi,deeponet_nocond,250,1000041,0.041617308174959164,0.8764854939997895
cosine_phi,deeponet_nocond,250,1000042,0.03013292614860439,0.8764854939997895
cosine_phi,deeponet_nocond,250,1000043,0.05223158104800172,0.8764854939997895
cosine_phi,deeponet_nocond,250,1000044,0.02619114313583866,0.8764854939997895
cosine_phi,deeponet_nocond,250,1000045,0.05964825788258112,0.8764854939997895
cosine_phi,deeponet_nocond,250,1000046,0.05047269517543532,0.8764854939997895
cosine_phi,deeponet_nocond,250,1000047,0.054891298312299754,0.8764854939997895
cosine_phi,deeponet_nocond,250,1000048,0.05760585732370308,0.8764854939997895
cosine_phi,deeponet_nocond,250,1000049,0.08159253168869582,0.8764854939997895
cosine_phi,fno_nocond,250,1000000,0.08220169316568413,1.7712655119999545
cosine_phi,fno_nocond,250,1000001,0.0720382825933975,1.7712655119999545
cosine_phi,fno_nocond,250,1000002,0.10262524809214406,1.7712655119999545
cosine_phi,fno_nocond,250,1000003,0.07179835352245073,1.7712655119999545
cosine_phi,fno_nocond,250,1000004,0.07827218263573017,1.7712655119999545
cosine_phi,fno_nocond,250,1000005,0.07674302240367904,1.7712655119999545
cosine_phi,fno_nocond,250,1000006,0.09419452238308806,1.7712655119999545
cosine_phi,fno_nocond,250,1000007,0.08377541664391389,1.7712655119999545
cosine_phi,fno_nocond,250,1000008,0.06182652350021299,1.7712655119999545
cosine_phi,fno_nocond,250,1000009,0.0721488921448368,1.7712655119999545
cosine_phi,fno_nocond,250,1000010,0.062235292486405434,1.7712655119999545
cosine_phi,fno_nocond,250,1000011,0.137282468919859,1.7712655119999545
cosine_phi,fno_nocond,250,1000012,0.0992587681313443,1.7712655119999545
cosine_phi,fno_nocond,250,1000013,0.06364816270866734,1.7712655119999545
cosine_phi,fno_nocond,250,1000014,0.08235708662166892,1.7712655119999545
cosine_phi,fno_nocond,250,1000015,0.05603365753315741,1.7712655119999545
cosine_phi,fno_nocond,250,1000016,0.07914785574308056,1.7712655119999545
cosine_phi,fno_nocond,250,1000017,0.05535892872450041,1.7712655119999545
cosine_phi,fno_nocond,250,1000018,0.06666790181816938,1.7712655119999545
cosine_phi,fno_nocond,250,1000019,0.08355418905677281,1.7712655119999545
cosine_phi,fno_nocond,250,1000020,0.0750022701317992,1.7712655119999545
cosine_phi,fno_nocond,250,1000021,0.09027697127592454,1.7712655119999545
cosine_phi,fno_nocond,250,1000022,0.12065564728598215,1.7712655119999545
cosine_phi,fno_nocond,250,1000023,0.04973330821271557,1.7712655119999545
cosine_phi,fno_nocond,250,1000024,0.07809739093765064,1.7712655119999545
cosine_phi,fno_nocond,250,1000025,0.10459496190373059,1.7712655119999545
cosine_phi,fno_nocond,250,1000026,0.07949059908530125,1.7712655119999545
cosine_phi,fno_nocond,250,1000027,0.07087420244130267,1.7712655119999545
cosine_phi,fno_nocond,250,1000028,0.06358706849444412,1.7712655119999545
cosine_phi,fno_nocond,250,1000029,0.08285585326176918,1.7712655119999545
cosine_phi,fno_nocond,250,1000030,0.08722649091762587,1.7712655119999545
cosine_phi,fno_nocond,250,1000031,0.07607319883581826,1.7712655119999545
cosine_phi,fno_nocond,250,1000032,0.09374194298888497,1.7712655119999545
cosine_phi,fno_nocond,250,1000033,0.0683162784045519,1.7712655119999545
cosine_phi,fno_nocond,250,1000034,0.08521371209565687,1.7712655119999545
cosine_phi,fno_nocond,250,1000035,0.06953258890740414,1.7712655119999545
cosine_phi,fno_nocond,250,1000036,0.07491468685431567,1.7712655119999545
cosine_phi,fno_nocond,250,1000037,0.09178304193196264,1.7712655119999545
cosine_phi,fno_nocond,250,1000038,0.09402659891948591,1.7712655119999545
cosine_phi,fno_nocond,250,1000039,0.0669425971121959,1.7712655119999545
cosine_phi,fno_nocond,250,1000040,0.09191225549612028,1.7712655119999545
cosine_phi,fno_nocond,250,1000041,0.06701841659623706,1.7712655119999545
cosine_phi,fno_nocond,250,1000042,0.08134361649673928,1.7712655119999545
cosine_phi,fno_nocond,250,1000043,0.10539320132729135,1.7712655119999545
cosine_phi,fno_nocond,250,1000044,0.06264976776942945,1.7712655119999545
cosine_phi,fno_nocond,250,1000045,0.09905107722765262,1.7712655119999545
cosine_phi,fno_nocond,250,1000046,0.13059097606222814,1.7712655119999545
cosine_phi,fno_nocond,250,1000047,0.11718673766539556,1.7712655119999545
cosine_phi,fno_nocond,250,1000048,0.09230079482099982,1.7712655119999545
cosine_phi,fno_nocond,250,1000049,0.18151682143691358,1.7712655119999545
cosine_phi,attn_nocond,250,1000000,0.03916646758931411,3.7629927319998386
cosine_phi,attn_nocond,250,1000001,0.040078335971240976,3.7629927319998386
cosine_phi,attn_nocond,250,1000002,0.0698799895030756,3.7629927319998386
cosine_phi,attn_nocond,250,1000003,0.037444807433951774,3.7629927319998386
cosine_phi,attn_nocond,250,1000004,0.03569339830041931,3.7629927319998386
cosine_phi,attn_nocond,250,1000005,0.03586222890815686,3.7629927319998386
cosine_phi,attn_nocond,250,1000006,0.05368266394037178,3.7629927319998386
cosine_phi,attn_nocond,250,1000007,0.05509899239865285,3.7629927319998386
cosine_phi,attn_nocond,250,1000008,0.026796139213103764,3.7629927319998386
cosine_phi,attn_nocond,250,1000009,0.03384864734564756,3.7629927319998386
cosine_phi,attn_nocond,250,1000010,0.034674982041910704,3.7629927319998386
cosine_phi,attn_nocond,250,1000011,0.07148259839813079,3.7629927319998386
cosine_phi,attn_nocond,250,1000012,0.04836611770213204,3.7629927319998386
cosine_phi,attn_nocond,250,1000013,0.026912132689827537,3.7629927319998386
cosine_phi,attn_nocond,250,1000014,0.031944556723730075,3.7629927319998386
cosine_phi,attn_nocond,250,1000015,0.024651916542860152,3.7629927319998386
cosine_phi,attn_nocond,250,1000016,0.03140668016691281,3.7629927319998386
cosine_phi,attn_nocond,250,1000017,0.032786173916733816,3.7629927319998386
cosine_phi,attn_nocond,250,1000018,0.043447618650277506,3.7629927319998386
cosine_phi,attn_nocond,250,1000019,0.03756758532567328,3.7629927319998386
cosine_phi,attn_nocond,250,1000020,0.032012300698079046,3.7629927319998386
cosine_phi,attn_nocond,250,1000021,0.04386995710512217,3.7629927319998386
cosine_phi,attn_nocond,250,1000022,0.056847969894158114,3.7629927319998386
cosine_phi,attn_nocond,250,1000023,0.02830865524587701,3.7629927319998386
cosine_phi,attn_nocond,250,1000024,0.027959396320047986,3.7629927319998386
cosine_phi,attn_nocond,250,1000025,0.04105037367829667,3.7629927319998386
cosine_phi,attn_nocond,250,1000026,0.035402435478083465,3.7629927319998386
cosine_phi,attn_nocond,250,1000027,0.03297576603906947,3.7629927319998386
cosine_phi,attn_nocond,250,1000028,0.03036583558142476,3.7629927319998386
cosine_phi,attn_nocond,250,1000029,0.02463624534816574,3.7629927319998386
cosine_phi,attn_nocond,250,1000030,0.03176332649138073,3.7629927319998386
cosine_phi,attn_nocond,250,1000031,0.02894534058925713,3.7629927319998386
cosine_phi,attn_nocond,250,1000032,0.032076894802048075,3.7629927319998386
cosine_phi,attn_nocond,250,1000033,0.033457255689430476,3.7629927319998386
cosine_phi,attn_nocond,250,1000034,0.03273550942834038,3.7629927319998386
cosine_phi,attn_nocond,250,1000035,0.02637244514085549,3.7629927319998386
cosine_phi,attn_nocond,250,1000036,0.04395625388174744,3.7629927319998386
cosine_phi,attn_nocond,250,1000037,0.04126191766578053,3.7629927319998386
cosine_phi,attn_nocond,250,1000038,0.05679888949102903,3.7629927319998386
cosine_phi,attn_nocond,250,1000039,0.038314971842257885,3.7629927319998386
cosine_phi,attn_nocond,250,1000040,0.03866423640294668,3.7629927319998386
cosine_phi,attn_nocond,250,1000041,0.04104588013565503,3.7629927319998386
cosine_phi,attn_nocond,250,1000042,0.04085599989909596,3.7629927319998386
cosine_phi,attn_nocond,250,1000043,0.051216787264022776,3.7629927319998386
cosine_phi,attn_nocond,250,1000044,0.03584518861840854,3.7629927319998386
cosine_phi,attn_nocond,250,1000045,0.048483593934785886,3.7629927319998386
cosine_phi,attn_nocond,250,1000046,0.05641866290135694,3.7629927319998386
cosine_phi,attn_nocond,250,1000047,0.05311541604290926,3.7629927319998386
cosine_phi,attn_nocond,250,1000048,0.055589066900087504,3.7629927319998386
cosine_phi,attn_nocond,250,1000049,0.08694874418447882,3.7629927319998386
cosine_phi,deeponet_nocond,1000,1000000,0.019129736916747988,0.8898551100000622
cosine_phi,deeponet_nocond,1000,1000001,0.029189416454051983,0.8898551100000622
cosine_phi,deeponet_nocond,1000,1000002,0.04424868698066731,0.8898551100000622
cosine_phi,deeponet_nocond,1000,1000003,0.018066391957856778,0.8898551100000622
cosine_phi,deeponet_nocond,1000,1000004,0.026721434460501306,0.8898551100000622
cosine_phi,deeponet_nocond,1000,1000005,0.018723182424591058,0.8898551100000622
cosine_phi,deeponet_nocond,1000,1000006,0.039259267716338093,0.8898551100000622
cosine_phi,deeponet_nocond,1000,1000007,0.025420405873519826,0.8898551100000622
cosine_phi,deeponet_nocond,1000,1000008,0.014467859476390305,0.8898551100000622
cosine_phi,deeponet_nocond,1000,1000009,0.016864898247922325,0.8898551100000622
cosine_phi,deeponet_nocond,1000,1000010,0.02123644038303583,0.8898551100000622
cosine_phi,deeponet_nocond,1000,1000011,0.042673211403978464,0.8898551100000622
cosine_phi,deeponet_nocond,1000,1000012,0.025016219680896228,0.8898551100000622
cosine_phi,deeponet_nocond,1000,1000013,0.018370333665219136,0.8898551100000622
cosine_phi,deeponet_nocond,1000,1000014,0.01772024164863123,0.8898551100000622
cosine_phi,deeponet_nocond,1000,1000015,0.016334363640783438,0.8898551100000622
cosine_phi,deeponet_nocond,1000,1000016,0.025193058970521827,0.8898551100000622
cosine_phi,deeponet_nocond,1000,1000017,0.01945729606132055,0.8898551100000622
cosine_phi,deeponet_nocond,1000,1000018,0.018629418005796067,0.8898551100000622
cosine_phi,deeponet_nocond,1000,1000019,0.01817400682318417,0.8898551100000622
cosine_phi,deeponet_nocond,1000,1000020,0.02123893749546105,0.8898551100000622
cosine_phi,deeponet_nocond,1000,1000021,0.02986649845597821,0.8898551100000622
cosine_phi,deeponet_nocond,1000,1000022,0.03899398512465353,0.8898551100000622
cosine_phi,deeponet_nocond,1000,1000023,0.014339607904993498,0.8898551100000622
cosine_phi,deeponet_nocond,1000,1000024,0.019800541107499375,0.8898551100000622
cosine_phi,deeponet_nocond,1000,1000025,0.03674951478182414,0.8898551100000622
cosine_phi,deeponet_nocond,1000,1000026,0.023049231900184194,0.8898551100000622
cosine_phi,deeponet_nocond,1000,1000027,0.024269844260694666,0.8898551100000622
cosine_phi,deeponet_nocond,1000,1000028,0.02296387094431893,0.8898551100000622
cosine_phi,deeponet_nocond,1000,1000029,0.012846283348050517,0.8898551100000622
cosine_phi,deeponet_nocond,1000,1000030,0.028109509371099548,0.8898551100000622
cosine_phi,deeponet_nocond,1000,1000031,0.017196130928329226,0.8898551100000622
cosine_phi,deeponet_nocond,1000,1000032,0.02210012205006998,0.8898551100000622
cosine_phi,deeponet_nocond,1000,1000033,0.016151783710649,0.8898551100000622
cosine_phi,deeponet_nocond,1000,1000034,0.01467600435966372,0.8898551100000622
cosine_phi,deeponet_nocond,1000,1000035,0.016407525796641394,0.8898551100000622
cosine_phi,deeponet_nocond,1000,1000036,0.018710120261960127,0.8898551100000622
cosine_phi,deeponet_nocond,1000,1000037,0.03243296543350644,0.8898551100000622
cosine_phi,deeponet_nocond,1000,1000038,0.04210628412404675,0.8898551100000622
cosine_phi,deeponet_nocond,1000,1000039,0.02930977937341518,0.8898551100000622
cosine_phi,deeponet_nocond,1000,1000040,0.020196748076514864,0.8898551100000622
cosine_phi,deeponet_nocond,1000,1000041,0.018894053933362145,0.8898551100000622
cosine_phi,deeponet_nocond,1000,1000042,0.016048134541277275,0.8898551100000622
cosine_phi,deeponet_nocond,1000,1000043,0.028962900186033726,0.8898551100000622
cosine_phi,deeponet_nocond,1000,1000044,0.01980267785215494,0.8898551100000622
cosine_phi,deeponet_nocond,1000,1000045,0.024123751717041824,0.8898551100000622
cosine_phi,deeponet_nocond,1000,1000046,0.023512667565900584,0.8898551100000622
cosine_phi,deeponet_nocond,1000,1000047,0.027927819528083767,0.8898551100000622
cosine_phi,deeponet_nocond,1000,1000048,0.02986938390078402,0.8898551100000622
cosine_phi,deeponet_nocond,1000,1000049,0.059568733748260355,0.8898551100000622
cosine_phi,fno_nocond,1000,1000000,0.03749663217128749,1.7745490280000376
cosine_phi,fno_nocond,1000,1000001,0.05686094614790111,1.7745490280000376
cosine_phi,fno_nocond,1000,1000002,0.0727123722248842,1.7745490280000376
cosine_phi,fno_nocond,1000,1000003,0.02048908044782348,1.7745490280000376
cosine_phi,fno_nocond,1000,1000004,0.0370365195468998,1.7745490280000376
cosine_phi,fno_nocond,1000,1000005,0.02481030094002353,1.7745490280000376
cosine_phi,fno_nocond,1000,1000006,0.06339927927931997,1.7745490280000376
cosine_phi,fno_nocond,1000,1000007,0.049426971377977746,1.7745490280000376
cosine_phi,fno_nocond,1000,1000008,0.018596876480710622,1.7745490280000376
cosine_phi,fno_nocond,1000,1000009,0.029597240484974474,1.7745490280000376
cosine_phi,fno_nocond,1000,1000010,0.034295397057063824,1.7745490280000376
cosine_phi,fno_nocond,1000,1000011,0.07892573390629443,1.7745490280000376
cosine_phi,fno_nocond,1000,1000012,0.041213794231985464,1.7745490280000376
cosine_phi,fno_nocond,1000,1000013,0.03542199033577144,1.7745490280000376
cosine_phi,fno_nocond,1000,1000014,0.028118861582542926,1.7745490280000376
cosine_phi,fno_nocond,1000,1000015,0.031368866409127394,1.7745490280000376
cosine_phi,fno_nocond,1000,1000016,0.0320100277872197,1.7745490280000376
cosine_phi,fno_nocond,1000,1000017,0.027532520848708678,1.7745490280000376
cosine_phi,fno_nocond,1000,1000018,0.029839944180603678,1.7745490280000376
cosine_phi,fno_nocond,1000,1000019,0.04003043436524529,1.7745490280000376
cosine_phi,fno_nocond,1000,1000020,0.025059883625454894,1.7745490280000376
cosine_phi,fno_nocond,1000,1000021,0.05799055530338591,1.7745490280000376
cosine_phi,fno_nocond,1000,1000022,0.08806765287479676,1.7745490280000376
cosine_phi,fno_nocond,1000,1000023,0.025648328888806075,1.7745490280000376
cosine_phi,fno_nocond,1000,1000024,0.03237625997781188,1.7745490280000376
cosine_phi,fno_nocond,1000,1000025,0.05355203381944977,1.7745490280000376
cosine_phi,fno_nocond,1000,1000026,0.03244404021128182,1.7745490280000376
cosine_phi,fno_nocond,1000,1000027,0.02929051256999371,1.7745490280000376
cosine_phi,fno_nocond,1000,1000028,0.028613556454859766,1.7745490280000376
cosine_phi,fno_nocond,1000,1000029,0.022358488185452777,1.7745490280000376
cosine_phi,fno_nocond,1000,1000030,0.045961143126647244,1.7745490280000376
cosine_phi,fno_nocond,1000,1000031,0.034780311970667624,1.7745490280000376
cosine_phi,fno_nocond,1000,1000032,0.037387444868597325,1.7745490280000376
cosine_phi,fno_nocond,1000,1000033,0.025528484731012043,1.7745490280000376
cosine_phi,fno_nocond,1000,1000034,0.023198488434428448,1.7745490280000376
cosine_phi,fno_nocond,1000,1000035,0.021606912002645997,1.7745490280000376
cosine_phi,fno_nocond,1000,1000036,0.03123075654758471,1.7745490280000376
cosine_phi,fno_nocond,1000,1000037,0.052264789214965204,1.7745490280000376
cosine_phi,fno_nocond,1000,1000038,0.07362004284502127,1.7745490280000376
cosine_phi,fno_nocond,1000,1000039,0.05354468445818385,1.7745490280000376
cosine_phi,fno_nocond,1000,1000040,0.0346091707543807,1.7745490280000376
cosine_phi,fno_nocond,1000,1000041,0.024791202368606574,1.7745490280000376
cosine_phi,fno_nocond,1000,1000042,0.039261880757149724,1.7745490280000376
cosine_phi,fno_nocond,1000,1000043,0.0486216616408326,1.7745490280000376
cosine_phi,fno_nocond,1000,1000044,0.02639695766310025,1.7745490280000376
cosine_phi,fno_nocond,1000,1000045,0.0421150472031924,1.7745490280000376
cosine_phi,fno_nocond,1000,1000046,0.05824511286588072,1.7745490280000376
cosine_phi,fno_nocond,1000,1000047,0.045800305917853085,1.7745490280000376
cosine_phi,fno_nocond,1000,1000048,0.06709475852699044,1.7745490280000376
cosine_phi,fno_nocond,1000,1000049,0.14827160454527563,1.7745490280000376
cosine_phi,attn_nocond,1000,1000000,0.018747855332955504,3.7514366860000883
cosine_phi,attn_nocond,1000,1000001,0.0241759998189296,3.7514366860000883
cosine_phi,attn_nocond,1000,1000002,0.0258027435864323,3.7514366860000883
cosine_phi,attn_nocond,1000,1000003,0.015717953939914108,3.7514366860000883
cosine_phi,attn_nocond,1000,1000004,0.01234690255266635,3.7514366860000883
cosine_phi,attn_nocond,1000,1000005,0.019619786049922705,3.7514366860000883
cosine_phi,attn_nocond,1000,1000006,0.026991096068748357,3.7514366860000883
cosine_phi,attn_nocond,1000,1000007,0.018295833342492695,3.7514366860000883
cosine_phi,attn_nocond,1000,1000008,0.010288897382932233,3.7514366860000883
cosine_phi,attn_nocond,1000,1000009,0.015041444112417712,3.7514366860000883
cosine_phi,attn_nocond,1000,1000010,0.01823117115152762,3.7514366860000883
cosine_phi,attn_nocond,1000,1000011,0.03234014120423547,3.7514366860000883
cosine_phi,attn_nocond,1000,1000012,0.023056531197431063,3.7514366860000883
cosine_phi,attn_nocond,1000,1000013,0.015884672530945308,3.7514366860000883
cosine_phi,attn_nocond,1000,1000014,0.016743258683011394,3.7514366860000883
cosine_phi,attn_nocond,1000,1000015,0.014913172843995756,3.7514366860000883
cosine_phi,attn_nocond,1000,1000016,0.01831803287530568,3.7514366860000883
cosine_phi,attn_nocond,1000,1000017,0.01750539501173341,3.7514366860000883
cosine_phi,attn_nocond,1000,1000018,0.015492460878229692,3.7514366860000883
cosine_phi,attn_nocond,1000,1000019,0.016347522666795615,3.7514366860000883
cosine_phi,attn_nocond,1000,1000020,0.013828925706217946,3.7514366860000883
cosine_phi,attn_nocond,1000,1000021,0.019790291085649295,3.7514366860000883
cosine_phi,attn_nocond,1000,1000022,0.026354907495220715,3.7514366860000883
cosine_phi,attn_nocond,1000,1000023,0.011198746081919128,3.7514366860000883
cosine_phi,attn_nocond,1000,1000024,0.01582277802873716,3.7514366860000883
cosine_phi,attn_nocond,1000,1000025,0.01914298096888779,3.7514366860000883
cosine_phi,attn_nocond,1000,1000026,0.018505937095014562,3.7514366860000883
cosine_phi,attn_nocond,1000,1000027,0.012724277727089558,3.7514366860000883
cosine_phi,attn_nocond,1000,1000028,0.016328331326575823,3.7514366860000883
cosine_phi,attn_nocond,1000,1000029,0.01264815871219296,3.7514366860000883
cosine_phi,attn_nocond,1000,1000030,0.016371436693130927,3.7514366860000883
cosine_phi,attn_nocond,1000,1000031,0.018326986221072587,3.7514366860000883
cosine_phi,attn_nocond,1000,1000032,0.01575456322391017,3.7514366860000883
cosine_phi,attn_nocond,1000,1000033,0.012276046470110706,3.7514366860000883
cosine_phi,attn_nocond,1000,1000034,0.012539039423968052,3.7514366860000883
cosine_phi,attn_nocond,1000,1000035,0.011732883954415116,3.7514366860000883
cosine_phi,attn_nocond,1000,1000036,0.017885029521188523,3.7514366860000883
cosine_phi,attn_nocond,1000,1000037,0.020703331065561822,3.7514366860000883
cosine_phi,attn_nocond,1000,1000038,0.02988709366894128,3.7514366860000883
cosine_phi,attn_nocond,1000,1000039,0.023399504358508044,3.7514366860000883
cosine_phi,attn_nocond,1000,1000040,0.022385955290640858,3.7514366860000883
cosine_phi,attn_nocond,1000,1000041,0.014225788824225438,3.7514366860000883
cosine_phi,attn_nocond,1000,1000042,0.015723401218359516,3.7514366860000883
cosine_phi,attn_nocond,1000,1000043,0.028498467042956305,3.7514366860000883
cosine_phi,attn_nocond,1000,1000044,0.014021374738161051,3.7514366860000883
cosine_phi,attn_nocond,1000,1000045,0.022748984406495473,3.7514366860000883
cosine_phi,attn_nocond,1000,1000046,0.019641249558010956,3.7514366860000883
cosine_phi,attn_nocond,1000,1000047,0.017320542608939227,3.7514366860000883
cosine_phi,attn_nocond,1000,1000048,0.02323385420875258,3.7514366860000883
cosine_phi,attn_nocond,1000,1000049,0.04998584882375321,3.7514366860000883
